{
"type": "FeatureCollection",
"name": "barangay",
"crs": { "type": "name", "properties": { "name": "urn:ogc:def:crs:OGC:1.3:CRS84" } },
"features": [
{ "type": "Feature", "properties": { "OBJECTID_1": 1, "BRGY": "San Luis", "AREA_HA": 300.56214065500001, "Shape_Leng": 11296.7093116, "Shape_Area": 3005621.40655, "pop2007": 2504, "popden": 8.3310559159200004, "popden2": 8 }, "geometry": { "type": "MultiPolygon", "coordinates": [ [ [ [ 121.196483408732504, 14.029199433177306, 0.0 ], [ 121.196603642254516, 14.028927362272942, 0.0 ], [ 121.196969222232468, 14.028605938592522, 0.0 ], [ 121.197406176686314, 14.028025321157612, 0.0 ], [ 121.197798732024239, 14.02761026414562, 0.0 ], [ 121.198055723224158, 14.027189931983495, 0.0 ], [ 121.198207555332814, 14.026792081997248, 0.0 ], [ 121.198231790438754, 14.026489440150705, 0.0 ], [ 121.198308114290043, 14.026238366968725, 0.0 ], [ 121.198652179001897, 14.025822322497646, 0.0 ], [ 121.19886856704521, 14.025559496431459, 0.0 ], [ 121.19904629088667, 14.025206814654485, 0.0 ], [ 121.19899035321545, 14.02484119255036, 0.0 ], [ 121.199047076443534, 14.024356405673716, 0.0 ], [ 121.199177423957067, 14.023934108898445, 0.0 ], [ 121.199254835882513, 14.023511417299565, 0.0 ], [ 121.199383491729606, 14.023305902591503, 0.0 ], [ 121.199321420262876, 14.02311961630358, 0.0 ], [ 121.199260072011128, 14.022840423556257, 0.0 ], [ 121.199136895278983, 14.02234397509306, 0.0 ], [ 121.198998199966866, 14.021801381839323, 0.0 ], [ 121.198970019684424, 14.021753441935083, 0.0 ], [ 121.198921971883905, 14.02163773507352, 0.0 ], [ 121.198947438618006, 14.021510644131544, 0.0 ], [ 121.198984925725341, 14.021411483977415, 0.0 ], [ 121.199071608933821, 14.021280870800325, 0.0 ], [ 121.19910576155992, 14.021086225275344, 0.0 ], [ 121.199172639052108, 14.020879891258691, 0.0 ], [ 121.199177383603342, 14.02066438430543, 0.0 ], [ 121.199293383454773, 14.020308566510364, 0.0 ], [ 121.199393290456712, 14.019782780682995, 0.0 ], [ 121.199624425909661, 14.019181539333646, 0.0 ], [ 121.199723601926536, 14.018749164854031, 0.0 ], [ 121.19977817343532, 14.018452336956793, 0.0 ], [ 121.199807413137506, 14.018053411542043, 0.0 ], [ 121.199956854089152, 14.017876182075785, 0.0 ], [ 121.200111659463715, 14.01783281724629, 0.0 ], [ 121.200364923126202, 14.017738606273589, 0.0 ], [ 121.20048791501776, 14.01776354404269, 0.0 ], [ 121.200684812242471, 14.017789029999779, 0.0 ], [ 121.20088819708424, 14.017772523069674, 0.0 ], [ 121.201085609165901, 14.017731949624263, 0.0 ], [ 121.201327117771925, 14.017565580723105, 0.0 ], [ 121.201476708929306, 14.0173384707943, 0.0 ], [ 121.201657142436162, 14.017105584051572, 0.0 ], [ 121.201837013335762, 14.016944763416165, 0.0 ], [ 121.201924734958652, 14.016753228037169, 0.0 ], [ 121.201871081490935, 14.016524609538182, 0.0 ], [ 121.201985116818591, 14.016384032066602, 0.0 ], [ 121.202202875048087, 14.016103375173833, 0.0 ], [ 121.202440045639079, 14.015702745820153, 0.0 ], [ 121.202589120087396, 14.015541695852153, 0.0 ], [ 121.202737400567045, 14.015482738098614, 0.0 ], [ 121.202940643196257, 14.015484246218733, 0.0 ], [ 121.203260953123291, 14.015480323206567, 0.0 ], [ 121.20321308351663, 14.015299793584679, 0.0 ], [ 121.20322157910762, 14.014999565780338, 0.0 ], [ 121.203273373143929, 14.014675636257133, 0.0 ], [ 121.203379988926173, 14.014430188700866, 0.0 ], [ 121.203708930107638, 14.01410831367766, 0.0 ], [ 121.203963917657134, 14.013791896387444, 0.0 ], [ 121.204317556738431, 14.013463397862846, 0.0 ], [ 121.204730314596873, 14.013015036947404, 0.0 ], [ 121.204848395456096, 14.012497761530213, 0.0 ], [ 121.204816274996105, 14.012314337371649, 0.0 ], [ 121.204971749540533, 14.012165016277697, 0.0 ], [ 121.205395379273796, 14.012043850265947, 0.0 ], [ 121.205866277010514, 14.01188377979601, 0.0 ], [ 121.206196844719102, 14.011650703483191, 0.0 ], [ 121.206420678319432, 14.01133832895157, 0.0 ], [ 121.206652540597105, 14.010855911543976, 0.0 ], [ 121.206890359693517, 14.010470369006653, 0.0 ], [ 121.206844667119952, 14.010306472276804, 0.0 ], [ 121.206828603223201, 14.009782965655727, 0.0 ], [ 121.206991698283588, 14.009515937090466, 0.0 ], [ 121.20730884416713, 14.00928275938621, 0.0 ], [ 121.207585380716296, 14.009095077162097, 0.0 ], [ 121.208183332124747, 14.00898828014205, 0.0 ], [ 121.208727512993519, 14.008894168373898, 0.0 ], [ 121.209185389225695, 14.008681655143745, 0.0 ], [ 121.209503721883465, 14.008139456725722, 0.0 ], [ 121.209721759524555, 14.007729798002073, 0.0 ], [ 121.209990822485139, 14.007224268069029, 0.0 ], [ 121.210358340017976, 14.006546724860202, 0.0 ], [ 121.210915829927671, 14.005897089974249, 0.0 ], [ 121.212092893270125, 14.00476612527684, 0.0 ], [ 121.212457666829252, 14.004441938175185, 0.0 ], [ 121.212841783234623, 14.003958876429783, 0.0 ], [ 121.213090122077134, 14.003465976479166, 0.0 ], [ 121.213509503842957, 14.003106852201046, 0.0 ], [ 121.213912544380804, 14.002517909925977, 0.0 ], [ 121.214149637383116, 14.002307629367685, 0.0 ], [ 121.214289907674541, 14.002147685650616, 0.0 ], [ 121.214620825729668, 14.002167119145632, 0.0 ], [ 121.214847685737098, 14.002123463319556, 0.0 ], [ 121.215330919552983, 14.001974045686252, 0.0 ], [ 121.215809443028348, 14.001682942969051, 0.0 ], [ 121.21622979675729, 14.001402744837293, 0.0 ], [ 121.216556921896554, 14.001161522513161, 0.0 ], [ 121.216936402207722, 14.000741870890812, 0.0 ], [ 121.217228848956225, 14.000477728630486, 0.0 ], [ 121.217223302386301, 14.000443693086405, 0.0 ], [ 121.215603015117523, 13.998913331703163, 0.0 ], [ 121.216229827487297, 13.998221045805698, 0.0 ], [ 121.216069049804119, 13.997981453284412, 0.0 ], [ 121.216133986985881, 13.997845951145946, 0.0 ], [ 121.21614717246436, 13.997642077866333, 0.0 ], [ 121.216095474770228, 13.99756804120028, 0.0 ], [ 121.215973249916459, 13.997601136719558, 0.0 ], [ 121.215868182240357, 13.997668353155166, 0.0 ], [ 121.215763163769239, 13.997729905767152, 0.0 ], [ 121.215623643972208, 13.997745876011367, 0.0 ], [ 121.215449322360527, 13.997755924107071, 0.0 ], [ 121.21535639661613, 13.997755240189672, 0.0 ], [ 121.215290303411606, 13.997813227961794, 0.0 ], [ 121.214715343647924, 13.998418089552864, 0.0 ], [ 121.213722030181813, 13.99868883838923, 0.0 ], [ 121.213069691004705, 13.998763479372693, 0.0 ], [ 121.212336091332006, 13.998811036242849, 0.0 ], [ 121.211329812471931, 13.999002232348733, 0.0 ], [ 121.210580687384166, 13.999301251164006, 0.0 ], [ 121.210021749885129, 13.999588430978923, 0.0 ], [ 121.209572559897211, 13.999730767036278, 0.0 ], [ 121.209256376128607, 14.000231595360759, 0.0 ], [ 121.208671100366274, 14.000412647213725, 0.0 ], [ 121.207744842361208, 14.000789794984165, 0.0 ], [ 121.206683014707991, 14.001138788624093, 0.0 ], [ 121.205850150391839, 14.001728476866216, 0.0 ], [ 121.20530087297179, 14.002518878355263, 0.0 ], [ 121.205037856293117, 14.003165745696524, 0.0 ], [ 121.204980253904054, 14.003589034917812, 0.0 ], [ 121.204770965335243, 14.004311109629118, 0.0 ], [ 121.204467005834132, 14.004984154763957, 0.0 ], [ 121.203784508017321, 14.005442536716501, 0.0 ], [ 121.203200554389511, 14.005451448660095, 0.0 ], [ 121.20271283509156, 14.005972178935389, 0.0 ], [ 121.201988360703695, 14.006589136563065, 0.0 ], [ 121.20157957750817, 14.006771479071595, 0.0 ], [ 121.201318092648862, 14.007219735428212, 0.0 ], [ 121.201200750545979, 14.007458123599298, 0.0 ], [ 121.201163302116754, 14.007752656592785, 0.0 ], [ 121.200986363819126, 14.007902176607759, 0.0 ], [ 121.200935975790813, 14.008052636076579, 0.0 ], [ 121.201031894591836, 14.008375583939442, 0.0 ], [ 121.200981505524311, 14.008526043396477, 0.0 ], [ 121.200678390359244, 14.008626633795773, 0.0 ], [ 121.200437238917686, 14.008895985169929, 0.0 ], [ 121.200243246751739, 14.009429317313264, 0.0 ], [ 121.200142682443442, 14.009702813416835, 0.0 ], [ 121.200007712342625, 14.009880068979056, 0.0 ], [ 121.199486805893898, 14.009958470924245, 0.0 ], [ 121.199133352001624, 14.010202662218557, 0.0 ], [ 121.198816492474279, 14.010262011556989, 0.0 ], [ 121.198454507501552, 14.010033069662514, 0.0 ], [ 121.198030209904587, 14.010345293345202, 0.0 ], [ 121.197373902709799, 14.010655789986039, 0.0 ], [ 121.196942465817415, 14.010981670690814, 0.0 ], [ 121.196419254609381, 14.011354859598837, 0.0 ], [ 121.196100829348296, 14.012066190896054, 0.0 ], [ 121.195807752606342, 14.012681053249251, 0.0 ], [ 121.195556321235131, 14.01336478611079, 0.0 ], [ 121.195455320734752, 14.013693123696948, 0.0 ], [ 121.194966963356109, 14.014433521477121, 0.0 ], [ 121.194884489996355, 14.015090086998763, 0.0 ], [ 121.194426132290786, 14.015776170931794, 0.0 ], [ 121.193792941666516, 14.016213160740067, 0.0 ], [ 121.193302867531045, 14.01671585733161, 0.0 ], [ 121.192685331521432, 14.017103912608457, 0.0 ], [ 121.192459140258109, 14.017770177768996, 0.0 ], [ 121.192510500337121, 14.018266138852425, 0.0 ], [ 121.192516740317473, 14.018880271866045, 0.0 ], [ 121.192369909555282, 14.019288566098414, 0.0 ], [ 121.192464702582669, 14.019881812836863, 0.0 ], [ 121.19251521985629, 14.020485502226579, 0.0 ], [ 121.19249960254146, 14.021068739453325, 0.0 ], [ 121.192340792573958, 14.021595451798433, 0.0 ], [ 121.192160560405298, 14.022035816653444, 0.0 ], [ 121.191758518417771, 14.022582259141988, 0.0 ], [ 121.191557031889175, 14.022914729984981, 0.0 ], [ 121.191322822083876, 14.02319308927418, 0.0 ], [ 121.190702847998651, 14.023350057557089, 0.0 ], [ 121.190149080316147, 14.023518293243798, 0.0 ], [ 121.189860724480511, 14.023656191114803, 0.0 ], [ 121.189881047324135, 14.023882585174244, 0.0 ], [ 121.189989756677903, 14.024109640168327, 0.0 ], [ 121.190079836560329, 14.024517520774182, 0.0 ], [ 121.190074935259688, 14.02514234271854, 0.0 ], [ 121.189849234931685, 14.025743966126946, 0.0 ], [ 121.189371953302057, 14.026020503920204, 0.0 ], [ 121.189094304886751, 14.026201575030246, 0.0 ], [ 121.188914569531775, 14.026577300018664, 0.0 ], [ 121.188888328600399, 14.027105000573989, 0.0 ], [ 121.188840497932418, 14.027567898710526, 0.0 ], [ 121.188761719775712, 14.027750457450798, 0.0 ], [ 121.188605526141444, 14.027942106328966, 0.0 ], [ 121.188785395570036, 14.028314809593818, 0.0 ], [ 121.188979165442177, 14.028299538812576, 0.0 ], [ 121.189248829493366, 14.028340079895818, 0.0 ], [ 121.18970276036697, 14.028394840277615, 0.0 ], [ 121.189997151000995, 14.028641024908911, 0.0 ], [ 121.190153569279175, 14.02884765332408, 0.0 ], [ 121.190331179334336, 14.028951710900957, 0.0 ], [ 121.191037048616764, 14.027948957419621, 0.0 ], [ 121.191693791661862, 14.02817216549202, 0.0 ], [ 121.191619169760159, 14.02845121707753, 0.0 ], [ 121.192852440888203, 14.029051123421178, 0.0 ], [ 121.193429571317964, 14.029350780005693, 0.0 ], [ 121.194373984627347, 14.029839372779154, 0.0 ], [ 121.194821836424225, 14.02898877588771, 0.0 ], [ 121.195018861766883, 14.029055728041193, 0.0 ], [ 121.194814239054551, 14.029959505278599, 0.0 ], [ 121.195023590337087, 14.030134422432262, 0.0 ], [ 121.194964481434766, 14.030955817270904, 0.0 ], [ 121.195174135117213, 14.031092213436315, 0.0 ], [ 121.195600329813615, 14.031326533443385, 0.0 ], [ 121.195624033144171, 14.03126472184872, 0.0 ], [ 121.195668748296697, 14.031184456970003, 0.0 ], [ 121.195753404761433, 14.030929598061251, 0.0 ], [ 121.195855158636917, 14.030602589435992, 0.0 ], [ 121.196033891111355, 14.030297648647093, 0.0 ], [ 121.1963123159926, 14.02992897067379, 0.0 ], [ 121.196424044709801, 14.029518873549677, 0.0 ], [ 121.196483408732504, 14.029199433177306, 0.0 ] ] ] ] } },
{ "type": "Feature", "properties": { "OBJECTID_1": 2, "BRGY": "San Fernando", "AREA_HA": 201.17159018000001, "Shape_Leng": 9576.4846978599999, "Shape_Area": 2011715.9018000001, "pop2007": 1944, "popden": 9.6633923222300009, "popden2": 10 }, "geometry": { "type": "MultiPolygon", "coordinates": [ [ [ [ 121.203500260310733, 14.040591551975057, 0.0 ], [ 121.20419350786787, 14.039228360465124, 0.0 ], [ 121.205022503930422, 14.039645018343949, 0.0 ], [ 121.20510757998062, 14.039527059229966, 0.0 ], [ 121.205880959003906, 14.039915270390757, 0.0 ], [ 121.205929913620665, 14.039632844031681, 0.0 ], [ 121.206026616342825, 14.039223058287211, 0.0 ], [ 121.206348789862872, 14.038678110174892, 0.0 ], [ 121.206593747066833, 14.038442748194123, 0.0 ], [ 121.206642771262622, 14.03815119912378, 0.0 ], [ 121.206618478499777, 14.037667538600321, 0.0 ], [ 121.206481346852058, 14.037265139445696, 0.0 ], [ 121.210681246815184, 14.039503847539727, 0.0 ], [ 121.210856580091232, 14.039568972879145, 0.0 ], [ 121.210961207796046, 14.038059159645448, 0.0 ], [ 121.210398737233575, 14.037324656104099, 0.0 ], [ 121.210855673026174, 14.036154096086291, 0.0 ], [ 121.21085324024061, 14.035606319421147, 0.0 ], [ 121.211013296288954, 14.034792383826145, 0.0 ], [ 121.211015320054088, 14.034531561675394, 0.0 ], [ 121.21118854648843, 14.034604572714409, 0.0 ], [ 121.21161450723622, 14.033979740425517, 0.0 ], [ 121.211920241065712, 14.033342947849318, 0.0 ], [ 121.211300556829244, 14.033090570443626, 0.0 ], [ 121.21160532917601, 14.032577668337463, 0.0 ], [ 121.211680874452441, 14.032317392248579, 0.0 ], [ 121.211683181359888, 14.030295911215152, 0.0 ], [ 121.211978312624552, 14.030318095207504, 0.0 ], [ 121.212284191571769, 14.029563371071415, 0.0 ], [ 121.212057299301122, 14.029470858330138, 0.0 ], [ 121.212374852274777, 14.028544638337967, 0.0 ], [ 121.211508292316239, 14.028224975873787, 0.0 ], [ 121.211807969330991, 14.026935272792175, 0.0 ], [ 121.21347776550806, 14.027734868770063, 0.0 ], [ 121.214369847640157, 14.026094295509369, 0.0 ], [ 121.213164951886114, 14.025378885485408, 0.0 ], [ 121.214339756049853, 14.023298281412945, 0.0 ], [ 121.216679946947096, 14.024456054320536, 0.0 ], [ 121.216951720942845, 14.024094703769439, 0.0 ], [ 121.217290688323033, 14.024410089374102, 0.0 ], [ 121.217616035271845, 14.025149284517845, 0.0 ], [ 121.218034744659505, 14.024516498419052, 0.0 ], [ 121.218467282448515, 14.02477201217321, 0.0 ], [ 121.218634594079361, 14.024541100112517, 0.0 ], [ 121.218861552379494, 14.024624777704767, 0.0 ], [ 121.219406188662802, 14.023760775346927, 0.0 ], [ 121.219315886629033, 14.023396757974265, 0.0 ], [ 121.219471915955026, 14.023286878924576, 0.0 ], [ 121.219669251722053, 14.023187399929535, 0.0 ], [ 121.220117714872103, 14.022719589429387, 0.0 ], [ 121.220709549099936, 14.022441332519302, 0.0 ], [ 121.221176547437182, 14.022252994455956, 0.0 ], [ 121.221427469377957, 14.021911670985052, 0.0 ], [ 121.22162907503521, 14.021257095229108, 0.0 ], [ 121.221382510750246, 14.021033233844276, 0.0 ], [ 121.220154513816354, 14.020630578695394, 0.0 ], [ 121.219689624902117, 14.020546414973008, 0.0 ], [ 121.218637804270799, 14.020104675200882, 0.0 ], [ 121.218628588744039, 14.02009944668646, 0.0 ], [ 121.218248925977903, 14.019906806670777, 0.0 ], [ 121.218194337917723, 14.019361764523021, 0.0 ], [ 121.217981168412834, 14.018414241749294, 0.0 ], [ 121.21769196501856, 14.017795810422806, 0.0 ], [ 121.217458678186034, 14.017550438141035, 0.0 ], [ 121.216938600663141, 14.018277573755611, 0.0 ], [ 121.216743098273611, 14.018849439202954, 0.0 ], [ 121.216624073397057, 14.019034886800679, 0.0 ], [ 121.216240594654323, 14.019204053813734, 0.0 ], [ 121.215726160244728, 14.019200263573664, 0.0 ], [ 121.215072129774967, 14.020141395884259, 0.0 ], [ 121.213755728288632, 14.019300396419256, 0.0 ], [ 121.212907566958364, 14.01873516647915, 0.0 ], [ 121.211267049456467, 14.017992091090258, 0.0 ], [ 121.209417928675251, 14.021403910755707, 0.0 ], [ 121.207924388332884, 14.020661899811596, 0.0 ], [ 121.206996809336331, 14.022752590812713, 0.0 ], [ 121.206658414757158, 14.022793082364359, 0.0 ], [ 121.206106557982224, 14.023820937206599, 0.0 ], [ 121.207350587362527, 14.024515946707218, 0.0 ], [ 121.206587457256987, 14.026136171343552, 0.0 ], [ 121.206229032996362, 14.026932901771037, 0.0 ], [ 121.206093133781351, 14.027227963819408, 0.0 ], [ 121.205700343609919, 14.027757976456527, 0.0 ], [ 121.20550939230597, 14.02810384797723, 0.0 ], [ 121.205435138340448, 14.028280938521172, 0.0 ], [ 121.205458507161268, 14.028399538968259, 0.0 ], [ 121.205110985751972, 14.028574603639557, 0.0 ], [ 121.204855752012307, 14.028596396153738, 0.0 ], [ 121.204730566813438, 14.029075098447805, 0.0 ], [ 121.204540429707521, 14.029893500199243, 0.0 ], [ 121.204391182099272, 14.030342417021288, 0.0 ], [ 121.204300494241323, 14.031070073194154, 0.0 ], [ 121.20410146597159, 14.032452418111752, 0.0 ], [ 121.204011097443725, 14.033138626372192, 0.0 ], [ 121.203786686161237, 14.034660231238066, 0.0 ], [ 121.203558605799344, 14.036652260551671, 0.0 ], [ 121.203505315468234, 14.037255844674725, 0.0 ], [ 121.203272422223478, 14.039084997619357, 0.0 ], [ 121.203161198112198, 14.040108568167279, 0.0 ], [ 121.203131749955688, 14.040458596841694, 0.0 ], [ 121.203500260310733, 14.040591551975057, 0.0 ] ] ] ] } },
{ "type": "Feature", "properties": { "OBJECTID_1": 4, "BRGY": "San Francisco", "AREA_HA": 253.456443089, "Shape_Leng": 8932.5577406100001, "Shape_Area": 2534564.43089, "pop2007": 2190, "popden": 8.6405378900900001, "popden2": 9 }, "geometry": { "type": "MultiPolygon", "coordinates": [ [ [ [ 121.192258874532328, 14.051673039227422, 0.0 ], [ 121.191308024842442, 14.051229792067838, 0.0 ], [ 121.19154205634203, 14.050543424341251, 0.0 ], [ 121.191730313517141, 14.050622368346618, 0.0 ], [ 121.192346637941995, 14.049357351207505, 0.0 ], [ 121.191762749768273, 14.049023460547433, 0.0 ], [ 121.191925319313597, 14.048903540260582, 0.0 ], [ 121.192346080276906, 14.048489939849395, 0.0 ], [ 121.192368166896443, 14.048209041952957, 0.0 ], [ 121.19240952495575, 14.048005823360496, 0.0 ], [ 121.192529415992098, 14.047929185747332, 0.0 ], [ 121.192939018028468, 14.047670569096649, 0.0 ], [ 121.192871564765852, 14.047398693798703, 0.0 ], [ 121.192773304711508, 14.047252581826045, 0.0 ], [ 121.192595901667758, 14.047057418619055, 0.0 ], [ 121.192597346429892, 14.046873285031232, 0.0 ], [ 121.192658887917943, 14.046631449202946, 0.0 ], [ 121.192919080252679, 14.046410483091657, 0.0 ], [ 121.193061207534711, 14.046033563616971, 0.0 ], [ 121.193053016436139, 14.045810590779293, 0.0 ], [ 121.193046039687601, 14.045432557481879, 0.0 ], [ 121.19329788680389, 14.04500799939934, 0.0 ], [ 121.19364827832753, 14.044693225927563, 0.0 ], [ 121.194267601453092, 14.04431017940049, 0.0 ], [ 121.194518229906976, 14.04404068017964, 0.0 ], [ 121.194599723880458, 14.043789301161574, 0.0 ], [ 121.194485456324756, 14.04314878640313, 0.0 ], [ 121.194302823618401, 14.042352692276403, 0.0 ], [ 121.194131270281929, 14.041411302540608, 0.0 ], [ 121.19420375808312, 14.041040659866022, 0.0 ], [ 121.194395425949821, 14.040683493326167, 0.0 ], [ 121.194656293598641, 14.040375301781349, 0.0 ], [ 121.19493749433606, 14.040009111744839, 0.0 ], [ 121.195069445400463, 14.039661189991675, 0.0 ], [ 121.195401937517531, 14.039091852793169, 0.0 ], [ 121.195524098876859, 14.038724474866916, 0.0 ], [ 121.195498907680872, 14.03813308445671, 0.0 ], [ 121.195215836272482, 14.037469031790991, 0.0 ], [ 121.195088515916666, 14.037225786049802, 0.0 ], [ 121.195099897636851, 14.037041725335895, 0.0 ], [ 121.195111506948535, 14.03682859135081, 0.0 ], [ 121.194974171127086, 14.03659496220229, 0.0 ], [ 121.194916809639935, 14.036303779052647, 0.0 ], [ 121.194909979909042, 14.035906362718483, 0.0 ], [ 121.195051488445912, 14.035606971418053, 0.0 ], [ 121.195202632110991, 14.03534641910756, 0.0 ], [ 121.195234500177818, 14.035084977643534, 0.0 ], [ 121.195021752124973, 14.034326465822723, 0.0 ], [ 121.194944359323216, 14.03405451592975, 0.0 ], [ 121.194986924893286, 14.033696236238248, 0.0 ], [ 121.195048382828233, 14.033464089618908, 0.0 ], [ 121.195160602642261, 14.033096637276593, 0.0 ], [ 121.195248369907034, 14.03288048240311, 0.0 ], [ 121.195282227211493, 14.032797097203407, 0.0 ], [ 121.195274563737115, 14.032506284853001, 0.0 ], [ 121.195277825070633, 14.032089560017429, 0.0 ], [ 121.195389435047218, 14.031799636445514, 0.0 ], [ 121.195552327600325, 14.031570158558006, 0.0 ], [ 121.195600329813615, 14.031326533443385, 0.0 ], [ 121.195174135117213, 14.031092213436315, 0.0 ], [ 121.194964481434766, 14.030955817270904, 0.0 ], [ 121.195023590337087, 14.030134422432262, 0.0 ], [ 121.194814239054551, 14.029959505278599, 0.0 ], [ 121.195018861766883, 14.029055728041193, 0.0 ], [ 121.194821836424225, 14.02898877588771, 0.0 ], [ 121.194373984627347, 14.029839372779154, 0.0 ], [ 121.193429571317964, 14.029350780005693, 0.0 ], [ 121.192852440888203, 14.029051123421178, 0.0 ], [ 121.191619169760159, 14.02845121707753, 0.0 ], [ 121.191693791661862, 14.02817216549202, 0.0 ], [ 121.191037048616764, 14.027948957419621, 0.0 ], [ 121.190331179334336, 14.028951710900957, 0.0 ], [ 121.190153569279175, 14.02884765332408, 0.0 ], [ 121.189997151000995, 14.028641024908911, 0.0 ], [ 121.18970276036697, 14.028394840277615, 0.0 ], [ 121.189248829493366, 14.028340079895818, 0.0 ], [ 121.188979165442177, 14.028299538812576, 0.0 ], [ 121.188785395570036, 14.028314809593818, 0.0 ], [ 121.18860458629851, 14.028660751589769, 0.0 ], [ 121.188612262885115, 14.02881709223252, 0.0 ], [ 121.188583232404028, 14.029112076773075, 0.0 ], [ 121.188447996615395, 14.029324210315645, 0.0 ], [ 121.188275611421702, 14.029730992040216, 0.0 ], [ 121.188184386940719, 14.030008145365114, 0.0 ], [ 121.18820843957684, 14.030346938921255, 0.0 ], [ 121.188186879722664, 14.030824309552917, 0.0 ], [ 121.188077028238922, 14.031205511101716, 0.0 ], [ 121.187851624617863, 14.031559801704438, 0.0 ], [ 121.187646144170643, 14.031645085875461, 0.0 ], [ 121.187341662587798, 14.031863764751021, 0.0 ], [ 121.187001253215399, 14.032121685741179, 0.0 ], [ 121.186445569085734, 14.032577687094342, 0.0 ], [ 121.186041665352008, 14.032982730737396, 0.0 ], [ 121.185886740839337, 14.033433052405531, 0.0 ], [ 121.185839760083184, 14.033745265907189, 0.0 ], [ 121.186193338921413, 14.034077847647053, 0.0 ], [ 121.186726439292201, 14.034229445534875, 0.0 ], [ 121.187516060838945, 14.034600023698669, 0.0 ], [ 121.187654572523414, 14.035104639590557, 0.0 ], [ 121.187526413436743, 14.035548643056979, 0.0 ], [ 121.187522181617041, 14.036086919204781, 0.0 ], [ 121.187376433245902, 14.036502581629579, 0.0 ], [ 121.187229388015439, 14.037083199840882, 0.0 ], [ 121.187303997850549, 14.037787031558805, 0.0 ], [ 121.187352852130473, 14.03836911709722, 0.0 ], [ 121.187171875614624, 14.038734583514639, 0.0 ], [ 121.186893376356153, 14.03904506146681, 0.0 ], [ 121.186587890502835, 14.039390065561996, 0.0 ], [ 121.18620679251535, 14.040290174720372, 0.0 ], [ 121.185874725945212, 14.040617613727942, 0.0 ], [ 121.185381760072119, 14.041021986077162, 0.0 ], [ 121.185190451063988, 14.041434259440333, 0.0 ], [ 121.185001470914912, 14.041684629472446, 0.0 ], [ 121.184847424557816, 14.042022085622007, 0.0 ], [ 121.184818385511022, 14.042317068625115, 0.0 ], [ 121.184780372710847, 14.042620666004222, 0.0 ], [ 121.184867641452485, 14.042847062642885, 0.0 ], [ 121.184883125744818, 14.043142379005724, 0.0 ], [ 121.184765996781294, 14.043315147632455, 0.0 ], [ 121.184541806510794, 14.043513158424441, 0.0 ], [ 121.184273091293747, 14.043710834545051, 0.0 ], [ 121.184254186959208, 14.043849609884253, 0.0 ], [ 121.184154134098222, 14.04411806365537, 0.0 ], [ 121.183981155597166, 14.044284136354001, 0.0 ], [ 121.183625800609562, 14.044527601719896, 0.0 ], [ 121.183022177601998, 14.044880196167195, 0.0 ], [ 121.182727251326554, 14.045143805871534, 0.0 ], [ 121.182538698349589, 14.045363909611176, 0.0 ], [ 121.18229996739278, 14.045544255205025, 0.0 ], [ 121.181884682303973, 14.045703580925361, 0.0 ], [ 121.18146951513819, 14.045848138910918, 0.0 ], [ 121.180865634985025, 14.046232487824989, 0.0 ], [ 121.180249871505282, 14.04654922743153, 0.0 ], [ 121.180272810358716, 14.046635346380407, 0.0 ], [ 121.180234746314838, 14.046755827935307, 0.0 ], [ 121.180229700977776, 14.046872532630019, 0.0 ], [ 121.180193459913639, 14.047023220605638, 0.0 ], [ 121.180184673008256, 14.047091589870131, 0.0 ], [ 121.1801056308733, 14.047179558306533, 0.0 ], [ 121.180059733780482, 14.047247648125008, 0.0 ], [ 121.180017737163908, 14.047343947283593, 0.0 ], [ 121.179942690799265, 14.047448047549786, 0.0 ], [ 121.17983437102977, 14.047588128987474, 0.0 ], [ 121.179606061527437, 14.047779638392974, 0.0 ], [ 121.179448579844788, 14.047879092980567, 0.0 ], [ 121.179307973414438, 14.047930366447865, 0.0 ], [ 121.179209076714002, 14.047921570487134, 0.0 ], [ 121.179048203578418, 14.047928409334519, 0.0 ], [ 121.178956885807978, 14.048004208461951, 0.0 ], [ 121.178811774135539, 14.048103754887366, 0.0 ], [ 121.178764949227855, 14.048137490924157, 0.0 ], [ 121.179463910019734, 14.048440331519853, 0.0 ], [ 121.180805904292981, 14.049085699790393, 0.0 ], [ 121.181856429090161, 14.049557560792371, 0.0 ], [ 121.181996705569262, 14.04940872257624, 0.0 ], [ 121.183397674448472, 14.050004556651864, 0.0 ], [ 121.183218991327777, 14.050381516070477, 0.0 ], [ 121.184297163601357, 14.050875689326116, 0.0 ], [ 121.184953843297748, 14.051158996167153, 0.0 ], [ 121.185698148574474, 14.051471511783221, 0.0 ], [ 121.185170617975544, 14.052451128483206, 0.0 ], [ 121.186105889836995, 14.052686561277673, 0.0 ], [ 121.186269534780678, 14.052359451486364, 0.0 ], [ 121.186445797935733, 14.052289396263966, 0.0 ], [ 121.186658102695205, 14.052290989745849, 0.0 ], [ 121.186928301009104, 14.052378671149066, 0.0 ], [ 121.187096062259087, 14.052458445553853, 0.0 ], [ 121.187279589890778, 14.052395582318924, 0.0 ], [ 121.187456750863504, 14.052211328750481, 0.0 ], [ 121.187626647894277, 14.052019883324959, 0.0 ], [ 121.187737584527156, 14.051877958672232, 0.0 ], [ 121.187885293243554, 14.051714897216074, 0.0 ], [ 121.188039929349102, 14.051601852561385, 0.0 ], [ 121.188069998574647, 14.051502149018457, 0.0 ], [ 121.189225670362973, 14.052067561149705, 0.0 ], [ 121.189999270844552, 14.052380283111388, 0.0 ], [ 121.190903471151799, 14.052843874961642, 0.0 ], [ 121.192057818605704, 14.053358184760866, 0.0 ], [ 121.192336240286295, 14.053214610793397, 0.0 ], [ 121.192735836840285, 14.052965613045176, 0.0 ], [ 121.192937382762764, 14.052618215476835, 0.0 ], [ 121.191966266944362, 14.052223277228048, 0.0 ], [ 121.192258874532328, 14.051673039227422, 0.0 ] ] ] ] } },
{ "type": "Feature", "properties": { "OBJECTID_1": 5, "BRGY": "San Joaquin", "AREA_HA": 499.52969252700001, "Shape_Leng": 13016.9925853, "Shape_Area": 4995296.9252699995, "pop2007": 3464, "popden": 6.93452271571, "popden2": 7 }, "geometry": { "type": "MultiPolygon", "coordinates": [ [ [ [ 121.200050041242903, 14.062865539761406, 0.0 ], [ 121.200497122260316, 14.062021954184827, 0.0 ], [ 121.201252144013864, 14.062480860626765, 0.0 ], [ 121.201613202612592, 14.061684345472422, 0.0 ], [ 121.201789524093698, 14.061041522954532, 0.0 ], [ 121.202150902229334, 14.060078010515079, 0.0 ], [ 121.20309730022143, 14.061098972084801, 0.0 ], [ 121.203434533431746, 14.060218776217965, 0.0 ], [ 121.204679135231004, 14.060657456411402, 0.0 ], [ 121.204984355490836, 14.060743225134722, 0.0 ], [ 121.205377081720698, 14.060591073811077, 0.0 ], [ 121.205612146537817, 14.060258823444405, 0.0 ], [ 121.205739703009485, 14.059591778604164, 0.0 ], [ 121.205265430392856, 14.059218471549567, 0.0 ], [ 121.204364430458966, 14.058651137216211, 0.0 ], [ 121.204965084370883, 14.057011236448437, 0.0 ], [ 121.207239057950176, 14.057278148354488, 0.0 ], [ 121.209470057062745, 14.057575975001097, 0.0 ], [ 121.209870950992681, 14.057664588539414, 0.0 ], [ 121.210033838921262, 14.057257946768379, 0.0 ], [ 121.21078567180561, 14.055445061769573, 0.0 ], [ 121.210907285747254, 14.055478989056287, 0.0 ], [ 121.21166962393508, 14.054096817920481, 0.0 ], [ 121.210448255079427, 14.053555705754974, 0.0 ], [ 121.210904973820945, 14.052290911884215, 0.0 ], [ 121.211707295248218, 14.052637711556752, 0.0 ], [ 121.212548788301817, 14.053120611423653, 0.0 ], [ 121.212963952390609, 14.052180013517352, 0.0 ], [ 121.213656594022098, 14.050789649893929, 0.0 ], [ 121.213540371654958, 14.050260593699971, 0.0 ], [ 121.213161351438671, 14.05000223244406, 0.0 ], [ 121.21266862755553, 14.049750791547899, 0.0 ], [ 121.211902456425861, 14.049419075787194, 0.0 ], [ 121.211574819279548, 14.04942969219076, 0.0 ], [ 121.211524382734638, 14.049038069446917, 0.0 ], [ 121.211037637768328, 14.048877963362328, 0.0 ], [ 121.211147069058569, 14.048559247552513, 0.0 ], [ 121.210241445196132, 14.04810911698986, 0.0 ], [ 121.210357511129132, 14.04779696982315, 0.0 ], [ 121.210825664843881, 14.046907071968739, 0.0 ], [ 121.210332600330091, 14.04670127102758, 0.0 ], [ 121.210632281869437, 14.045986186460352, 0.0 ], [ 121.210802270684979, 14.045615749023055, 0.0 ], [ 121.210176181496678, 14.045324197140204, 0.0 ], [ 121.21077426823409, 14.044057040395588, 0.0 ], [ 121.210268499670718, 14.043766377873309, 0.0 ], [ 121.21068398443856, 14.042771749417525, 0.0 ], [ 121.210719526086422, 14.041637371205603, 0.0 ], [ 121.210848292902284, 14.039688564474583, 0.0 ], [ 121.210856580091232, 14.039568972879145, 0.0 ], [ 121.210681246815184, 14.039503847539727, 0.0 ], [ 121.206481346852058, 14.037265139445696, 0.0 ], [ 121.206618478499777, 14.037667538600321, 0.0 ], [ 121.206642771262622, 14.03815119912378, 0.0 ], [ 121.206593747066833, 14.038442748194123, 0.0 ], [ 121.206348789862872, 14.038678110174892, 0.0 ], [ 121.206026616342825, 14.039223058287211, 0.0 ], [ 121.205929913620665, 14.039632844031681, 0.0 ], [ 121.205880959003906, 14.039915270390757, 0.0 ], [ 121.20510757998062, 14.039527059229966, 0.0 ], [ 121.205022503930422, 14.039645018343949, 0.0 ], [ 121.20419350786787, 14.039228360465124, 0.0 ], [ 121.203500260310733, 14.040591551975057, 0.0 ], [ 121.203131749955688, 14.040458596841694, 0.0 ], [ 121.202514250762221, 14.040205310209419, 0.0 ], [ 121.202273989747781, 14.040641705176476, 0.0 ], [ 121.201044929255815, 14.040152933537085, 0.0 ], [ 121.20059719792998, 14.03993643340843, 0.0 ], [ 121.20064262026753, 14.03985979351377, 0.0 ], [ 121.199645169238238, 14.039266154550397, 0.0 ], [ 121.199618181770674, 14.038833694696576, 0.0 ], [ 121.199571123941865, 14.038637938859022, 0.0 ], [ 121.199504969758209, 14.038554550427095, 0.0 ], [ 121.199597034653564, 14.038430887484422, 0.0 ], [ 121.199804529424711, 14.038302161218352, 0.0 ], [ 121.199872579517361, 14.038142791261331, 0.0 ], [ 121.199849952203579, 14.037929454153746, 0.0 ], [ 121.199838361111688, 14.037858311647943, 0.0 ], [ 121.199869511649226, 14.037757880829259, 0.0 ], [ 121.199767427880545, 14.037609384201227, 0.0 ], [ 121.199713326435756, 14.037537925253407, 0.0 ], [ 121.199872838498834, 14.037331864659759, 0.0 ], [ 121.199964810175899, 14.037220043199305, 0.0 ], [ 121.200026139055367, 14.037143522659857, 0.0 ], [ 121.200027757203372, 14.036936286741, 0.0 ], [ 121.200115366619556, 14.036605342347093, 0.0 ], [ 121.200256751666402, 14.036387304068896, 0.0 ], [ 121.20034412749429, 14.03608596515487, 0.0 ], [ 121.200382506386362, 14.035837552917192, 0.0 ], [ 121.200396429802893, 14.035609687215564, 0.0 ], [ 121.199542617587582, 14.035289500911102, 0.0 ], [ 121.199846009582828, 14.03454566758835, 0.0 ], [ 121.199204515991212, 14.034256667889894, 0.0 ], [ 121.198729975507732, 14.035141338194366, 0.0 ], [ 121.197254027191534, 14.034496757897294, 0.0 ], [ 121.197421232298012, 14.034083508477654, 0.0 ], [ 121.197540743856734, 14.033856946074899, 0.0 ], [ 121.195311653078278, 14.032904029199999, 0.0 ], [ 121.195248369907034, 14.03288048240311, 0.0 ], [ 121.195160602642261, 14.033096637276593, 0.0 ], [ 121.195048382828233, 14.033464089618908, 0.0 ], [ 121.194986924893286, 14.033696236238248, 0.0 ], [ 121.194944359323216, 14.03405451592975, 0.0 ], [ 121.195021752124973, 14.034326465822723, 0.0 ], [ 121.195234500177818, 14.035084977643534, 0.0 ], [ 121.195202632110991, 14.03534641910756, 0.0 ], [ 121.195051488445912, 14.035606971418053, 0.0 ], [ 121.194909979909042, 14.035906362718483, 0.0 ], [ 121.194916809639935, 14.036303779052647, 0.0 ], [ 121.194974171127086, 14.03659496220229, 0.0 ], [ 121.195111506948535, 14.03682859135081, 0.0 ], [ 121.195099897636851, 14.037041725335895, 0.0 ], [ 121.195088515916666, 14.037225786049802, 0.0 ], [ 121.195215836272482, 14.037469031790991, 0.0 ], [ 121.195498907680872, 14.03813308445671, 0.0 ], [ 121.195524098876859, 14.038724474866916, 0.0 ], [ 121.195401937517531, 14.039091852793169, 0.0 ], [ 121.195069445400463, 14.039661189991675, 0.0 ], [ 121.19493749433606, 14.040009111744839, 0.0 ], [ 121.194656293598641, 14.040375301781349, 0.0 ], [ 121.194395425949821, 14.040683493326167, 0.0 ], [ 121.19420375808312, 14.041040659866022, 0.0 ], [ 121.194131270281929, 14.041411302540608, 0.0 ], [ 121.194302823618401, 14.042352692276403, 0.0 ], [ 121.194485456324756, 14.04314878640313, 0.0 ], [ 121.194599723880458, 14.043789301161574, 0.0 ], [ 121.194518229906976, 14.04404068017964, 0.0 ], [ 121.194267601453092, 14.04431017940049, 0.0 ], [ 121.19364827832753, 14.044693225927563, 0.0 ], [ 121.19329788680389, 14.04500799939934, 0.0 ], [ 121.193046039687601, 14.045432557481879, 0.0 ], [ 121.193053016436139, 14.045810590779293, 0.0 ], [ 121.193061207534711, 14.046033563616971, 0.0 ], [ 121.192919080252679, 14.046410483091657, 0.0 ], [ 121.192658887917943, 14.046631449202946, 0.0 ], [ 121.192597346429892, 14.046873285031232, 0.0 ], [ 121.192595901667758, 14.047057418619055, 0.0 ], [ 121.192773304711508, 14.047252581826045, 0.0 ], [ 121.192871564765852, 14.047398693798703, 0.0 ], [ 121.192939018028468, 14.047670569096649, 0.0 ], [ 121.192529415992098, 14.047929185747332, 0.0 ], [ 121.19240952495575, 14.048005823360496, 0.0 ], [ 121.192368166896443, 14.048209041952957, 0.0 ], [ 121.192346080276906, 14.048489939849395, 0.0 ], [ 121.191925319313597, 14.048903540260582, 0.0 ], [ 121.191762749768273, 14.049023460547433, 0.0 ], [ 121.192346637941995, 14.049357351207505, 0.0 ], [ 121.191730313517141, 14.050622368346618, 0.0 ], [ 121.19154205634203, 14.050543424341251, 0.0 ], [ 121.191308024842442, 14.051229792067838, 0.0 ], [ 121.192258874532328, 14.051673039227422, 0.0 ], [ 121.191966266944362, 14.052223277228048, 0.0 ], [ 121.192937382762764, 14.052618215476835, 0.0 ], [ 121.192735836840285, 14.052965613045176, 0.0 ], [ 121.192336240286295, 14.053214610793397, 0.0 ], [ 121.192057818605704, 14.053358184760866, 0.0 ], [ 121.192038636021351, 14.053694781159642, 0.0 ], [ 121.191881813526521, 14.053884893485279, 0.0 ], [ 121.191733792026085, 14.05399536914693, 0.0 ], [ 121.191578284618146, 14.054018116656449, 0.0 ], [ 121.191325117413172, 14.053984340262948, 0.0 ], [ 121.191152572497572, 14.05409463102421, 0.0 ], [ 121.190929850196156, 14.054348011434788, 0.0 ], [ 121.190724141134112, 14.054517019329642, 0.0 ], [ 121.190485069149361, 14.054770276769817, 0.0 ], [ 121.190335918798041, 14.055024206651821, 0.0 ], [ 121.190128103288728, 14.055461013959963, 0.0 ], [ 121.190003037585356, 14.055770916605452, 0.0 ], [ 121.190033795532571, 14.056018223660883, 0.0 ], [ 121.190203648345289, 14.056250608410004, 0.0 ], [ 121.190249877268641, 14.056609615728824, 0.0 ], [ 121.1902140454375, 14.057007859814897, 0.0 ], [ 121.190227763491848, 14.057342712924312, 0.0 ], [ 121.190331028752979, 14.057726058205922, 0.0 ], [ 121.190508244564654, 14.05806213630712, 0.0 ], [ 121.190563212410481, 14.058349477256117, 0.0 ], [ 121.190561057200753, 14.058623613387235, 0.0 ], [ 121.190501828482937, 14.058878217630106, 0.0 ], [ 121.190084030878353, 14.058986670340346, 0.0 ], [ 121.189830107427824, 14.059048528532889, 0.0 ], [ 121.189738991714918, 14.059199280569782, 0.0 ], [ 121.189662219751582, 14.059605187058008, 0.0 ], [ 121.189503385359046, 14.060050329849446, 0.0 ], [ 121.189348025806453, 14.060276260536309, 0.0 ], [ 121.190085684885958, 14.060333808740678, 0.0 ], [ 121.190989461976699, 14.06054336277543, 0.0 ], [ 121.191977104186222, 14.060980180909484, 0.0 ], [ 121.192768805940347, 14.061439385402723, 0.0 ], [ 121.192955887484899, 14.060987507479366, 0.0 ], [ 121.193847996727456, 14.0611253939032, 0.0 ], [ 121.193985015021354, 14.060816280768943, 0.0 ], [ 121.195227818296317, 14.061481634340911, 0.0 ], [ 121.195414146979559, 14.061125174987859, 0.0 ], [ 121.196572528804651, 14.061634821703537, 0.0 ], [ 121.196609795155936, 14.061563529784705, 0.0 ], [ 121.196915011361895, 14.061649308485025, 0.0 ], [ 121.197123283867214, 14.061615078039109, 0.0 ], [ 121.199025947266762, 14.062392695530301, 0.0 ], [ 121.199117955453019, 14.062435177620578, 0.0 ], [ 121.200050041242903, 14.062865539761406, 0.0 ] ] ] ] } },
{ "type": "Feature", "properties": { "OBJECTID_1": 6, "BRGY": "San Isidro Sur", "AREA_HA": 270.31505601100002, "Shape_Leng": 8829.9980157099999, "Shape_Area": 2703150.56011, "pop2007": 2092, "popden": 7.7391175721699996, "popden2": 8 }, "geometry": { "type": "MultiPolygon", "coordinates": [ [ [ [ 121.189348025806453, 14.060276260536309, 0.0 ], [ 121.189503385359046, 14.060050329849446, 0.0 ], [ 121.189662219751582, 14.059605187058008, 0.0 ], [ 121.189738991714918, 14.059199280569782, 0.0 ], [ 121.189830107427824, 14.059048528532889, 0.0 ], [ 121.190084030878353, 14.058986670340346, 0.0 ], [ 121.190501828482937, 14.058878217630106, 0.0 ], [ 121.190561057200753, 14.058623613387235, 0.0 ], [ 121.190563212410481, 14.058349477256117, 0.0 ], [ 121.190508244564654, 14.05806213630712, 0.0 ], [ 121.190331028752979, 14.057726058205922, 0.0 ], [ 121.190227763491848, 14.057342712924312, 0.0 ], [ 121.1902140454375, 14.057007859814897, 0.0 ], [ 121.190249877268641, 14.056609615728824, 0.0 ], [ 121.190203648345289, 14.056250608410004, 0.0 ], [ 121.190033795532571, 14.056018223660883, 0.0 ], [ 121.190003037585356, 14.055770916605452, 0.0 ], [ 121.190128103288728, 14.055461013959963, 0.0 ], [ 121.190335918798041, 14.055024206651821, 0.0 ], [ 121.190485069149361, 14.054770276769817, 0.0 ], [ 121.190724141134112, 14.054517019329642, 0.0 ], [ 121.190929850196156, 14.054348011434788, 0.0 ], [ 121.191152572497572, 14.05409463102421, 0.0 ], [ 121.191325117413172, 14.053984340262948, 0.0 ], [ 121.191578284618146, 14.054018116656449, 0.0 ], [ 121.191733792026085, 14.05399536914693, 0.0 ], [ 121.191881813526521, 14.053884893485279, 0.0 ], [ 121.192038636021351, 14.053694781159642, 0.0 ], [ 121.192057818605704, 14.053358184760866, 0.0 ], [ 121.190903471151799, 14.052843874961642, 0.0 ], [ 121.189999270844552, 14.052380283111388, 0.0 ], [ 121.189225670362973, 14.052067561149705, 0.0 ], [ 121.188069998574647, 14.051502149018457, 0.0 ], [ 121.188039929349102, 14.051601852561385, 0.0 ], [ 121.187885293243554, 14.051714897216074, 0.0 ], [ 121.187737584527156, 14.051877958672232, 0.0 ], [ 121.187626647894277, 14.052019883324959, 0.0 ], [ 121.187456750863504, 14.052211328750481, 0.0 ], [ 121.187279589890778, 14.052395582318924, 0.0 ], [ 121.187096062259087, 14.052458445553853, 0.0 ], [ 121.186928301009104, 14.052378671149066, 0.0 ], [ 121.186658102695205, 14.052290989745849, 0.0 ], [ 121.186445797935733, 14.052289396263966, 0.0 ], [ 121.186269534780678, 14.052359451486364, 0.0 ], [ 121.186105889836995, 14.052686561277673, 0.0 ], [ 121.185170617975544, 14.052451128483206, 0.0 ], [ 121.185698148574474, 14.051471511783221, 0.0 ], [ 121.184953843297748, 14.051158996167153, 0.0 ], [ 121.184297163601357, 14.050875689326116, 0.0 ], [ 121.183218991327777, 14.050381516070477, 0.0 ], [ 121.183397674448472, 14.050004556651864, 0.0 ], [ 121.181996705569262, 14.04940872257624, 0.0 ], [ 121.181856429090161, 14.049557560792371, 0.0 ], [ 121.180805904292981, 14.049085699790393, 0.0 ], [ 121.179463910019734, 14.048440331519853, 0.0 ], [ 121.178764949227855, 14.048137490924157, 0.0 ], [ 121.178679063639635, 14.048199370122328, 0.0 ], [ 121.178513462347482, 14.048282659219051, 0.0 ], [ 121.178384906631223, 14.04837428013003, 0.0 ], [ 121.178272908078114, 14.048457973062803, 0.0 ], [ 121.178148953873745, 14.048489244061336, 0.0 ], [ 121.177975773670667, 14.048487938469021, 0.0 ], [ 121.177885060414312, 14.048487254539197, 0.0 ], [ 121.177780377879785, 14.048428093531026, 0.0 ], [ 121.177660673289282, 14.048443293618387, 0.0 ], [ 121.17757421155541, 14.048426538936358, 0.0 ], [ 121.177533232913049, 14.048394025428175, 0.0 ], [ 121.177480074999309, 14.048337265572, 0.0 ], [ 121.177459618471502, 14.048316983159687, 0.0 ], [ 121.177381211068777, 14.048324443649829, 0.0 ], [ 121.177282187884998, 14.048331747725246, 0.0 ], [ 121.177191283585188, 14.048355215689119, 0.0 ], [ 121.177124864274134, 14.048411073687628, 0.0 ], [ 121.177074842920277, 14.048479131695705, 0.0 ], [ 121.17697540455265, 14.048538766026006, 0.0 ], [ 121.176786566583161, 14.048692327479984, 0.0 ], [ 121.176708159989843, 14.048699786836526, 0.0 ], [ 121.176658583666395, 14.048711489134893, 0.0 ], [ 121.176592195997898, 14.048763321751601, 0.0 ], [ 121.176500972783813, 14.048827043287506, 0.0 ], [ 121.176397571256672, 14.048866519307742, 0.0 ], [ 121.176302256667412, 14.048926183534354, 0.0 ], [ 121.176207069528331, 14.048969746898235, 0.0 ], [ 121.176136716984033, 14.049001421316875, 0.0 ], [ 121.175979839830219, 14.049024390863124, 0.0 ], [ 121.175781090547829, 14.049127556732241, 0.0 ], [ 121.175665286479614, 14.049170964229077, 0.0 ], [ 121.175561979432089, 14.049198363334103, 0.0 ], [ 121.175491659569232, 14.049226011445292, 0.0 ], [ 121.175396440297064, 14.049273599657873, 0.0 ], [ 121.175309594892539, 14.049305149283704, 0.0 ], [ 121.175189731292775, 14.049340474088913, 0.0 ], [ 121.175040812228573, 14.049399733873324, 0.0 ], [ 121.174782130866646, 14.04952056161544, 0.0 ], [ 121.174653892212888, 14.049571925546495, 0.0 ], [ 121.174566951835473, 14.049615550488054, 0.0 ], [ 121.174480010502293, 14.049659175387129, 0.0 ], [ 121.174434238928384, 14.049711162156337, 0.0 ], [ 121.17435506524123, 14.049815230015609, 0.0 ], [ 121.174321249223482, 14.049919640526884, 0.0 ], [ 121.174263011354896, 14.049983610294751, 0.0 ], [ 121.174216952445491, 14.050071825614054, 0.0 ], [ 121.174191637993218, 14.050144094993961, 0.0 ], [ 121.174087565349112, 14.050268102706525, 0.0 ], [ 121.174070050378262, 14.050396788976537, 0.0 ], [ 121.174050489734995, 14.050523447967128, 0.0 ], [ 121.174055045742762, 14.050598962567504, 0.0 ], [ 121.174064595691789, 14.050694643011028, 0.0 ], [ 121.174059043202206, 14.050744920866631, 0.0 ], [ 121.173996514267998, 14.050829992121681, 0.0 ], [ 121.173918881934952, 14.050869661657389, 0.0 ], [ 121.173861906383706, 14.050904455027785, 0.0 ], [ 121.173805010618238, 14.050929185385881, 0.0 ], [ 121.173758382933542, 14.05095902468304, 0.0 ], [ 121.173755901184606, 14.050963308826562, 0.0 ], [ 121.173697538362958, 14.050959513784077, 0.0 ], [ 121.173653704124945, 14.050978566761593, 0.0 ], [ 121.173609624850769, 14.0510286311148, 0.0 ], [ 121.17359706691461, 14.051109947859775, 0.0 ], [ 121.173608149077111, 14.05121470299342, 0.0 ], [ 121.173630990733571, 14.051338931302691, 0.0 ], [ 121.173578938784146, 14.051392812596598, 0.0 ], [ 121.173542847367202, 14.051437122379856, 0.0 ], [ 121.173450624925223, 14.051548850134802, 0.0 ], [ 121.173370223372984, 14.051672297961247, 0.0 ], [ 121.17328972854979, 14.05180737489311, 0.0 ], [ 121.173237030587643, 14.051942662852529, 0.0 ], [ 121.173192212916021, 14.052085763003145, 0.0 ], [ 121.17318337915907, 14.052198121986295, 0.0 ], [ 121.173194385155995, 14.052312568681083, 0.0 ], [ 121.17316505035835, 14.052506183387422, 0.0 ], [ 121.17315190774741, 14.052661153758692, 0.0 ], [ 121.17309566957924, 14.052742140153473, 0.0 ], [ 121.172959643367804, 14.052869043456404, 0.0 ], [ 121.172844024998852, 14.052926320129055, 0.0 ], [ 121.17275608060838, 14.052999313103959, 0.0 ], [ 121.172711277744028, 14.053140474600083, 0.0 ], [ 121.172694809404334, 14.053214008129807, 0.0 ], [ 121.172726084762246, 14.053276272921998, 0.0 ], [ 121.172769457125881, 14.053315367709079, 0.0 ], [ 121.17292755507691, 14.05340960576136, 0.0 ], [ 121.173053886449964, 14.053503602599141, 0.0 ], [ 121.173108926171693, 14.053573799692822, 0.0 ], [ 121.173096305362861, 14.053662869416723, 0.0 ], [ 121.173064046455309, 14.053724652819501, 0.0 ], [ 121.172952522115907, 14.053766454296269, 0.0 ], [ 121.172836872505115, 14.05382760698731, 0.0 ], [ 121.172760932450529, 14.05388906086757, 0.0 ], [ 121.172736583656388, 14.05395478035337, 0.0 ], [ 121.172739908984212, 14.054036217118897, 0.0 ], [ 121.172755177508947, 14.054113867905849, 0.0 ], [ 121.172778295686356, 14.054203207003953, 0.0 ], [ 121.172797780865423, 14.054249875562686, 0.0 ], [ 121.172849033805207, 14.054296784394339, 0.0 ], [ 121.172935809696014, 14.054371097882978, 0.0 ], [ 121.172982784546022, 14.054456741990247, 0.0 ], [ 121.173053799688347, 14.054515430091076, 0.0 ], [ 121.173089568752886, 14.054511823379464, 0.0 ], [ 121.173141191872119, 14.054512213773211, 0.0 ], [ 121.173177083971467, 14.054493101819725, 0.0 ], [ 121.173224796246387, 14.054485709089178, 0.0 ], [ 121.173228675407202, 14.05449736826864, 0.0 ], [ 121.173212114792122, 14.054582531885506, 0.0 ], [ 121.173223688897934, 14.054625263380613, 0.0 ], [ 121.173251301633726, 14.054648732781216, 0.0 ], [ 121.173310619753124, 14.054680194554519, 0.0 ], [ 121.173366212504916, 14.0546806149214, 0.0 ], [ 121.173461545783198, 14.054677459443807, 0.0 ], [ 121.173473146015098, 14.05468854887266, 0.0 ], [ 121.173516155166652, 14.054785024552938, 0.0 ], [ 121.173485630504544, 14.054904412715533, 0.0 ], [ 121.17347220254679, 14.054999181921561, 0.0 ], [ 121.173404045539129, 14.055068788176609, 0.0 ], [ 121.173395333525235, 14.055101721130509, 0.0 ], [ 121.173314337521276, 14.055191853634252, 0.0 ], [ 121.173292656551837, 14.055261811288903, 0.0 ], [ 121.173321904072054, 14.055303280992236, 0.0 ], [ 121.17335963547464, 14.055340689089237, 0.0 ], [ 121.17335053070947, 14.055423116407345, 0.0 ], [ 121.173366874770721, 14.055493361604388, 0.0 ], [ 121.173438438877611, 14.055526901578238, 0.0 ], [ 121.173488877464195, 14.055560280892818, 0.0 ], [ 121.173521957465127, 14.055651276899866, 0.0 ], [ 121.173495609583938, 14.055776883905811, 0.0 ], [ 121.173439669487905, 14.055904329564857, 0.0 ], [ 121.173387462579754, 14.056093676233868, 0.0 ], [ 121.173288617417086, 14.05630329354179, 0.0 ], [ 121.173211551420337, 14.056430579347479, 0.0 ], [ 121.17307926406032, 14.056594570224508, 0.0 ], [ 121.173011024570698, 14.056674487800239, 0.0 ], [ 121.172980401990529, 14.056806249640257, 0.0 ], [ 121.17297853592126, 14.057041349394233, 0.0 ], [ 121.172963765226598, 14.0573052245898, 0.0 ], [ 121.17292054890531, 14.057426579912109, 0.0 ], [ 121.172767103148686, 14.057594535310752, 0.0 ], [ 121.172643068538392, 14.057783338269559, 0.0 ], [ 121.172527550448024, 14.057963954973522, 0.0 ], [ 121.172403647351587, 14.058136259351135, 0.0 ], [ 121.172318424625402, 14.058226359350217, 0.0 ], [ 121.172187217348409, 14.058254240353119, 0.0 ], [ 121.172060627376666, 14.058232658027395, 0.0 ], [ 121.171993713747469, 14.058145530632379, 0.0 ], [ 121.171927029479988, 14.058029531915206, 0.0 ], [ 121.171869123180272, 14.057872351131502, 0.0 ], [ 121.171831884022382, 14.057773074673205, 0.0 ], [ 121.17178196853888, 14.057673701355554, 0.0 ], [ 121.171693701029596, 14.057615286212892, 0.0 ], [ 121.171596523657001, 14.057614550579643, 0.0 ], [ 121.171503178240869, 14.057663341202474, 0.0 ], [ 121.171455719568158, 14.057786725566915, 0.0 ], [ 121.171496757729685, 14.057939653862915, 0.0 ], [ 121.171584174306659, 14.058105307815611, 0.0 ], [ 121.171612194008446, 14.058301447558623, 0.0 ], [ 121.171509906460074, 14.058412043186323, 0.0 ], [ 121.171429268929785, 14.058456805100937, 0.0 ], [ 121.171311130211876, 14.0584352863644, 0.0 ], [ 121.171223615429483, 14.058282006126081, 0.0 ], [ 121.171085727606908, 14.058087096842206, 0.0 ], [ 121.170964248947342, 14.057954183584181, 0.0 ], [ 121.170854854925906, 14.057895608155802, 0.0 ], [ 121.1707193570642, 14.057931704658419, 0.0 ], [ 121.170583695249391, 14.057988424073462, 0.0 ], [ 121.170418555690446, 14.058032546466967, 0.0 ], [ 121.170350888670498, 14.058040283553103, 0.0 ], [ 121.170270775731552, 14.058019052405861, 0.0 ], [ 121.170165148897198, 14.058018252164484, 0.0 ], [ 121.170046419391809, 14.058070974694328, 0.0 ], [ 121.169940759751242, 14.058074298949203, 0.0 ], [ 121.169728865567862, 14.058153126851137, 0.0 ], [ 121.16958049519144, 14.058213874194283, 0.0 ], [ 121.169393737528225, 14.058319703767546, 0.0 ], [ 121.169232396246159, 14.058417475251327, 0.0 ], [ 121.169087791383419, 14.058535998614017, 0.0 ], [ 121.169048420611531, 14.05870481602113, 0.0 ], [ 121.168975084410505, 14.058894000117752, 0.0 ], [ 121.168892875161518, 14.059033718195236, 0.0 ], [ 121.170231414659568, 14.059650055826344, 0.0 ], [ 121.170169809352132, 14.059801018057708, 0.0 ], [ 121.170960783302405, 14.06016875941333, 0.0 ], [ 121.171083058064028, 14.059984604213067, 0.0 ], [ 121.172188111279709, 14.060657578624278, 0.0 ], [ 121.172723287179835, 14.059551144790497, 0.0 ], [ 121.173530722391703, 14.060019954885041, 0.0 ], [ 121.174743384028133, 14.060533890574762, 0.0 ], [ 121.174645197192021, 14.060945373562447, 0.0 ], [ 121.175610551610148, 14.061258881702305, 0.0 ], [ 121.176014975270235, 14.061404954878142, 0.0 ], [ 121.176349500708554, 14.061659864303602, 0.0 ], [ 121.17667439970036, 14.06204089293688, 0.0 ], [ 121.176655862482761, 14.062202269532268, 0.0 ], [ 121.176783762946116, 14.062396728615083, 0.0 ], [ 121.177282507823804, 14.062619226484101, 0.0 ], [ 121.177504237823754, 14.062208674553199, 0.0 ], [ 121.178889699668019, 14.062698656873094, 0.0 ], [ 121.178371667678334, 14.06382206173955, 0.0 ], [ 121.17955887385844, 14.064285307331758, 0.0 ], [ 121.179724689515353, 14.064051000228222, 0.0 ], [ 121.180283777746354, 14.064282359969912, 0.0 ], [ 121.180407578537455, 14.063904717402378, 0.0 ], [ 121.18059914586496, 14.063687428467279, 0.0 ], [ 121.181264576507658, 14.063566249610092, 0.0 ], [ 121.181628922946587, 14.063325023051132, 0.0 ], [ 121.181839075734871, 14.062939617319426, 0.0 ], [ 121.182121317720558, 14.062167764711814, 0.0 ], [ 121.18504500934948, 14.063476919753192, 0.0 ], [ 121.18503498741201, 14.063653512692202, 0.0 ], [ 121.185873703178899, 14.063922702129856, 0.0 ], [ 121.187611666752233, 14.064583542069569, 0.0 ], [ 121.187382140481049, 14.065238019869804, 0.0 ], [ 121.188445220762816, 14.065691240132464, 0.0 ], [ 121.188871456198257, 14.065550974912895, 0.0 ], [ 121.189109538638348, 14.065425236712345, 0.0 ], [ 121.189201473273243, 14.065170878626402, 0.0 ], [ 121.189523752607826, 14.06473493295959, 0.0 ], [ 121.189640713298573, 14.064417001018612, 0.0 ], [ 121.189669001294803, 14.063938998643639, 0.0 ], [ 121.189712384250797, 14.063620514864152, 0.0 ], [ 121.189649305078532, 14.063325142492543, 0.0 ], [ 121.189595998678868, 14.062826632295518, 0.0 ], [ 121.189510775995871, 14.0622282257932, 0.0 ], [ 121.189398772013604, 14.061916546457667, 0.0 ], [ 121.189286077487438, 14.061692534682296, 0.0 ], [ 121.189271609690337, 14.061453319392172, 0.0 ], [ 121.189388191289282, 14.061183205687996, 0.0 ], [ 121.189365610525414, 14.060935959055563, 0.0 ], [ 121.189244741798532, 14.060711885107516, 0.0 ], [ 121.189180611958875, 14.060550034846477, 0.0 ], [ 121.189348025806453, 14.060276260536309, 0.0 ] ] ] ] } },
{ "type": "Feature", "properties": { "OBJECTID_1": 7, "BRGY": "San Agustin", "AREA_HA": 99.475200574799999, "Shape_Leng": 5308.5447262300004, "Shape_Area": 994752.005748, "pop2007": 2073, "popden": 20.839364867, "popden2": 21 }, "geometry": { "type": "MultiPolygon", "coordinates": [ [ [ [ 121.209433333040138, 14.068441160231341, 0.0 ], [ 121.209433468421778, 14.068423771307758, 0.0 ], [ 121.209439027351408, 14.066693935316938, 0.0 ], [ 121.209444646939275, 14.065102158851813, 0.0 ], [ 121.21058117265865, 14.064370815078574, 0.0 ], [ 121.210191688468242, 14.063951809376784, 0.0 ], [ 121.209597271873562, 14.063762464605754, 0.0 ], [ 121.210826501762369, 14.060687007479112, 0.0 ], [ 121.208991128559575, 14.059860984420961, 0.0 ], [ 121.209870950992681, 14.057664588539414, 0.0 ], [ 121.209470057062745, 14.057575975001097, 0.0 ], [ 121.207239057950176, 14.057278148354488, 0.0 ], [ 121.204965084370883, 14.057011236448437, 0.0 ], [ 121.204364430458966, 14.058651137216211, 0.0 ], [ 121.205265430392856, 14.059218471549567, 0.0 ], [ 121.205739703009485, 14.059591778604164, 0.0 ], [ 121.205612146537817, 14.060258823444405, 0.0 ], [ 121.205377081720698, 14.060591073811077, 0.0 ], [ 121.204984355490836, 14.060743225134722, 0.0 ], [ 121.204679135231004, 14.060657456411402, 0.0 ], [ 121.203434533431746, 14.060218776217965, 0.0 ], [ 121.20309730022143, 14.061098972084801, 0.0 ], [ 121.202150902229334, 14.060078010515079, 0.0 ], [ 121.201789524093698, 14.061041522954532, 0.0 ], [ 121.201613202612592, 14.061684345472422, 0.0 ], [ 121.201252144013864, 14.062480860626765, 0.0 ], [ 121.200497122260316, 14.062021954184827, 0.0 ], [ 121.200050041242903, 14.062865539761406, 0.0 ], [ 121.200201322729455, 14.062903600948502, 0.0 ], [ 121.199908610069357, 14.063768685477926, 0.0 ], [ 121.200288575377115, 14.063934130177323, 0.0 ], [ 121.200029487819265, 14.064562125162315, 0.0 ], [ 121.200663253190569, 14.064775922810577, 0.0 ], [ 121.200356046353832, 14.065462800282125, 0.0 ], [ 121.202459665067593, 14.066217581309424, 0.0 ], [ 121.204075447808563, 14.066888972902463, 0.0 ], [ 121.203865200131602, 14.067345695799325, 0.0 ], [ 121.204813170716321, 14.067793320212804, 0.0 ], [ 121.204930297775761, 14.067982842847648, 0.0 ], [ 121.205727205862388, 14.068254698730724, 0.0 ], [ 121.205352751140566, 14.069043034246404, 0.0 ], [ 121.205288952561844, 14.069219040897796, 0.0 ], [ 121.207852927945751, 14.070234902305922, 0.0 ], [ 121.208119506940022, 14.069670926429158, 0.0 ], [ 121.208511479992367, 14.069838146323672, 0.0 ], [ 121.208756441126354, 14.069514680616084, 0.0 ], [ 121.208891119963099, 14.069227333366582, 0.0 ], [ 121.209433333040138, 14.068441160231341, 0.0 ] ] ] ] } },
{ "type": "Feature", "properties": { "OBJECTID_1": 8, "BRGY": "Santa Ana", "AREA_HA": 113.77000499, "Shape_Leng": 6331.1245212100002, "Shape_Area": 1137700.0499, "pop2007": 1162, "popden": 10.2135883716, "popden2": 10 }, "geometry": { "type": "MultiPolygon", "coordinates": [ [ [ [ 121.196954942958826, 14.069964549950827, 0.0 ], [ 121.197010150289756, 14.069851487972997, 0.0 ], [ 121.195919040388958, 14.06954014243728, 0.0 ], [ 121.196165099897499, 14.068867135565865, 0.0 ], [ 121.197331725266849, 14.069296408105441, 0.0 ], [ 121.197639276001183, 14.068457592717658, 0.0 ], [ 121.195988836459421, 14.067829098325815, 0.0 ], [ 121.196847564768589, 14.065788487599766, 0.0 ], [ 121.198397444489814, 14.066445564986141, 0.0 ], [ 121.198663021406304, 14.06584116294883, 0.0 ], [ 121.198283190389276, 14.06566228073779, 0.0 ], [ 121.198528702527383, 14.065057728996081, 0.0 ], [ 121.197398346005073, 14.064636073866991, 0.0 ], [ 121.198020396620308, 14.063349706933199, 0.0 ], [ 121.198640373633481, 14.063608623088617, 0.0 ], [ 121.199117955453019, 14.062435177620578, 0.0 ], [ 121.199025947266762, 14.062392695530301, 0.0 ], [ 121.197123283867214, 14.061615078039109, 0.0 ], [ 121.196915011361895, 14.061649308485025, 0.0 ], [ 121.196609795155936, 14.061563529784705, 0.0 ], [ 121.196572528804651, 14.061634821703537, 0.0 ], [ 121.195414146979559, 14.061125174987859, 0.0 ], [ 121.195227818296317, 14.061481634340911, 0.0 ], [ 121.193985015021354, 14.060816280768943, 0.0 ], [ 121.193847996727456, 14.0611253939032, 0.0 ], [ 121.192955887484899, 14.060987507479366, 0.0 ], [ 121.192768805940347, 14.061439385402723, 0.0 ], [ 121.191977104186222, 14.060980180909484, 0.0 ], [ 121.190989461976699, 14.06054336277543, 0.0 ], [ 121.190085684885958, 14.060333808740678, 0.0 ], [ 121.189348025806453, 14.060276260536309, 0.0 ], [ 121.189180611958875, 14.060550034846477, 0.0 ], [ 121.189244741798532, 14.060711885107516, 0.0 ], [ 121.189365610525414, 14.060935959055563, 0.0 ], [ 121.189388191289282, 14.061183205687996, 0.0 ], [ 121.189271609690337, 14.061453319392172, 0.0 ], [ 121.189286077487438, 14.061692534682296, 0.0 ], [ 121.189398772013604, 14.061916546457667, 0.0 ], [ 121.189510775995871, 14.0622282257932, 0.0 ], [ 121.189595998678868, 14.062826632295518, 0.0 ], [ 121.189649305078532, 14.063325142492543, 0.0 ], [ 121.189712384250797, 14.063620514864152, 0.0 ], [ 121.189669001294803, 14.063938998643639, 0.0 ], [ 121.189640713298573, 14.064417001018612, 0.0 ], [ 121.189523752607826, 14.06473493295959, 0.0 ], [ 121.189201473273243, 14.065170878626402, 0.0 ], [ 121.189109538638348, 14.065425236712345, 0.0 ], [ 121.188871456198257, 14.065550974912895, 0.0 ], [ 121.188445220762816, 14.065691240132464, 0.0 ], [ 121.187757213270118, 14.06619314526634, 0.0 ], [ 121.187085152759053, 14.066766561496971, 0.0 ], [ 121.186298881094643, 14.06728652873278, 0.0 ], [ 121.186157759045287, 14.067758407362449, 0.0 ], [ 121.18535120222603, 14.068284791630189, 0.0 ], [ 121.184497757478354, 14.068771380718614, 0.0 ], [ 121.184030821350646, 14.069837345508226, 0.0 ], [ 121.184662700034423, 14.070085315890296, 0.0 ], [ 121.184786193794622, 14.069816734465942, 0.0 ], [ 121.185828434743925, 14.07018610985128, 0.0 ], [ 121.185341466241098, 14.071227623166191, 0.0 ], [ 121.185514530899709, 14.071227874341206, 0.0 ], [ 121.185790166116618, 14.071266297874345, 0.0 ], [ 121.185954685230911, 14.071209372514675, 0.0 ], [ 121.18615637776017, 14.071167267447558, 0.0 ], [ 121.186335067129278, 14.071204961644064, 0.0 ], [ 121.186536128940361, 14.071242823844171, 0.0 ], [ 121.186691528793261, 14.071396667156007, 0.0 ], [ 121.18683321871589, 14.071397731831818, 0.0 ], [ 121.186989879977361, 14.071391637954187, 0.0 ], [ 121.187213715717718, 14.071378779468052, 0.0 ], [ 121.187408237379444, 14.071300268316794, 0.0 ], [ 121.187451469696398, 14.071227023999521, 0.0 ], [ 121.18750649961612, 14.071133789781333, 0.0 ], [ 121.187658454532681, 14.070778689468801, 0.0 ], [ 121.187802951495101, 14.070423532090285, 0.0 ], [ 121.188169867512713, 14.070078691933983, 0.0 ], [ 121.189619191258274, 14.070764411566154, 0.0 ], [ 121.190078484818059, 14.069770262296135, 0.0 ], [ 121.190859438641041, 14.069971724513122, 0.0 ], [ 121.192171015394749, 14.070314085529992, 0.0 ], [ 121.19353139418412, 14.070803509882571, 0.0 ], [ 121.194531987026593, 14.071143530800827, 0.0 ], [ 121.19452999046581, 14.071397804945814, 0.0 ], [ 121.195220054064166, 14.07167681772833, 0.0 ], [ 121.195739977777663, 14.070624425606441, 0.0 ], [ 121.196510527813516, 14.07087469484029, 0.0 ], [ 121.196954942958826, 14.069964549950827, 0.0 ] ] ] ] } },
{ "type": "Feature", "properties": { "OBJECTID_1": 9, "BRGY": "San Isidro Norte", "AREA_HA": 290.283041701, "Shape_Leng": 11066.0972829, "Shape_Area": 2902830.41701, "pop2007": 1470, "popden": 5.0640230010999998, "popden2": 5 }, "geometry": { "type": "MultiPolygon", "coordinates": [ [ [ [ 121.165900696835152, 14.080480180357492, 0.0 ], [ 121.166431664244982, 14.080003402909599, 0.0 ], [ 121.166689409930072, 14.079814735245337, 0.0 ], [ 121.167128633971885, 14.07969975218001, 0.0 ], [ 121.167459919794879, 14.079590523119014, 0.0 ], [ 121.167776830477919, 14.079592930870167, 0.0 ], [ 121.168174496058114, 14.079615671974812, 0.0 ], [ 121.168524544233151, 14.079690637077537, 0.0 ], [ 121.168848721004153, 14.079627365124244, 0.0 ], [ 121.168978665577015, 14.079398283561313, 0.0 ], [ 121.168980498632052, 14.079168229343544, 0.0 ], [ 121.168820244245396, 14.078969812215155, 0.0 ], [ 121.168376454282296, 14.078811968941938, 0.0 ], [ 121.16832998851072, 14.078719589027866, 0.0 ], [ 121.168364644024905, 14.078601531585129, 0.0 ], [ 121.168615539966339, 14.07842595579941, 0.0 ], [ 121.168960780494487, 14.078257669095473, 0.0 ], [ 121.169204410097208, 14.078147770943726, 0.0 ], [ 121.169379459038524, 14.078181966306261, 0.0 ], [ 121.169729137408524, 14.078302941567962, 0.0 ], [ 121.170067426763168, 14.078160894010782, 0.0 ], [ 121.170170974340763, 14.077859304569452, 0.0 ], [ 121.17027405157036, 14.07761687094531, 0.0 ], [ 121.170430546209673, 14.077440576869053, 0.0 ], [ 121.170592894943653, 14.077376074647487, 0.0 ], [ 121.170937791765411, 14.077250510049232, 0.0 ], [ 121.171020429207715, 14.077034215498916, 0.0 ], [ 121.171324792670376, 14.076918202240057, 0.0 ], [ 121.171683045313827, 14.076809170189055, 0.0 ], [ 121.172142645527842, 14.076674611910411, 0.0 ], [ 121.172737883837343, 14.076442479719695, 0.0 ], [ 121.173103451879797, 14.076261193977189, 0.0 ], [ 121.173368192392743, 14.076039704158109, 0.0 ], [ 121.173646992516396, 14.075746012675484, 0.0 ], [ 121.173851152990494, 14.075510916281882, 0.0 ], [ 121.174148405086441, 14.075440859338688, 0.0 ], [ 121.174384136594824, 14.075475509281162, 0.0 ], [ 121.174620023856392, 14.075490441516637, 0.0 ], [ 121.174862708031355, 14.075498850853279, 0.0 ], [ 121.174956479213236, 14.075578441250736, 0.0 ], [ 121.175002790774698, 14.075690539445443, 0.0 ], [ 121.175021504875147, 14.075881308949985, 0.0 ], [ 121.175140315793826, 14.076204303992968, 0.0 ], [ 121.175226562696295, 14.076382437972899, 0.0 ], [ 121.175407727553178, 14.076495555269451, 0.0 ], [ 121.175643410137127, 14.076536778750151, 0.0 ], [ 121.175886511975037, 14.076492602995565, 0.0 ], [ 121.176448763072841, 14.076168184275373, 0.0 ], [ 121.17686443730274, 14.075620477278809, 0.0 ], [ 121.1771097794702, 14.075293661477879, 0.0 ], [ 121.177292562206802, 14.075203015050036, 0.0 ], [ 121.177488620114417, 14.075138762450088, 0.0 ], [ 121.177684678863258, 14.075074508780434, 0.0 ], [ 121.177941524161767, 14.074997568539532, 0.0 ], [ 121.178212221429419, 14.074874717489054, 0.0 ], [ 121.178706674138581, 14.074595794899954, 0.0 ], [ 121.178983538787534, 14.074545297386409, 0.0 ], [ 121.179192197263092, 14.074592885568745, 0.0 ], [ 121.179468490190146, 14.074614691136862, 0.0 ], [ 121.179839857126069, 14.074551759299563, 0.0 ], [ 121.180185085288414, 14.07438345477166, 0.0 ], [ 121.180652226626407, 14.074147049902608, 0.0 ], [ 121.180822406929082, 14.073944557315309, 0.0 ], [ 121.180965457940459, 14.073761579666764, 0.0 ], [ 121.181087969281435, 14.073617889038605, 0.0 ], [ 121.181332368466997, 14.073409382282449, 0.0 ], [ 121.181489789031957, 14.073114765223181, 0.0 ], [ 121.181700057652364, 14.072958588260946, 0.0 ], [ 121.181789192105114, 14.07294438278055, 0.0 ], [ 121.181936361418224, 14.07292092781301, 0.0 ], [ 121.182152125029262, 14.072922553470885, 0.0 ], [ 121.182287289220966, 14.072884131565615, 0.0 ], [ 121.182430443257275, 14.072688007171474, 0.0 ], [ 121.182640555976121, 14.072551547741513, 0.0 ], [ 121.18281643428854, 14.072480565162245, 0.0 ], [ 121.183133597603856, 14.072450086524029, 0.0 ], [ 121.183465670807152, 14.072238951211316, 0.0 ], [ 121.183770698308095, 14.072037471179879, 0.0 ], [ 121.183935064255792, 14.071716610522204, 0.0 ], [ 121.184186304493849, 14.071495018015764, 0.0 ], [ 121.184511246252271, 14.071333126943133, 0.0 ], [ 121.184828510870688, 14.071289500181217, 0.0 ], [ 121.185341466241098, 14.071227623166191, 0.0 ], [ 121.185828434743925, 14.07018610985128, 0.0 ], [ 121.184786193794622, 14.069816734465942, 0.0 ], [ 121.184662700034423, 14.070085315890296, 0.0 ], [ 121.184030821350646, 14.069837345508226, 0.0 ], [ 121.184497757478354, 14.068771380718614, 0.0 ], [ 121.18535120222603, 14.068284791630189, 0.0 ], [ 121.186157759045287, 14.067758407362449, 0.0 ], [ 121.186298881094643, 14.06728652873278, 0.0 ], [ 121.187085152759053, 14.066766561496971, 0.0 ], [ 121.187757213270118, 14.06619314526634, 0.0 ], [ 121.188445220762816, 14.065691240132464, 0.0 ], [ 121.187382140481049, 14.065238019869804, 0.0 ], [ 121.187611666752233, 14.064583542069569, 0.0 ], [ 121.185873703178899, 14.063922702129856, 0.0 ], [ 121.18503498741201, 14.063653512692202, 0.0 ], [ 121.18504500934948, 14.063476919753192, 0.0 ], [ 121.182121317720558, 14.062167764711814, 0.0 ], [ 121.181839075734871, 14.062939617319426, 0.0 ], [ 121.181628922946587, 14.063325023051132, 0.0 ], [ 121.181264576507658, 14.063566249610092, 0.0 ], [ 121.18059914586496, 14.063687428467279, 0.0 ], [ 121.180407578537455, 14.063904717402378, 0.0 ], [ 121.180283777746354, 14.064282359969912, 0.0 ], [ 121.179724689515353, 14.064051000228222, 0.0 ], [ 121.17955887385844, 14.064285307331758, 0.0 ], [ 121.178371667678334, 14.06382206173955, 0.0 ], [ 121.178889699668019, 14.062698656873094, 0.0 ], [ 121.177504237823754, 14.062208674553199, 0.0 ], [ 121.177282507823804, 14.062619226484101, 0.0 ], [ 121.176783762946116, 14.062396728615083, 0.0 ], [ 121.176655862482761, 14.062202269532268, 0.0 ], [ 121.17667439970036, 14.06204089293688, 0.0 ], [ 121.176349500708554, 14.061659864303602, 0.0 ], [ 121.176014975270235, 14.061404954878142, 0.0 ], [ 121.175610551610148, 14.061258881702305, 0.0 ], [ 121.174645197192021, 14.060945373562447, 0.0 ], [ 121.174743384028133, 14.060533890574762, 0.0 ], [ 121.173530722391703, 14.060019954885041, 0.0 ], [ 121.172723287179835, 14.059551144790497, 0.0 ], [ 121.172188111279709, 14.060657578624278, 0.0 ], [ 121.171083058064028, 14.059984604213067, 0.0 ], [ 121.170960783302405, 14.06016875941333, 0.0 ], [ 121.170169809352132, 14.059801018057708, 0.0 ], [ 121.170231414659568, 14.059650055826344, 0.0 ], [ 121.168892875161518, 14.059033718195236, 0.0 ], [ 121.168833736152337, 14.059134229031526, 0.0 ], [ 121.168782017724411, 14.059261705202248, 0.0 ], [ 121.168683198771717, 14.059467195296742, 0.0 ], [ 121.16857579798031, 14.059689119615079, 0.0 ], [ 121.168511370897747, 14.059820624153929, 0.0 ], [ 121.168357739893665, 14.060011262297948, 0.0 ], [ 121.16828532183311, 14.060084959257539, 0.0 ], [ 121.168128664605646, 14.060125018448785, 0.0 ], [ 121.167984977468919, 14.060128053262755, 0.0 ], [ 121.167871292560349, 14.060077693588218, 0.0 ], [ 121.167808474042246, 14.060007095595193, 0.0 ], [ 121.167779718761707, 14.059903757309696, 0.0 ], [ 121.167704388990941, 14.059812440169388, 0.0 ], [ 121.16759096796099, 14.059729084568829, 0.0 ], [ 121.16752768982775, 14.059716229894642, 0.0 ], [ 121.167421831545113, 14.059744299584462, 0.0 ], [ 121.167302773095756, 14.059838266485388, 0.0 ], [ 121.167318458463114, 14.059991002788399, 0.0 ], [ 121.167321763927873, 14.060106521580346, 0.0 ], [ 121.167320614272569, 14.060250880438874, 0.0 ], [ 121.167294244894123, 14.060378548535741, 0.0 ], [ 121.167213047529287, 14.06049342688345, 0.0 ], [ 121.167089960510623, 14.060562614008957, 0.0 ], [ 121.166920494927311, 14.060619074487757, 0.0 ], [ 121.166700278654986, 14.060681336800846, 0.0 ], [ 121.166590261312948, 14.060701125713244, 0.0 ], [ 121.166450174685153, 14.060782557016262, 0.0 ], [ 121.166402744504282, 14.060901816258051, 0.0 ], [ 121.166341916544695, 14.061111718362737, 0.0 ], [ 121.166259929588591, 14.061325584589632, 0.0 ], [ 121.166136496719673, 14.061438078398309, 0.0 ], [ 121.166068368473177, 14.061503557458375, 0.0 ], [ 121.165986742709492, 14.061672053986213, 0.0 ], [ 121.165920636829227, 14.062013908772656, 0.0 ], [ 121.165765752746196, 14.062361276357443, 0.0 ], [ 121.165667093986144, 14.062546141748289, 0.0 ], [ 121.165725062391559, 14.062695074418945, 0.0 ], [ 121.165656243069463, 14.06284716869296, 0.0 ], [ 121.165604291672167, 14.063003515928681, 0.0 ], [ 121.165552899256483, 14.063089746095368, 0.0 ], [ 121.165442682454, 14.063134280928548, 0.0 ], [ 121.165416608446336, 14.063224828270183, 0.0 ], [ 121.165449636502089, 14.063322011049008, 0.0 ], [ 121.165466307215667, 14.063351011565834, 0.0 ], [ 121.165554838884319, 14.063376433263981, 0.0 ], [ 121.165698495019114, 14.063377524734225, 0.0 ], [ 121.165820827701936, 14.063403202236247, 0.0 ], [ 121.165942831616022, 14.063470125541055, 0.0 ], [ 121.166516408168434, 14.063650889332591, 0.0 ], [ 121.167479865128229, 14.064219530187502, 0.0 ], [ 121.168543522635574, 14.064780791184051, 0.0 ], [ 121.170288763683402, 14.065680757139273, 0.0 ], [ 121.170687361637803, 14.065926200333713, 0.0 ], [ 121.170810715905247, 14.066154919809945, 0.0 ], [ 121.17071569304423, 14.066560957877918, 0.0 ], [ 121.170620735391211, 14.066958860539527, 0.0 ], [ 121.170619117896948, 14.067162227330405, 0.0 ], [ 121.16921463665048, 14.069578688013655, 0.0 ], [ 121.169646929089069, 14.069785345906963, 0.0 ], [ 121.169366575747986, 14.07040962589738, 0.0 ], [ 121.168784161614994, 14.070192061194255, 0.0 ], [ 121.16861926768081, 14.070988054389225, 0.0 ], [ 121.168460852884166, 14.07097058140239, 0.0 ], [ 121.168043444997167, 14.071919810386746, 0.0 ], [ 121.168727305239358, 14.072221395013992, 0.0 ], [ 121.168453617475819, 14.072772926366806, 0.0 ], [ 121.168033038143378, 14.072680814510237, 0.0 ], [ 121.167921083918927, 14.073103384792656, 0.0 ], [ 121.168952292344116, 14.073421556191546, 0.0 ], [ 121.168513578124021, 14.074514882902475, 0.0 ], [ 121.168730333339525, 14.074567529308764, 0.0 ], [ 121.168973385363259, 14.074590545044495, 0.0 ], [ 121.169103209661444, 14.074650809052152, 0.0 ], [ 121.169189535358257, 14.074719211298511, 0.0 ], [ 121.1691845844299, 14.074795389258481, 0.0 ], [ 121.169118288688125, 14.074938848814423, 0.0 ], [ 121.168990716326348, 14.075141122020165, 0.0 ], [ 121.168880416562658, 14.07535622881937, 0.0 ], [ 121.168852805873129, 14.075550792227389, 0.0 ], [ 121.168833812823223, 14.075753890331489, 0.0 ], [ 121.168788002667071, 14.076052026683175, 0.0 ], [ 121.168794024918355, 14.076386573793533, 0.0 ], [ 121.168596520932184, 14.076643361199647, 0.0 ], [ 121.168391409123146, 14.076764595515483, 0.0 ], [ 121.16799128938311, 14.076829304177283, 0.0 ], [ 121.167656824612905, 14.076830997993046, 0.0 ], [ 121.167422052514397, 14.076858852978489, 0.0 ], [ 121.167230273990626, 14.076942080686324, 0.0 ], [ 121.166950853608355, 14.077122027727926, 0.0 ], [ 121.166688161904617, 14.077382740941704, 0.0 ], [ 121.16645685407903, 14.077520711974071, 0.0 ], [ 121.166193353008239, 14.077882849113445, 0.0 ], [ 121.165887668554774, 14.078087999231693, 0.0 ], [ 121.165730600382986, 14.07817572368195, 0.0 ], [ 121.165430854240796, 14.078441482072334, 0.0 ], [ 121.16521595992532, 14.078660498757706, 0.0 ], [ 121.165054419041496, 14.078811887636062, 0.0 ], [ 121.164973008817867, 14.078849596463339, 0.0 ], [ 121.164913861903997, 14.078888782412562, 0.0 ], [ 121.164882171793138, 14.07892931058789, 0.0 ], [ 121.164818973727847, 14.078987436825919, 0.0 ], [ 121.164744447971287, 14.079155041481826, 0.0 ], [ 121.164753437450784, 14.079338569865453, 0.0 ], [ 121.164777132980646, 14.079644517104667, 0.0 ], [ 121.164675602869409, 14.079920199283483, 0.0 ], [ 121.164611571920972, 14.080082788223589, 0.0 ], [ 121.164509767452287, 14.080392875798422, 0.0 ], [ 121.164423726013865, 14.080692891403761, 0.0 ], [ 121.164380807428529, 14.080830159901033, 0.0 ], [ 121.164133023500099, 14.081090202956656, 0.0 ], [ 121.163926830420863, 14.081379110780304, 0.0 ], [ 121.163788472724477, 14.081683824053584, 0.0 ], [ 121.163748418680669, 14.082116688130812, 0.0 ], [ 121.163879945784416, 14.082041447255582, 0.0 ], [ 121.164204494082298, 14.081932171048546, 0.0 ], [ 121.164651331342256, 14.081708792695272, 0.0 ], [ 121.165036302045564, 14.081632841806027, 0.0 ], [ 121.16517847859194, 14.08156161711304, 0.0 ], [ 121.165301266015604, 14.081385069802376, 0.0 ], [ 121.165451969644607, 14.081090415251239, 0.0 ], [ 121.165548573859027, 14.080815069414404, 0.0 ], [ 121.165745688248975, 14.080619367686852, 0.0 ], [ 121.165900696835152, 14.080480180357492, 0.0 ] ] ] ] } },
{ "type": "Feature", "properties": { "OBJECTID_1": 10, "BRGY": "San Juan", "AREA_HA": 170.073265859, "Shape_Leng": 8510.2361417699994, "Shape_Area": 1700732.6585899999, "pop2007": 2909, "popden": 17.1043931291, "popden2": 17 }, "geometry": { "type": "MultiPolygon", "coordinates": [ [ [ [ 121.21658196490084, 14.082067989234261, 0.0 ], [ 121.216833641817729, 14.082102571501293, 0.0 ], [ 121.216815870157419, 14.081867464420991, 0.0 ], [ 121.216805581152755, 14.081731350507367, 0.0 ], [ 121.215902729905181, 14.079193928626532, 0.0 ], [ 121.214628650477977, 14.077698651286244, 0.0 ], [ 121.214014894658362, 14.076745338849774, 0.0 ], [ 121.213088892515671, 14.074957770688474, 0.0 ], [ 121.212650557570612, 14.073986459189411, 0.0 ], [ 121.212423849449195, 14.073571122864788, 0.0 ], [ 121.212269336888042, 14.073206949287881, 0.0 ], [ 121.211820510108154, 14.072401616367173, 0.0 ], [ 121.211705744098566, 14.07220143359843, 0.0 ], [ 121.211269044629915, 14.071402149530648, 0.0 ], [ 121.211142548980717, 14.071014826406721, 0.0 ], [ 121.210721641181351, 14.070283517601455, 0.0 ], [ 121.210153167525647, 14.069915206256013, 0.0 ], [ 121.209425716669259, 14.069419397172126, 0.0 ], [ 121.209433333040138, 14.068441160231341, 0.0 ], [ 121.208891119963099, 14.069227333366582, 0.0 ], [ 121.208756441126354, 14.069514680616084, 0.0 ], [ 121.208511479992367, 14.069838146323672, 0.0 ], [ 121.208119506940022, 14.069670926429158, 0.0 ], [ 121.207852927945751, 14.070234902305922, 0.0 ], [ 121.205288952561844, 14.069219040897796, 0.0 ], [ 121.205352751140566, 14.069043034246404, 0.0 ], [ 121.205727205862388, 14.068254698730724, 0.0 ], [ 121.204930297775761, 14.067982842847648, 0.0 ], [ 121.204813170716321, 14.067793320212804, 0.0 ], [ 121.203865200131602, 14.067345695799325, 0.0 ], [ 121.204075447808563, 14.066888972902463, 0.0 ], [ 121.202459665067593, 14.066217581309424, 0.0 ], [ 121.200356046353832, 14.065462800282125, 0.0 ], [ 121.200663253190569, 14.064775922810577, 0.0 ], [ 121.200029487819265, 14.064562125162315, 0.0 ], [ 121.200288575377115, 14.063934130177323, 0.0 ], [ 121.199908610069357, 14.063768685477926, 0.0 ], [ 121.200201322729455, 14.062903600948502, 0.0 ], [ 121.200050041242903, 14.062865539761406, 0.0 ], [ 121.199117955453019, 14.062435177620578, 0.0 ], [ 121.198640373633481, 14.063608623088617, 0.0 ], [ 121.198020396620308, 14.063349706933199, 0.0 ], [ 121.197398346005073, 14.064636073866991, 0.0 ], [ 121.198528702527383, 14.065057728996081, 0.0 ], [ 121.198283190389276, 14.06566228073779, 0.0 ], [ 121.198663021406304, 14.06584116294883, 0.0 ], [ 121.198397444489814, 14.066445564986141, 0.0 ], [ 121.196847564768589, 14.065788487599766, 0.0 ], [ 121.195988836459421, 14.067829098325815, 0.0 ], [ 121.197639276001183, 14.068457592717658, 0.0 ], [ 121.197331725266849, 14.069296408105441, 0.0 ], [ 121.196165099897499, 14.068867135565865, 0.0 ], [ 121.195919040388958, 14.06954014243728, 0.0 ], [ 121.197010150289756, 14.069851487972997, 0.0 ], [ 121.196954942958826, 14.069964549950827, 0.0 ], [ 121.19786851855325, 14.070374331281075, 0.0 ], [ 121.198217238323124, 14.070383117045312, 0.0 ], [ 121.199172877518805, 14.070631354349372, 0.0 ], [ 121.19948321342963, 14.070683128116261, 0.0 ], [ 121.199748190280516, 14.070858206257848, 0.0 ], [ 121.200082729218678, 14.07105853073052, 0.0 ], [ 121.200259025589574, 14.071220582170209, 0.0 ], [ 121.200360847655034, 14.071174975245352, 0.0 ], [ 121.200770659794429, 14.071480957611252, 0.0 ], [ 121.201509738466285, 14.071851215762166, 0.0 ], [ 121.201362002326007, 14.072091219111277, 0.0 ], [ 121.201886259433181, 14.072360029517073, 0.0 ], [ 121.202410461342922, 14.072635950442438, 0.0 ], [ 121.203408596182712, 14.073128685641629, 0.0 ], [ 121.204787436251763, 14.073596430433431, 0.0 ], [ 121.204160904938547, 14.075053856039187, 0.0 ], [ 121.204856333890689, 14.075331048016203, 0.0 ], [ 121.205589668452987, 14.075627066857098, 0.0 ], [ 121.206202567497684, 14.075916005325395, 0.0 ], [ 121.207563152296075, 14.076287777022417, 0.0 ], [ 121.207568384665464, 14.076430006208504, 0.0 ], [ 121.207783898058196, 14.076443971342252, 0.0 ], [ 121.207832459972622, 14.076722531723084, 0.0 ], [ 121.20799791958791, 14.077462532261722, 0.0 ], [ 121.208065410812125, 14.077753597159928, 0.0 ], [ 121.208145873712752, 14.078007665795765, 0.0 ], [ 121.208194581695381, 14.078267679576827, 0.0 ], [ 121.208179054694696, 14.078632313886292, 0.0 ], [ 121.208092821956726, 14.079118203728987, 0.0 ], [ 121.208104540329444, 14.079241934345477, 0.0 ], [ 121.208152766314669, 14.079563767687763, 0.0 ], [ 121.208302938778118, 14.079824535263798, 0.0 ], [ 121.208975821803335, 14.080555941609772, 0.0 ], [ 121.209346795838883, 14.080966721630457, 0.0 ], [ 121.209565619348268, 14.081370189682389, 0.0 ], [ 121.209722087573638, 14.081637185346779, 0.0 ], [ 121.209928517729765, 14.082003468543888, 0.0 ], [ 121.210376317419772, 14.082322083801298, 0.0 ], [ 121.210603507377741, 14.082465961138643, 0.0 ], [ 121.2111356752539, 14.082537913827538, 0.0 ], [ 121.211674710533856, 14.082541912024977, 0.0 ], [ 121.212099937086975, 14.082501789673024, 0.0 ], [ 121.212468233211482, 14.082442697748181, 0.0 ], [ 121.2128743366994, 14.082414797068473, 0.0 ], [ 121.213413615344123, 14.0823878815089, 0.0 ], [ 121.213776049555264, 14.082266922613416, 0.0 ], [ 121.214283812654074, 14.082215042826274, 0.0 ], [ 121.214619918399904, 14.082217531528494, 0.0 ], [ 121.214974857909098, 14.08224488886885, 0.0 ], [ 121.215242021922279, 14.082141768326538, 0.0 ], [ 121.215336619094302, 14.082210472845819, 0.0 ], [ 121.215405416088117, 14.082334625956436, 0.0 ], [ 121.215500540631737, 14.08233532991844, 0.0 ], [ 121.215729127614239, 14.082299927758843, 0.0 ], [ 121.215958098564386, 14.082215071519784, 0.0 ], [ 121.216174482715203, 14.082117757082205, 0.0 ], [ 121.21658196490084, 14.082067989234261, 0.0 ] ] ] ] } },
{ "type": "Feature", "properties": { "OBJECTID_1": 11, "BRGY": "Santa Maria", "AREA_HA": 170.78006455799999, "Shape_Leng": 8329.3391364399995, "Shape_Area": 1707800.64558, "pop2007": 11567, "popden": 67.730387794099997, "popden2": 68 }, "geometry": { "type": "MultiPolygon", "coordinates": [ [ [ [ 121.163748418680669, 14.082116688130812, 0.0 ], [ 121.163788472724477, 14.081683824053584, 0.0 ], [ 121.163926830420863, 14.081379110780304, 0.0 ], [ 121.164133023500099, 14.081090202956656, 0.0 ], [ 121.164380807428529, 14.080830159901033, 0.0 ], [ 121.164423726013865, 14.080692891403761, 0.0 ], [ 121.164509767452287, 14.080392875798422, 0.0 ], [ 121.164611571920972, 14.080082788223589, 0.0 ], [ 121.164675602869409, 14.079920199283483, 0.0 ], [ 121.164777132980646, 14.079644517104667, 0.0 ], [ 121.164753437450784, 14.079338569865453, 0.0 ], [ 121.164744447971287, 14.079155041481826, 0.0 ], [ 121.164818973727847, 14.078987436825919, 0.0 ], [ 121.164882171793138, 14.07892931058789, 0.0 ], [ 121.164913861903997, 14.078888782412562, 0.0 ], [ 121.164973008817867, 14.078849596463339, 0.0 ], [ 121.165054419041496, 14.078811887636062, 0.0 ], [ 121.16521595992532, 14.078660498757706, 0.0 ], [ 121.165430854240796, 14.078441482072334, 0.0 ], [ 121.165730600382986, 14.07817572368195, 0.0 ], [ 121.165887668554774, 14.078087999231693, 0.0 ], [ 121.166193353008239, 14.077882849113445, 0.0 ], [ 121.16645685407903, 14.077520711974071, 0.0 ], [ 121.166688161904617, 14.077382740941704, 0.0 ], [ 121.166950853608355, 14.077122027727926, 0.0 ], [ 121.167230273990626, 14.076942080686324, 0.0 ], [ 121.167422052514397, 14.076858852978489, 0.0 ], [ 121.167656824612905, 14.076830997993046, 0.0 ], [ 121.16799128938311, 14.076829304177283, 0.0 ], [ 121.168391409123146, 14.076764595515483, 0.0 ], [ 121.168596520932184, 14.076643361199647, 0.0 ], [ 121.168794024918355, 14.076386573793533, 0.0 ], [ 121.168788002667071, 14.076052026683175, 0.0 ], [ 121.168833812823223, 14.075753890331489, 0.0 ], [ 121.168852805873129, 14.075550792227389, 0.0 ], [ 121.168880416562658, 14.07535622881937, 0.0 ], [ 121.168990716326348, 14.075141122020165, 0.0 ], [ 121.169118288688125, 14.074938848814423, 0.0 ], [ 121.1691845844299, 14.074795389258481, 0.0 ], [ 121.169189535358257, 14.074719211298511, 0.0 ], [ 121.169103209661444, 14.074650809052152, 0.0 ], [ 121.168973385363259, 14.074590545044495, 0.0 ], [ 121.168730333339525, 14.074567529308764, 0.0 ], [ 121.168513578124021, 14.074514882902475, 0.0 ], [ 121.168952292344116, 14.073421556191546, 0.0 ], [ 121.167921083918927, 14.073103384792656, 0.0 ], [ 121.168033038143378, 14.072680814510237, 0.0 ], [ 121.168453617475819, 14.072772926366806, 0.0 ], [ 121.168727305239358, 14.072221395013992, 0.0 ], [ 121.168043444997167, 14.071919810386746, 0.0 ], [ 121.168460852884166, 14.07097058140239, 0.0 ], [ 121.16861926768081, 14.070988054389225, 0.0 ], [ 121.168784161614994, 14.070192061194255, 0.0 ], [ 121.169366575747986, 14.07040962589738, 0.0 ], [ 121.169646929089069, 14.069785345906963, 0.0 ], [ 121.16921463665048, 14.069578688013655, 0.0 ], [ 121.170619117896948, 14.067162227330405, 0.0 ], [ 121.170620735391211, 14.066958860539527, 0.0 ], [ 121.17071569304423, 14.066560957877918, 0.0 ], [ 121.170810715905247, 14.066154919809945, 0.0 ], [ 121.170687361637803, 14.065926200333713, 0.0 ], [ 121.170288763683402, 14.065680757139273, 0.0 ], [ 121.168543522635574, 14.064780791184051, 0.0 ], [ 121.167479865128229, 14.064219530187502, 0.0 ], [ 121.166516408168434, 14.063650889332591, 0.0 ], [ 121.165942831616022, 14.063470125541055, 0.0 ], [ 121.165950361446491, 14.063585677243582, 0.0 ], [ 121.165915738438642, 14.06368853331322, 0.0 ], [ 121.165851637334356, 14.06377879182511, 0.0 ], [ 121.165656751853575, 14.063843307648895, 0.0 ], [ 121.165465993781112, 14.063920229169856, 0.0 ], [ 121.16522934998973, 14.063922555695251, 0.0 ], [ 121.164987988432145, 14.063986717732979, 0.0 ], [ 121.164885728086617, 14.064093184321983, 0.0 ], [ 121.164850758121887, 14.064239348285815, 0.0 ], [ 121.164845578719678, 14.064358928180367, 0.0 ], [ 121.164882257028395, 14.064528322448941, 0.0 ], [ 121.164911010349883, 14.064631660947391, 0.0 ], [ 121.164897480066912, 14.064738801959333, 0.0 ], [ 121.164837832910294, 14.064800220139562, 0.0 ], [ 121.164706456862987, 14.064848719408724, 0.0 ], [ 121.164591981816628, 14.064897346192186, 0.0 ], [ 121.164490115764522, 14.064954318450692, 0.0 ], [ 121.16446413982905, 14.065032491859151, 0.0 ], [ 121.164441351514242, 14.065240619910536, 0.0 ], [ 121.164410886025365, 14.065351757826662, 0.0 ], [ 121.164334766303739, 14.065359427774643, 0.0 ], [ 121.164276041361006, 14.065305359303567, 0.0 ], [ 121.164166811680488, 14.065226157758529, 0.0 ], [ 121.164048933114131, 14.065171639384879, 0.0 ], [ 121.163935214957206, 14.065125402265091, 0.0 ], [ 121.163787365534333, 14.065120152894083, 0.0 ], [ 121.163630868057538, 14.065139585728398, 0.0 ], [ 121.16347446934607, 14.065146645622139, 0.0 ], [ 121.163360323258729, 14.065154026878059, 0.0 ], [ 121.16323304032791, 14.065219054840515, 0.0 ], [ 121.163118102842276, 14.065325424961616, 0.0 ], [ 121.163087835262402, 14.065411815164483, 0.0 ], [ 121.163087176548487, 14.06549430493401, 0.0 ], [ 121.163133291275116, 14.06554002895883, 0.0 ], [ 121.163230208066054, 14.065573764133285, 0.0 ], [ 121.163411990680956, 14.065562772725894, 0.0 ], [ 121.163572713720541, 14.065543372214817, 0.0 ], [ 121.163644476529285, 14.065552167792694, 0.0 ], [ 121.163699074865661, 14.065593830524268, 0.0 ], [ 121.163749480868347, 14.065631337428789, 0.0 ], [ 121.16382976010911, 14.065631948075286, 0.0 ], [ 121.163909611372517, 14.065686177340346, 0.0 ], [ 121.163968105853954, 14.06576911796593, 0.0 ], [ 121.163984282701136, 14.065859985483034, 0.0 ], [ 121.163949641908943, 14.065964904297637, 0.0 ], [ 121.163864314186398, 14.066067374241918, 0.0 ], [ 121.16373244335216, 14.066177740660851, 0.0 ], [ 121.163625923176582, 14.066288298945878, 0.0 ], [ 121.163472695162199, 14.066427375621824, 0.0 ], [ 121.163421235209455, 14.066521854279374, 0.0 ], [ 121.163315077000718, 14.066587042921263, 0.0 ], [ 121.163154255332003, 14.066618816910449, 0.0 ], [ 121.163056168782845, 14.066731502380506, 0.0 ], [ 121.162971103901612, 14.066800976198248, 0.0 ], [ 121.162970412128885, 14.06688759143476, 0.0 ], [ 121.163016197674409, 14.066974559482492, 0.0 ], [ 121.163142230939371, 14.067066263950158, 0.0 ], [ 121.163335307329319, 14.067228599711635, 0.0 ], [ 121.163393538430299, 14.067344536216718, 0.0 ], [ 121.163405621507479, 14.067418874184785, 0.0 ], [ 121.163341748833432, 14.067480259705546, 0.0 ], [ 121.163265068454677, 14.067558047060229, 0.0 ], [ 121.163187580999505, 14.067736885648912, 0.0 ], [ 121.163195010485921, 14.067864810078509, 0.0 ], [ 121.163257038738195, 14.068034397392175, 0.0 ], [ 121.163315138186519, 14.068166833146496, 0.0 ], [ 121.163309990586683, 14.068282287381319, 0.0 ], [ 121.163220073940806, 14.068430095145304, 0.0 ], [ 121.163181009306257, 14.068559728147068, 0.0 ], [ 121.163209763035482, 14.068663066791098, 0.0 ], [ 121.16327245025694, 14.068750163458786, 0.0 ], [ 121.163419939627886, 14.068800783790326, 0.0 ], [ 121.163537687084428, 14.068871800972325, 0.0 ], [ 121.163596182091126, 14.068954740846159, 0.0 ], [ 121.163616386564001, 14.069070388902301, 0.0 ], [ 121.163611206100271, 14.069189967730178, 0.0 ], [ 121.163648179280912, 14.069322241792944, 0.0 ], [ 121.163702104191202, 14.069448457592088, 0.0 ], [ 121.163776776206191, 14.069622266781522, 0.0 ], [ 121.163843458690565, 14.069738267555323, 0.0 ], [ 121.163922619693253, 14.069879112234208, 0.0 ], [ 121.163985109885971, 14.06999095716176, 0.0 ], [ 121.164039132967275, 14.070104799175139, 0.0 ], [ 121.163991601192521, 14.070236430311242, 0.0 ], [ 121.163889238480024, 14.07035527067217, 0.0 ], [ 121.163698177880363, 14.070469310329907, 0.0 ], [ 121.163536858409984, 14.070562952906018, 0.0 ], [ 121.163367450474908, 14.070611160685973, 0.0 ], [ 121.163265911849479, 14.070626887192395, 0.0 ], [ 121.163202004268854, 14.070692397117964, 0.0 ], [ 121.163187780588117, 14.070886153061645, 0.0 ], [ 121.163174033683063, 14.071020103526571, 0.0 ], [ 121.163118643521585, 14.071077428589692, 0.0 ], [ 121.163008422354508, 14.07112196266292, 0.0 ], [ 121.162923256806209, 14.071203809969871, 0.0 ], [ 121.162841888161736, 14.071339307995851, 0.0 ], [ 121.162722854483135, 14.071429146113006, 0.0 ], [ 121.162599661249928, 14.071510703738216, 0.0 ], [ 121.162417708191654, 14.071542316819565, 0.0 ], [ 121.162265497572406, 14.07155353214225, 0.0 ], [ 121.162103893982973, 14.071590705427733, 0.0 ], [ 121.162101040426919, 14.071590827393781, 0.0 ], [ 121.162096562487093, 14.071592392064154, 0.0 ], [ 121.162091930214714, 14.071593457579405, 0.0 ], [ 121.162092853310384, 14.071593687842377, 0.0 ], [ 121.161981885351921, 14.071632448722307, 0.0 ], [ 121.161910287395472, 14.071670565903645, 0.0 ], [ 121.161889433591156, 14.071801860095333, 0.0 ], [ 121.161911651879961, 14.071995342107755, 0.0 ], [ 121.161938355273179, 14.072123132215795, 0.0 ], [ 121.161945534737953, 14.072215976490025, 0.0 ], [ 121.161924928118751, 14.072316342698011, 0.0 ], [ 121.161880775098481, 14.072389465111998, 0.0 ], [ 121.161827551360972, 14.072434213113794, 0.0 ], [ 121.161820683434527, 14.072429794661087, 0.0 ], [ 121.161768519514922, 14.072482104464354, 0.0 ], [ 121.161581841095995, 14.072599960493962, 0.0 ], [ 121.161350871105796, 14.072755648834534, 0.0 ], [ 121.161197603363149, 14.072973953272927, 0.0 ], [ 121.161157396985857, 14.073112010999598, 0.0 ], [ 121.161093019951338, 14.073216485541391, 0.0 ], [ 121.160999051541125, 14.073354132567571, 0.0 ], [ 121.160832227755478, 14.073433970146001, 0.0 ], [ 121.160699616348793, 14.073514068407356, 0.0 ], [ 121.160503315463799, 14.073612765999828, 0.0 ], [ 121.160282423012617, 14.07373036088096, 0.0 ], [ 121.160159701476587, 14.07379622115695, 0.0 ], [ 121.159963857465456, 14.073837667710668, 0.0 ], [ 121.15976347066578, 14.073836139383605, 0.0 ], [ 121.159611422878342, 14.073901775673438, 0.0 ], [ 121.159479002742543, 14.073958019554039, 0.0 ], [ 121.159351507201194, 14.074009529003927, 0.0 ], [ 121.15917521335794, 14.074051124028037, 0.0 ], [ 121.158951707729287, 14.074116039307725, 0.0 ], [ 121.158910945683971, 14.074158771332099, 0.0 ], [ 121.158877158393736, 14.074248184913218, 0.0 ], [ 121.158876526443962, 14.074327090283935, 0.0 ], [ 121.158916183546609, 14.074422444486043, 0.0 ], [ 121.158944285581313, 14.074584067300593, 0.0 ], [ 121.158983755109276, 14.074702734689007, 0.0 ], [ 121.158938916235073, 14.074795651007683, 0.0 ], [ 121.1588752170492, 14.074949400012093, 0.0 ], [ 121.158837726296809, 14.075042371473694, 0.0 ], [ 121.158774745173588, 14.075106454509896, 0.0 ], [ 121.158645066084958, 14.075239971404226, 0.0 ], [ 121.158611307209185, 14.075325798958838, 0.0 ], [ 121.158566238187063, 14.075447407285527, 0.0 ], [ 121.158543272188439, 14.075562011978032, 0.0 ], [ 121.158494328270308, 14.075708699304521, 0.0 ], [ 121.1584903088781, 14.075751710779684, 0.0 ], [ 121.158481925270294, 14.075880773253317, 0.0 ], [ 121.158447405652666, 14.076061645591597, 0.0 ], [ 121.158439395549536, 14.076144082584893, 0.0 ], [ 121.158412525825256, 14.076287351308222, 0.0 ], [ 121.158382498732564, 14.076366033141593, 0.0 ], [ 121.158300627757058, 14.07649453455401, 0.0 ], [ 121.158270255717454, 14.076616255880873, 0.0 ], [ 121.158280215212756, 14.076749045441025, 0.0 ], [ 121.158294251668806, 14.076831649835155, 0.0 ], [ 121.158337812404412, 14.076898339173816, 0.0 ], [ 121.158421490175144, 14.077002996776711, 0.0 ], [ 121.158556350140842, 14.077140326926994, 0.0 ], [ 121.15865811192144, 14.077280991435167, 0.0 ], [ 121.158690664313639, 14.077345802707709, 0.0 ], [ 121.158704729658467, 14.077424821147313, 0.0 ], [ 121.158707441659985, 14.077545001089396, 0.0 ], [ 121.158692054493372, 14.077630968845627, 0.0 ], [ 121.158639003472686, 14.077831427253452, 0.0 ], [ 121.158552596163375, 14.078067499893999, 0.0 ], [ 121.15847388184801, 14.078260589065488, 0.0 ], [ 121.158428998790569, 14.078358884980002, 0.0 ], [ 121.158413495544977, 14.078459198287419, 0.0 ], [ 121.158349364483357, 14.07866674611253, 0.0 ], [ 121.158278601700729, 14.078784571907759, 0.0 ], [ 121.158219006463455, 14.078884548499476, 0.0 ], [ 121.158130360919913, 14.078941261085735, 0.0 ], [ 121.158067895877451, 14.078940784056226, 0.0 ], [ 121.157998197494265, 14.078925904389635, 0.0 ], [ 121.157895543368397, 14.07889642562608, 0.0 ], [ 121.157785570611551, 14.078863304755542, 0.0 ], [ 121.157741607218156, 14.078846827594855, 0.0 ], [ 121.157591157015503, 14.078820570700097, 0.0 ], [ 121.157502482615072, 14.078880869889868, 0.0 ], [ 121.157410133539543, 14.078941140968357, 0.0 ], [ 121.157313823120134, 14.079037249723623, 0.0 ], [ 121.157309256928428, 14.079148407661974, 0.0 ], [ 121.157378365751029, 14.079236812979701, 0.0 ], [ 121.157546468591619, 14.079352876208644, 0.0 ], [ 121.157663043160653, 14.079479306938975, 0.0 ], [ 121.157824200509793, 14.07954510158552, 0.0 ], [ 121.157956134256636, 14.079589151417418, 0.0 ], [ 121.15820918014731, 14.079652060552283, 0.0 ], [ 121.158366778155326, 14.079703479400642, 0.0 ], [ 121.158454130519701, 14.079808165148382, 0.0 ], [ 121.158445905467886, 14.079917501237718, 0.0 ], [ 121.158360904514538, 14.079977828765708, 0.0 ], [ 121.158280095611104, 14.079973624610508, 0.0 ], [ 121.158151577477781, 14.07996188283855, 0.0 ], [ 121.157989816882932, 14.079971407720492, 0.0 ], [ 121.157882827267656, 14.08002439388228, 0.0 ], [ 121.157779425076626, 14.080088166796065, 0.0 ], [ 121.157708892464825, 14.080177299335285, 0.0 ], [ 121.157593705037996, 14.080336034500258, 0.0 ], [ 121.157545334310598, 14.08041098890539, 0.0 ], [ 121.157492971610623, 14.080525367849347, 0.0 ], [ 121.157451661581803, 14.080636245055294, 0.0 ], [ 121.157428564773241, 14.080766988027008, 0.0 ], [ 121.157398968006461, 14.080791870472916, 0.0 ], [ 121.157299758663768, 14.080791112436611, 0.0 ], [ 121.157178559828651, 14.080783012190745, 0.0 ], [ 121.157064709395328, 14.080774968944882, 0.0 ], [ 121.15697626421786, 14.080806573938876, 0.0 ], [ 121.156887617615993, 14.080863286835212, 0.0 ], [ 121.156835225701656, 14.080981252427812, 0.0 ], [ 121.156845126686335, 14.081121214716324, 0.0 ], [ 121.156873860411082, 14.081203932373741, 0.0 ], [ 121.156953691482386, 14.08133008175766, 0.0 ], [ 121.15701146115201, 14.081457856506562, 0.0 ], [ 121.157047256620871, 14.081576496093826, 0.0 ], [ 121.157078658217571, 14.081784773383511, 0.0 ], [ 121.157052245944044, 14.081870655743149, 0.0 ], [ 121.156900874155227, 14.081959170104771, 0.0 ], [ 121.156763941073933, 14.082080076525784, 0.0 ], [ 121.156616157399625, 14.082179378403865, 0.0 ], [ 121.156527740388938, 14.082207397212736, 0.0 ], [ 121.15644061845768, 14.082074017813667, 0.0 ], [ 121.156301622199621, 14.081994045074568, 0.0 ], [ 121.156062854051925, 14.081983252187394, 0.0 ], [ 121.15587540002312, 14.081988991936781, 0.0 ], [ 121.15569118787873, 14.082048559608266, 0.0 ], [ 121.155554398159722, 14.082151531934564, 0.0 ], [ 121.155527640671252, 14.082280453486925, 0.0 ], [ 121.155556172435453, 14.082388277362099, 0.0 ], [ 121.155629171961891, 14.082449812223601, 0.0 ], [ 121.155760962773215, 14.082511796723271, 0.0 ], [ 121.15592266749816, 14.082509446356964, 0.0 ], [ 121.156110468319099, 14.082460666282845, 0.0 ], [ 121.156260862069331, 14.082494098050915, 0.0 ], [ 121.156451358984654, 14.082567291361681, 0.0 ], [ 121.156586364367968, 14.082686689477988, 0.0 ], [ 121.156621827838094, 14.082846575589365, 0.0 ], [ 121.156643011708368, 14.082954343224266, 0.0 ], [ 121.156630260897927, 14.083169456217094, 0.0 ], [ 121.156581025758058, 14.083352009382637, 0.0 ], [ 121.156461916396623, 14.083541201520463, 0.0 ], [ 121.156391698709754, 14.08359088085839, 0.0 ], [ 121.156273338417066, 14.083686820293934, 0.0 ], [ 121.156177513789416, 14.083721956388185, 0.0 ], [ 121.156059959445571, 14.083717470344121, 0.0 ], [ 121.15599416395564, 14.083673925080204, 0.0 ], [ 121.155965257620295, 14.083612727504581, 0.0 ], [ 121.155918784863331, 14.083450964064136, 0.0 ], [ 121.155894474577934, 14.083275022761988, 0.0 ], [ 121.155792597285568, 14.083148703512794, 0.0 ], [ 121.155672030829194, 14.08306169719428, 0.0 ], [ 121.155554706302269, 14.083028517986893, 0.0 ], [ 121.155448031524628, 14.083042049328222, 0.0 ], [ 121.15536650267974, 14.083127510673718, 0.0 ], [ 121.15531054986468, 14.08323110116938, 0.0 ], [ 121.155287956344438, 14.083299078027402, 0.0 ], [ 121.155283504037357, 14.083395888383263, 0.0 ], [ 121.155293807189267, 14.083485638401772, 0.0 ], [ 121.155352040933238, 14.083652405689998, 0.0 ], [ 121.15539780381053, 14.083841989048551, 0.0 ], [ 121.155297881760944, 14.083919686311463, 0.0 ], [ 121.155093828042936, 14.084010433423536, 0.0 ], [ 121.15483270153473, 14.084142282662194, 0.0 ], [ 121.154704373044936, 14.084224378703551, 0.0 ], [ 121.154627905963395, 14.084325332919059, 0.0 ], [ 121.154579920047283, 14.084412658440641, 0.0 ], [ 121.154678174182564, 14.084542642348987, 0.0 ], [ 121.154875831986658, 14.084659541224921, 0.0 ], [ 121.155139091889211, 14.08485078811292, 0.0 ], [ 121.155339542733728, 14.084984986315579, 0.0 ], [ 121.155340148085045, 14.084909606562977, 0.0 ], [ 121.155367308959924, 14.084782412583669, 0.0 ], [ 121.155419993814462, 14.084731853866868, 0.0 ], [ 121.155498692763587, 14.084696784142555, 0.0 ], [ 121.155639876587387, 14.084692767852511, 0.0 ], [ 121.155786289646855, 14.084688791478575, 0.0 ], [ 121.155911708597927, 14.084694847163266, 0.0 ], [ 121.156167775783771, 14.084706997426668, 0.0 ], [ 121.15648726868649, 14.084632999641121, 0.0 ], [ 121.156775139942511, 14.084470350073175, 0.0 ], [ 121.156865193850834, 14.084323251168959, 0.0 ], [ 121.156965497018263, 14.084201712387927, 0.0 ], [ 121.157133514296177, 14.084111266603387, 0.0 ], [ 121.157395217173544, 14.084072498522513, 0.0 ], [ 121.157631273584997, 14.083972380486786, 0.0 ], [ 121.157831471030136, 14.083780258129055, 0.0 ], [ 121.157932346446302, 14.083587377692773, 0.0 ], [ 121.158090724441095, 14.083394936460847, 0.0 ], [ 121.158248163478063, 14.083319697170126, 0.0 ], [ 121.158457343993092, 14.083311103029004, 0.0 ], [ 121.15864451415041, 14.083439934467608, 0.0 ], [ 121.158882528738573, 14.083747517945302, 0.0 ], [ 121.159331484325506, 14.084046518963744, 0.0 ], [ 121.159696839214945, 14.084120653462152, 0.0 ], [ 121.160056803771269, 14.084215129982081, 0.0 ], [ 121.160558197376076, 14.084275013122028, 0.0 ], [ 121.160920161723595, 14.084119794849938, 0.0 ], [ 121.161335054773232, 14.083883443007792, 0.0 ], [ 121.161515114785644, 14.083594337922017, 0.0 ], [ 121.16188855251184, 14.083311803253958, 0.0 ], [ 121.162255919789985, 14.083091915496121, 0.0 ], [ 121.162601873224972, 14.082977341541939, 0.0 ], [ 121.163042410535652, 14.082802334668365, 0.0 ], [ 121.163321790910459, 14.082513984468928, 0.0 ], [ 121.163748418680669, 14.082116688130812, 0.0 ] ] ] ] } },
{ "type": "Feature", "properties": { "OBJECTID_1": 12, "BRGY": "San Jose", "AREA_HA": 176.81617871700001, "Shape_Leng": 9425.5411242200007, "Shape_Area": 1768161.7871699999, "pop2007": 2259, "popden": 12.7759802094, "popden2": 13 }, "geometry": { "type": "MultiPolygon", "coordinates": [ [ [ [ 121.21706040073289, 14.082233854600782, 0.0 ], [ 121.216833641817729, 14.082102571501293, 0.0 ], [ 121.21658196490084, 14.082067989234261, 0.0 ], [ 121.216174482715203, 14.082117757082205, 0.0 ], [ 121.215958098564386, 14.082215071519784, 0.0 ], [ 121.215729127614239, 14.082299927758843, 0.0 ], [ 121.215500540631737, 14.08233532991844, 0.0 ], [ 121.215405416088117, 14.082334625956436, 0.0 ], [ 121.215336619094302, 14.082210472845819, 0.0 ], [ 121.215242021922279, 14.082141768326538, 0.0 ], [ 121.214974857909098, 14.08224488886885, 0.0 ], [ 121.214619918399904, 14.082217531528494, 0.0 ], [ 121.214283812654074, 14.082215042826274, 0.0 ], [ 121.213776049555264, 14.082266922613416, 0.0 ], [ 121.213413615344123, 14.0823878815089, 0.0 ], [ 121.2128743366994, 14.082414797068473, 0.0 ], [ 121.212468233211482, 14.082442697748181, 0.0 ], [ 121.212099937086975, 14.082501789673024, 0.0 ], [ 121.211674710533856, 14.082541912024977, 0.0 ], [ 121.2111356752539, 14.082537913827538, 0.0 ], [ 121.210603507377741, 14.082465961138643, 0.0 ], [ 121.210376317419772, 14.082322083801298, 0.0 ], [ 121.209928517729765, 14.082003468543888, 0.0 ], [ 121.209722087573638, 14.081637185346779, 0.0 ], [ 121.209565619348268, 14.081370189682389, 0.0 ], [ 121.209346795838883, 14.080966721630457, 0.0 ], [ 121.208975821803335, 14.080555941609772, 0.0 ], [ 121.208302938778118, 14.079824535263798, 0.0 ], [ 121.208152766314669, 14.079563767687763, 0.0 ], [ 121.208104540329444, 14.079241934345477, 0.0 ], [ 121.208092821956726, 14.079118203728987, 0.0 ], [ 121.208179054694696, 14.078632313886292, 0.0 ], [ 121.208194581695381, 14.078267679576827, 0.0 ], [ 121.208145873712752, 14.078007665795765, 0.0 ], [ 121.208065410812125, 14.077753597159928, 0.0 ], [ 121.20799791958791, 14.077462532261722, 0.0 ], [ 121.207832459972622, 14.076722531723084, 0.0 ], [ 121.207783898058196, 14.076443971342252, 0.0 ], [ 121.207568384665464, 14.076430006208504, 0.0 ], [ 121.207563152296075, 14.076287777022417, 0.0 ], [ 121.206202567497684, 14.075916005325395, 0.0 ], [ 121.205589668452987, 14.075627066857098, 0.0 ], [ 121.204856333890689, 14.075331048016203, 0.0 ], [ 121.204160904938547, 14.075053856039187, 0.0 ], [ 121.204787436251763, 14.073596430433431, 0.0 ], [ 121.203408596182712, 14.073128685641629, 0.0 ], [ 121.202410461342922, 14.072635950442438, 0.0 ], [ 121.201886259433181, 14.072360029517073, 0.0 ], [ 121.201362002326007, 14.072091219111277, 0.0 ], [ 121.201509738466285, 14.071851215762166, 0.0 ], [ 121.200770659794429, 14.071480957611252, 0.0 ], [ 121.200360847655034, 14.071174975245352, 0.0 ], [ 121.200259025589574, 14.071220582170209, 0.0 ], [ 121.200082729218678, 14.07105853073052, 0.0 ], [ 121.199748190280516, 14.070858206257848, 0.0 ], [ 121.19948321342963, 14.070683128116261, 0.0 ], [ 121.199172877518805, 14.070631354349372, 0.0 ], [ 121.198217238323124, 14.070383117045312, 0.0 ], [ 121.19786851855325, 14.070374331281075, 0.0 ], [ 121.196954942958826, 14.069964549950827, 0.0 ], [ 121.196510527813516, 14.07087469484029, 0.0 ], [ 121.195739977777663, 14.070624425606441, 0.0 ], [ 121.195220054064166, 14.07167681772833, 0.0 ], [ 121.19452999046581, 14.071397804945814, 0.0 ], [ 121.194531987026593, 14.071143530800827, 0.0 ], [ 121.19353139418412, 14.070803509882571, 0.0 ], [ 121.192171015394749, 14.070314085529992, 0.0 ], [ 121.190859438641041, 14.069971724513122, 0.0 ], [ 121.190078484818059, 14.069770262296135, 0.0 ], [ 121.189619191258274, 14.070764411566154, 0.0 ], [ 121.188169867512713, 14.070078691933983, 0.0 ], [ 121.187802951495101, 14.070423532090285, 0.0 ], [ 121.187658454532681, 14.070778689468801, 0.0 ], [ 121.18750649961612, 14.071133789781333, 0.0 ], [ 121.187451469696398, 14.071227023999521, 0.0 ], [ 121.187613264936871, 14.071320292497342, 0.0 ], [ 121.187673037127922, 14.071554325717401, 0.0 ], [ 121.187671106558071, 14.071799257007751, 0.0 ], [ 121.188414765536038, 14.072126520260625, 0.0 ], [ 121.188303234251649, 14.072379296061015, 0.0 ], [ 121.189517694800756, 14.072908987876856, 0.0 ], [ 121.189737203975838, 14.072854229537308, 0.0 ], [ 121.19003289003463, 14.072689596081, 0.0 ], [ 121.190206136494012, 14.072423933252393, 0.0 ], [ 121.190269587660794, 14.072190817332501, 0.0 ], [ 121.190483017401249, 14.072038915181217, 0.0 ], [ 121.190791919429287, 14.071934446298265, 0.0 ], [ 121.191060168100165, 14.071776280103679, 0.0 ], [ 121.191430524591752, 14.07169229261252, 0.0 ], [ 121.191957285726886, 14.071742958650526, 0.0 ], [ 121.192148234184273, 14.071837826482211, 0.0 ], [ 121.19220832505215, 14.07203182460295, 0.0 ], [ 121.192239983466351, 14.072359091004691, 0.0 ], [ 121.192258316262567, 14.072639538981344, 0.0 ], [ 121.192298237979685, 14.072786667404475, 0.0 ], [ 121.192351220275569, 14.073013982811057, 0.0 ], [ 121.192204046853419, 14.073446694582808, 0.0 ], [ 121.192188308107959, 14.073706864748749, 0.0 ], [ 121.192317330281696, 14.073841312732316, 0.0 ], [ 121.192584110482144, 14.073870007457639, 0.0 ], [ 121.192791297455557, 14.073641303246108, 0.0 ], [ 121.193781224688664, 14.073995767942691, 0.0 ], [ 121.19394161691983, 14.073623220552236, 0.0 ], [ 121.195258891970326, 14.074140307136018, 0.0 ], [ 121.195297609066827, 14.074440915832076, 0.0 ], [ 121.195116209713916, 14.074873372926833, 0.0 ], [ 121.195168723513419, 14.075160751242542, 0.0 ], [ 121.195809518741783, 14.075512595600459, 0.0 ], [ 121.196116094513286, 14.075705088776637, 0.0 ], [ 121.195964068394744, 14.075884152129914, 0.0 ], [ 121.196195469536576, 14.076059408174496, 0.0 ], [ 121.196119431137816, 14.076152276931433, 0.0 ], [ 121.196999159378194, 14.076592668031603, 0.0 ], [ 121.1969844367798, 14.076724024103514, 0.0 ], [ 121.197209254693675, 14.076865859519728, 0.0 ], [ 121.197181033424414, 14.076972434046255, 0.0 ], [ 121.19729009819045, 14.077033315887741, 0.0 ], [ 121.197192265435675, 14.077286199818225, 0.0 ], [ 121.19794223895039, 14.077685575027621, 0.0 ], [ 121.198589526401832, 14.078084180405945, 0.0 ], [ 121.198757125855451, 14.077664964472953, 0.0 ], [ 121.200012458530097, 14.078228284887313, 0.0 ], [ 121.199941541459623, 14.078541437877417, 0.0 ], [ 121.200357792536238, 14.078718069998324, 0.0 ], [ 121.200048733887712, 14.079366204745211, 0.0 ], [ 121.200790350587823, 14.07974049032816, 0.0 ], [ 121.200333524912935, 14.080569696402026, 0.0 ], [ 121.201278642480631, 14.081027444395549, 0.0 ], [ 121.201823138192864, 14.081271486842727, 0.0 ], [ 121.201966734194443, 14.0813369427071, 0.0 ], [ 121.202864821147585, 14.081785555061833, 0.0 ], [ 121.203779806573877, 14.082501790161283, 0.0 ], [ 121.205607752728767, 14.083709457078394, 0.0 ], [ 121.205211421850038, 14.084482058883987, 0.0 ], [ 121.206343952027026, 14.085079242795821, 0.0 ], [ 121.206567322067073, 14.085210663842785, 0.0 ], [ 121.206438215532614, 14.08543435472923, 0.0 ], [ 121.207041979602693, 14.085781735691798, 0.0 ], [ 121.206937407308899, 14.085970138144377, 0.0 ], [ 121.207783798813125, 14.086313410226285, 0.0 ], [ 121.208962124326646, 14.086866061422905, 0.0 ], [ 121.209632554382878, 14.08726511838292, 0.0 ], [ 121.209756106365688, 14.086896620882303, 0.0 ], [ 121.209988894072467, 14.086333896435008, 0.0 ], [ 121.211232131831125, 14.085726084456418, 0.0 ], [ 121.212317419891889, 14.084897884895677, 0.0 ], [ 121.213571840165216, 14.083981086313594, 0.0 ], [ 121.214080664111847, 14.083925209621093, 0.0 ], [ 121.214714100774813, 14.083990685429612, 0.0 ], [ 121.215656639678699, 14.083701517023721, 0.0 ], [ 121.216475836302777, 14.082718463684962, 0.0 ], [ 121.21706040073289, 14.082233854600782, 0.0 ] ] ] ] } },
{ "type": "Feature", "properties": { "OBJECTID_1": 13, "BRGY": "San Felix", "AREA_HA": 269.28717649599997, "Shape_Leng": 10460.780627100001, "Shape_Area": 2692871.7649599998, "pop2007": 4174, "popden": 15.5001810866, "popden2": 16 }, "geometry": { "type": "MultiPolygon", "coordinates": [ [ [ [ 121.208835207047684, 14.091782045782089, 0.0 ], [ 121.208837200262479, 14.091780789862792, 0.0 ], [ 121.208925695026934, 14.091601044943472, 0.0 ], [ 121.209068621112053, 14.091421702668606, 0.0 ], [ 121.209223426045881, 14.091115104903661, 0.0 ], [ 121.209171562215047, 14.090785748517787, 0.0 ], [ 121.209033932977249, 14.090285962698776, 0.0 ], [ 121.209100316255473, 14.090023069667808, 0.0 ], [ 121.209295162394085, 14.089724263491863, 0.0 ], [ 121.209460253975422, 14.08953783162333, 0.0 ], [ 121.209539084632326, 14.089303842896816, 0.0 ], [ 121.209455017816069, 14.088974815797759, 0.0 ], [ 121.209408867574581, 14.08872113406883, 0.0 ], [ 121.209392324029366, 14.088373842180625, 0.0 ], [ 121.209422516784514, 14.088205173558594, 0.0 ], [ 121.209579078605969, 14.087877933839749, 0.0 ], [ 121.209659005476851, 14.087503209750814, 0.0 ], [ 121.209632554382878, 14.08726511838292, 0.0 ], [ 121.208962124326646, 14.086866061422905, 0.0 ], [ 121.207783798813125, 14.086313410226285, 0.0 ], [ 121.206937407308899, 14.085970138144377, 0.0 ], [ 121.207041979602693, 14.085781735691798, 0.0 ], [ 121.206438215532614, 14.08543435472923, 0.0 ], [ 121.206567322067073, 14.085210663842785, 0.0 ], [ 121.206343952027026, 14.085079242795821, 0.0 ], [ 121.205211421850038, 14.084482058883987, 0.0 ], [ 121.205607752728767, 14.083709457078394, 0.0 ], [ 121.203779806573877, 14.082501790161283, 0.0 ], [ 121.202864821147585, 14.081785555061833, 0.0 ], [ 121.201966734194443, 14.0813369427071, 0.0 ], [ 121.201823138192864, 14.081271486842727, 0.0 ], [ 121.201278642480631, 14.081027444395549, 0.0 ], [ 121.200333524912935, 14.080569696402026, 0.0 ], [ 121.200790350587823, 14.07974049032816, 0.0 ], [ 121.200048733887712, 14.079366204745211, 0.0 ], [ 121.200357792536238, 14.078718069998324, 0.0 ], [ 121.199941541459623, 14.078541437877417, 0.0 ], [ 121.200012458530097, 14.078228284887313, 0.0 ], [ 121.198757125855451, 14.077664964472953, 0.0 ], [ 121.198589526401832, 14.078084180405945, 0.0 ], [ 121.19794223895039, 14.077685575027621, 0.0 ], [ 121.197192265435675, 14.077286199818225, 0.0 ], [ 121.19729009819045, 14.077033315887741, 0.0 ], [ 121.197181033424414, 14.076972434046255, 0.0 ], [ 121.197209254693675, 14.076865859519728, 0.0 ], [ 121.1969844367798, 14.076724024103514, 0.0 ], [ 121.196999159378194, 14.076592668031603, 0.0 ], [ 121.196119431137816, 14.076152276931433, 0.0 ], [ 121.196195469536576, 14.076059408174496, 0.0 ], [ 121.195964068394744, 14.075884152129914, 0.0 ], [ 121.196116094513286, 14.075705088776637, 0.0 ], [ 121.195809518741783, 14.075512595600459, 0.0 ], [ 121.195168723513419, 14.075160751242542, 0.0 ], [ 121.195116209713916, 14.074873372926833, 0.0 ], [ 121.195297609066827, 14.074440915832076, 0.0 ], [ 121.195258891970326, 14.074140307136018, 0.0 ], [ 121.19394161691983, 14.073623220552236, 0.0 ], [ 121.193781224688664, 14.073995767942691, 0.0 ], [ 121.192791297455557, 14.073641303246108, 0.0 ], [ 121.192584110482144, 14.073870007457639, 0.0 ], [ 121.192317330281696, 14.073841312732316, 0.0 ], [ 121.192188308107959, 14.073706864748749, 0.0 ], [ 121.192204046853419, 14.073446694582808, 0.0 ], [ 121.192351220275569, 14.073013982811057, 0.0 ], [ 121.192298237979685, 14.072786667404475, 0.0 ], [ 121.192258316262567, 14.072639538981344, 0.0 ], [ 121.192239983466351, 14.072359091004691, 0.0 ], [ 121.19220832505215, 14.07203182460295, 0.0 ], [ 121.192148234184273, 14.071837826482211, 0.0 ], [ 121.191957285726886, 14.071742958650526, 0.0 ], [ 121.191430524591752, 14.07169229261252, 0.0 ], [ 121.191060168100165, 14.071776280103679, 0.0 ], [ 121.190791919429287, 14.071934446298265, 0.0 ], [ 121.190483017401249, 14.072038915181217, 0.0 ], [ 121.190269587660794, 14.072190817332501, 0.0 ], [ 121.190206136494012, 14.072423933252393, 0.0 ], [ 121.19003289003463, 14.072689596081, 0.0 ], [ 121.189737203975838, 14.072854229537308, 0.0 ], [ 121.189517694800756, 14.072908987876856, 0.0 ], [ 121.188303234251649, 14.072379296061015, 0.0 ], [ 121.188414765536038, 14.072126520260625, 0.0 ], [ 121.187671106558071, 14.071799257007751, 0.0 ], [ 121.187673037127922, 14.071554325717401, 0.0 ], [ 121.187613264936871, 14.071320292497342, 0.0 ], [ 121.187451469696398, 14.071227023999521, 0.0 ], [ 121.187408237379444, 14.071300268316794, 0.0 ], [ 121.187213715717718, 14.071378779468052, 0.0 ], [ 121.186989879977361, 14.071391637954187, 0.0 ], [ 121.18683321871589, 14.071397731831818, 0.0 ], [ 121.186691528793261, 14.071396667156007, 0.0 ], [ 121.186536128940361, 14.071242823844171, 0.0 ], [ 121.186335067129278, 14.071204961644064, 0.0 ], [ 121.18615637776017, 14.071167267447558, 0.0 ], [ 121.185954685230911, 14.071209372514675, 0.0 ], [ 121.185790166116618, 14.071266297874345, 0.0 ], [ 121.185514530899709, 14.071227874341206, 0.0 ], [ 121.185341466241098, 14.071227623166191, 0.0 ], [ 121.184828510870688, 14.071289500181217, 0.0 ], [ 121.184511246252271, 14.071333126943133, 0.0 ], [ 121.184186304493849, 14.071495018015764, 0.0 ], [ 121.183935064255792, 14.071716610522204, 0.0 ], [ 121.183770698308095, 14.072037471179879, 0.0 ], [ 121.183465670807152, 14.072238951211316, 0.0 ], [ 121.183133597603856, 14.072450086524029, 0.0 ], [ 121.18281643428854, 14.072480565162245, 0.0 ], [ 121.182640555976121, 14.072551547741513, 0.0 ], [ 121.182430443257275, 14.072688007171474, 0.0 ], [ 121.182287289220966, 14.072884131565615, 0.0 ], [ 121.182152125029262, 14.072922553470885, 0.0 ], [ 121.181936361418224, 14.07292092781301, 0.0 ], [ 121.181789192105114, 14.07294438278055, 0.0 ], [ 121.1822228428844, 14.073373702568768, 0.0 ], [ 121.182899282579442, 14.074037749037549, 0.0 ], [ 121.182654289629411, 14.074512329479518, 0.0 ], [ 121.183388239239036, 14.074797630401751, 0.0 ], [ 121.184362120194194, 14.075248949932092, 0.0 ], [ 121.184843136144337, 14.075435030926998, 0.0 ], [ 121.184614252147043, 14.075976637416433, 0.0 ], [ 121.184908701610937, 14.076086301233515, 0.0 ], [ 121.184625621751081, 14.076643719162536, 0.0 ], [ 121.184216595810156, 14.077348183136328, 0.0 ], [ 121.184962904214444, 14.077649792783488, 0.0 ], [ 121.185013295706568, 14.077589351808571, 0.0 ], [ 121.186374024861507, 14.078039520106994, 0.0 ], [ 121.186348461727391, 14.078116367401373, 0.0 ], [ 121.186613879821152, 14.078215675279033, 0.0 ], [ 121.187595990148225, 14.078681237975811, 0.0 ], [ 121.187523909094054, 14.078855048224781, 0.0 ], [ 121.188353203000048, 14.079183626358706, 0.0 ], [ 121.188327224790527, 14.079313182275804, 0.0 ], [ 121.188468093993748, 14.079383169381828, 0.0 ], [ 121.188238958189018, 14.079957215545635, 0.0 ], [ 121.18820469295342, 14.080082653885889, 0.0 ], [ 121.188850493392906, 14.080472700655214, 0.0 ], [ 121.188899876195919, 14.080539973334643, 0.0 ], [ 121.188902885610347, 14.080685965439875, 0.0 ], [ 121.189305019403619, 14.080855227397031, 0.0 ], [ 121.190047521835623, 14.081114220017355, 0.0 ], [ 121.190058594361716, 14.081292709582227, 0.0 ], [ 121.190069954332245, 14.081434709134545, 0.0 ], [ 121.190804511696413, 14.081647011940127, 0.0 ], [ 121.191277004013514, 14.081861400656166, 0.0 ], [ 121.191815535964977, 14.082141158458558, 0.0 ], [ 121.192516264011175, 14.082424159115497, 0.0 ], [ 121.192384742268828, 14.082751604911445, 0.0 ], [ 121.193381991063305, 14.083411886024017, 0.0 ], [ 121.193658177896879, 14.082671943844632, 0.0 ], [ 121.193761967952085, 14.082697049471218, 0.0 ], [ 121.194939488227419, 14.083178239926044, 0.0 ], [ 121.194844988919428, 14.083558675262861, 0.0 ], [ 121.194600803103938, 14.083931907257558, 0.0 ], [ 121.194886934617472, 14.084043526308673, 0.0 ], [ 121.19482650621552, 14.084322849594731, 0.0 ], [ 121.19559374677381, 14.084612421981351, 0.0 ], [ 121.195601459717935, 14.084689519520449, 0.0 ], [ 121.196234522958562, 14.08496673790194, 0.0 ], [ 121.196316905292562, 14.084754907878644, 0.0 ], [ 121.196984851715186, 14.0850116922167, 0.0 ], [ 121.197042029942764, 14.084925567563333, 0.0 ], [ 121.197396058348986, 14.085069845731059, 0.0 ], [ 121.19687047392182, 14.086214698830265, 0.0 ], [ 121.197329185571789, 14.086391234697361, 0.0 ], [ 121.196927601101578, 14.087163266444126, 0.0 ], [ 121.197796291641453, 14.087555313369993, 0.0 ], [ 121.197997091108732, 14.087682707817063, 0.0 ], [ 121.198165233723529, 14.087857069253909, 0.0 ], [ 121.198123394465554, 14.08804559783041, 0.0 ], [ 121.197664136671179, 14.088966698879421, 0.0 ], [ 121.197470359361375, 14.088973118222533, 0.0 ], [ 121.197355751852228, 14.08917683913398, 0.0 ], [ 121.197210587691046, 14.089160016660218, 0.0 ], [ 121.196932079721066, 14.089677246691732, 0.0 ], [ 121.196850066299206, 14.08984186917951, 0.0 ], [ 121.19805653640644, 14.090393810795018, 0.0 ], [ 121.198155680175972, 14.090103421699746, 0.0 ], [ 121.198920038754906, 14.090419935327219, 0.0 ], [ 121.199860771913421, 14.090891198774379, 0.0 ], [ 121.202032214177038, 14.091914563498538, 0.0 ], [ 121.202476299030934, 14.090782608352535, 0.0 ], [ 121.202954153633357, 14.090930484740246, 0.0 ], [ 121.20263289435826, 14.09163908963605, 0.0 ], [ 121.204020911270732, 14.092339214939951, 0.0 ], [ 121.204407567078633, 14.091620482800659, 0.0 ], [ 121.205949074562412, 14.092183786341183, 0.0 ], [ 121.206729970588299, 14.092561017572486, 0.0 ], [ 121.207684302341463, 14.093035044010206, 0.0 ], [ 121.207991599647642, 14.092718970108816, 0.0 ], [ 121.208255931031985, 14.092328292582389, 0.0 ], [ 121.208454282452777, 14.092022020188615, 0.0 ], [ 121.208835207047684, 14.091782045782089, 0.0 ] ] ] ] } },
{ "type": "Feature", "properties": { "OBJECTID_1": 14, "BRGY": "San Pablo", "AREA_HA": 220.27220160600001, "Shape_Leng": 10045.3425006, "Shape_Area": 2202722.0160599998, "pop2007": 4270, "popden": 19.3851061045, "popden2": 19 }, "geometry": { "type": "MultiPolygon", "coordinates": [ [ [ [ 121.202032214177038, 14.091914563498538, 0.0 ], [ 121.199860771913421, 14.090891198774379, 0.0 ], [ 121.198920038754906, 14.090419935327219, 0.0 ], [ 121.198155680175972, 14.090103421699746, 0.0 ], [ 121.19805653640644, 14.090393810795018, 0.0 ], [ 121.196850066299206, 14.08984186917951, 0.0 ], [ 121.196932079721066, 14.089677246691732, 0.0 ], [ 121.197210587691046, 14.089160016660218, 0.0 ], [ 121.197355751852228, 14.08917683913398, 0.0 ], [ 121.197470359361375, 14.088973118222533, 0.0 ], [ 121.197664136671179, 14.088966698879421, 0.0 ], [ 121.198123394465554, 14.08804559783041, 0.0 ], [ 121.198165233723529, 14.087857069253909, 0.0 ], [ 121.197997091108732, 14.087682707817063, 0.0 ], [ 121.197796291641453, 14.087555313369993, 0.0 ], [ 121.196927601101578, 14.087163266444126, 0.0 ], [ 121.197329185571789, 14.086391234697361, 0.0 ], [ 121.19687047392182, 14.086214698830265, 0.0 ], [ 121.197396058348986, 14.085069845731059, 0.0 ], [ 121.197042029942764, 14.084925567563333, 0.0 ], [ 121.196984851715186, 14.0850116922167, 0.0 ], [ 121.196316905292562, 14.084754907878644, 0.0 ], [ 121.196234522958562, 14.08496673790194, 0.0 ], [ 121.195601459717935, 14.084689519520449, 0.0 ], [ 121.19559374677381, 14.084612421981351, 0.0 ], [ 121.19482650621552, 14.084322849594731, 0.0 ], [ 121.194886934617472, 14.084043526308673, 0.0 ], [ 121.194600803103938, 14.083931907257558, 0.0 ], [ 121.194844988919428, 14.083558675262861, 0.0 ], [ 121.194939488227419, 14.083178239926044, 0.0 ], [ 121.193761967952085, 14.082697049471218, 0.0 ], [ 121.193658177896879, 14.082671943844632, 0.0 ], [ 121.193381991063305, 14.083411886024017, 0.0 ], [ 121.192384742268828, 14.082751604911445, 0.0 ], [ 121.192516264011175, 14.082424159115497, 0.0 ], [ 121.191815535964977, 14.082141158458558, 0.0 ], [ 121.191277004013514, 14.081861400656166, 0.0 ], [ 121.190804511696413, 14.081647011940127, 0.0 ], [ 121.190069954332245, 14.081434709134545, 0.0 ], [ 121.190058594361716, 14.081292709582227, 0.0 ], [ 121.190047521835623, 14.081114220017355, 0.0 ], [ 121.189305019403619, 14.080855227397031, 0.0 ], [ 121.188902885610347, 14.080685965439875, 0.0 ], [ 121.188899876195919, 14.080539973334643, 0.0 ], [ 121.188850493392906, 14.080472700655214, 0.0 ], [ 121.18820469295342, 14.080082653885889, 0.0 ], [ 121.188238958189018, 14.079957215545635, 0.0 ], [ 121.188468093993748, 14.079383169381828, 0.0 ], [ 121.188327224790527, 14.079313182275804, 0.0 ], [ 121.188353203000048, 14.079183626358706, 0.0 ], [ 121.187523909094054, 14.078855048224781, 0.0 ], [ 121.187595990148225, 14.078681237975811, 0.0 ], [ 121.186613879821152, 14.078215675279033, 0.0 ], [ 121.186348461727391, 14.078116367401373, 0.0 ], [ 121.186374024861507, 14.078039520106994, 0.0 ], [ 121.185013295706568, 14.077589351808571, 0.0 ], [ 121.184962904214444, 14.077649792783488, 0.0 ], [ 121.184216595810156, 14.077348183136328, 0.0 ], [ 121.184625621751081, 14.076643719162536, 0.0 ], [ 121.184908701610937, 14.076086301233515, 0.0 ], [ 121.184614252147043, 14.075976637416433, 0.0 ], [ 121.184843136144337, 14.075435030926998, 0.0 ], [ 121.184362120194194, 14.075248949932092, 0.0 ], [ 121.183388239239036, 14.074797630401751, 0.0 ], [ 121.182654289629411, 14.074512329479518, 0.0 ], [ 121.182899282579442, 14.074037749037549, 0.0 ], [ 121.1822228428844, 14.073373702568768, 0.0 ], [ 121.181789192105114, 14.07294438278055, 0.0 ], [ 121.181700057652364, 14.072958588260946, 0.0 ], [ 121.181489789031957, 14.073114765223181, 0.0 ], [ 121.181332368466997, 14.073409382282449, 0.0 ], [ 121.181087969281435, 14.073617889038605, 0.0 ], [ 121.180965457940459, 14.073761579666764, 0.0 ], [ 121.180822406929082, 14.073944557315309, 0.0 ], [ 121.180652226626407, 14.074147049902608, 0.0 ], [ 121.180185085288414, 14.07438345477166, 0.0 ], [ 121.179839857126069, 14.074551759299563, 0.0 ], [ 121.179468490190146, 14.074614691136862, 0.0 ], [ 121.179192197263092, 14.074592885568745, 0.0 ], [ 121.179465746119192, 14.074730518987488, 0.0 ], [ 121.179824784188725, 14.074933259374935, 0.0 ], [ 121.180221561085702, 14.075081729871155, 0.0 ], [ 121.180425688767514, 14.075216623497337, 0.0 ], [ 121.180518520451884, 14.075271877744413, 0.0 ], [ 121.180921709173433, 14.075396148884364, 0.0 ], [ 121.180348993072315, 14.076264693466154, 0.0 ], [ 121.179832128682861, 14.077146685601083, 0.0 ], [ 121.179515098283403, 14.077920171624367, 0.0 ], [ 121.179384430078528, 14.077931308710983, 0.0 ], [ 121.179137233312957, 14.07852347387503, 0.0 ], [ 121.17969541301359, 14.078706498455681, 0.0 ], [ 121.180005650314769, 14.078005700109102, 0.0 ], [ 121.181159411091173, 14.078359911675792, 0.0 ], [ 121.180526624750385, 14.079746261135442, 0.0 ], [ 121.1821572472534, 14.080346517490607, 0.0 ], [ 121.181592736395231, 14.081748541613834, 0.0 ], [ 121.181512096369701, 14.081723686852685, 0.0 ], [ 121.181131452818917, 14.082677623049124, 0.0 ], [ 121.182055130524574, 14.083036158142248, 0.0 ], [ 121.181636451550347, 14.084081650609949, 0.0 ], [ 121.181245824191365, 14.084725162376497, 0.0 ], [ 121.181047235312732, 14.084675171815855, 0.0 ], [ 121.180914787200024, 14.084910573835101, 0.0 ], [ 121.181354435677747, 14.085144229357082, 0.0 ], [ 121.181384372828106, 14.085289931536144, 0.0 ], [ 121.181631276733455, 14.085520918882159, 0.0 ], [ 121.181730907468378, 14.085503486215286, 0.0 ], [ 121.182282086123578, 14.085787682189691, 0.0 ], [ 121.182471310468003, 14.085449661713216, 0.0 ], [ 121.183097692106912, 14.085660476256574, 0.0 ], [ 121.183205842237768, 14.085352152404647, 0.0 ], [ 121.184075238467784, 14.08628612029062, 0.0 ], [ 121.185031284391528, 14.086704289204373, 0.0 ], [ 121.185414690932944, 14.086973884751384, 0.0 ], [ 121.185936301170258, 14.087853705380374, 0.0 ], [ 121.186734595314647, 14.088344637082788, 0.0 ], [ 121.188247660059474, 14.08887972877235, 0.0 ], [ 121.188057341088026, 14.089357162124042, 0.0 ], [ 121.187511943995958, 14.090701758939071, 0.0 ], [ 121.188299201629164, 14.09101681863565, 0.0 ], [ 121.18944572630329, 14.091510360640738, 0.0 ], [ 121.189591228912008, 14.091196251426787, 0.0 ], [ 121.190974594522515, 14.091621856666942, 0.0 ], [ 121.191114783275708, 14.091192537892567, 0.0 ], [ 121.193766506269654, 14.092436866230377, 0.0 ], [ 121.193595346630772, 14.092850801023475, 0.0 ], [ 121.19513171785951, 14.093591822406131, 0.0 ], [ 121.196357776909451, 14.094255654358442, 0.0 ], [ 121.197064559885675, 14.094527653649767, 0.0 ], [ 121.198403151188373, 14.095116548331353, 0.0 ], [ 121.198262210010242, 14.095642853329947, 0.0 ], [ 121.199210988119617, 14.09598333457032, 0.0 ], [ 121.199555762111473, 14.094840268922537, 0.0 ], [ 121.199879546742253, 14.093994064180931, 0.0 ], [ 121.200840687191445, 14.09434372392993, 0.0 ], [ 121.200976203063433, 14.094193565149414, 0.0 ], [ 121.201138254172207, 14.094116091047219, 0.0 ], [ 121.201150577341096, 14.094015017303294, 0.0 ], [ 121.201076551144382, 14.093896439613223, 0.0 ], [ 121.20106629699616, 14.093733374462515, 0.0 ], [ 121.201182751748505, 14.093588116347799, 0.0 ], [ 121.201252642510113, 14.093498713670044, 0.0 ], [ 121.201230372490201, 14.093397382580619, 0.0 ], [ 121.20120779515598, 14.093335391182121, 0.0 ], [ 121.201202469859382, 14.0932791483347, 0.0 ], [ 121.201301055783091, 14.093206820038709, 0.0 ], [ 121.201450825315291, 14.093224799048077, 0.0 ], [ 121.20164117464796, 14.093214979265328, 0.0 ], [ 121.201779854987123, 14.093176672203297, 0.0 ], [ 121.201722816551879, 14.093097562559306, 0.0 ], [ 121.201584973685243, 14.093029090303236, 0.0 ], [ 121.201464955286596, 14.092893308373403, 0.0 ], [ 121.201350438500214, 14.092791287876809, 0.0 ], [ 121.201334154270313, 14.092661899921859, 0.0 ], [ 121.201318486483771, 14.092453832587498, 0.0 ], [ 121.201469622224053, 14.092297592643158, 0.0 ], [ 121.201677971114691, 14.09219798264281, 0.0 ], [ 121.201886231810931, 14.09210961222605, 0.0 ], [ 121.202032214177038, 14.091914563498538, 0.0 ] ] ] ] } },
{ "type": "Feature", "properties": { "OBJECTID_1": 15, "BRGY": "San Pedro", "AREA_HA": 255.290065016, "Shape_Leng": 11862.662626, "Shape_Area": 2552900.6501600002, "pop2007": 4276, "popden": 16.749574644599999, "popden2": 17 }, "geometry": { "type": "MultiPolygon", "coordinates": [ [ [ [ 121.198262210010242, 14.095642853329947, 0.0 ], [ 121.198403151188373, 14.095116548331353, 0.0 ], [ 121.197064559885675, 14.094527653649767, 0.0 ], [ 121.196357776909451, 14.094255654358442, 0.0 ], [ 121.19513171785951, 14.093591822406131, 0.0 ], [ 121.193595346630772, 14.092850801023475, 0.0 ], [ 121.193766506269654, 14.092436866230377, 0.0 ], [ 121.191114783275708, 14.091192537892567, 0.0 ], [ 121.190974594522515, 14.091621856666942, 0.0 ], [ 121.189591228912008, 14.091196251426787, 0.0 ], [ 121.18944572630329, 14.091510360640738, 0.0 ], [ 121.188299201629164, 14.09101681863565, 0.0 ], [ 121.187511943995958, 14.090701758939071, 0.0 ], [ 121.188057341088026, 14.089357162124042, 0.0 ], [ 121.188247660059474, 14.08887972877235, 0.0 ], [ 121.186734595314647, 14.088344637082788, 0.0 ], [ 121.185936301170258, 14.087853705380374, 0.0 ], [ 121.185414690932944, 14.086973884751384, 0.0 ], [ 121.185031284391528, 14.086704289204373, 0.0 ], [ 121.184075238467784, 14.08628612029062, 0.0 ], [ 121.183205842237768, 14.085352152404647, 0.0 ], [ 121.183097692106912, 14.085660476256574, 0.0 ], [ 121.182471310468003, 14.085449661713216, 0.0 ], [ 121.182282086123578, 14.085787682189691, 0.0 ], [ 121.181730907468378, 14.085503486215286, 0.0 ], [ 121.181631276733455, 14.085520918882159, 0.0 ], [ 121.181384372828106, 14.085289931536144, 0.0 ], [ 121.181354435677747, 14.085144229357082, 0.0 ], [ 121.180914787200024, 14.084910573835101, 0.0 ], [ 121.181047235312732, 14.084675171815855, 0.0 ], [ 121.181245824191365, 14.084725162376497, 0.0 ], [ 121.181636451550347, 14.084081650609949, 0.0 ], [ 121.182055130524574, 14.083036158142248, 0.0 ], [ 121.181131452818917, 14.082677623049124, 0.0 ], [ 121.181512096369701, 14.081723686852685, 0.0 ], [ 121.181592736395231, 14.081748541613834, 0.0 ], [ 121.1821572472534, 14.080346517490607, 0.0 ], [ 121.180526624750385, 14.079746261135442, 0.0 ], [ 121.181159411091173, 14.078359911675792, 0.0 ], [ 121.180005650314769, 14.078005700109102, 0.0 ], [ 121.17969541301359, 14.078706498455681, 0.0 ], [ 121.179137233312957, 14.07852347387503, 0.0 ], [ 121.179384430078528, 14.077931308710983, 0.0 ], [ 121.179515098283403, 14.077920171624367, 0.0 ], [ 121.179832128682861, 14.077146685601083, 0.0 ], [ 121.180348993072315, 14.076264693466154, 0.0 ], [ 121.180921709173433, 14.075396148884364, 0.0 ], [ 121.180518520451884, 14.075271877744413, 0.0 ], [ 121.180425688767514, 14.075216623497337, 0.0 ], [ 121.180221561085702, 14.075081729871155, 0.0 ], [ 121.179824784188725, 14.074933259374935, 0.0 ], [ 121.179465746119192, 14.074730518987488, 0.0 ], [ 121.179192197263092, 14.074592885568745, 0.0 ], [ 121.178983538787534, 14.074545297386409, 0.0 ], [ 121.178706674138581, 14.074595794899954, 0.0 ], [ 121.178212221429419, 14.074874717489054, 0.0 ], [ 121.177941524161767, 14.074997568539532, 0.0 ], [ 121.177684678863258, 14.075074508780434, 0.0 ], [ 121.177488620114417, 14.075138762450088, 0.0 ], [ 121.177292562206802, 14.075203015050036, 0.0 ], [ 121.1771097794702, 14.075293661477879, 0.0 ], [ 121.17686443730274, 14.075620477278809, 0.0 ], [ 121.176448763072841, 14.076168184275373, 0.0 ], [ 121.175886511975037, 14.076492602995565, 0.0 ], [ 121.175643410137127, 14.076536778750151, 0.0 ], [ 121.175407727553178, 14.076495555269451, 0.0 ], [ 121.175226562696295, 14.076382437972899, 0.0 ], [ 121.175140315793826, 14.076204303992968, 0.0 ], [ 121.175021504875147, 14.075881308949985, 0.0 ], [ 121.175002790774698, 14.075690539445443, 0.0 ], [ 121.174956479213236, 14.075578441250736, 0.0 ], [ 121.174862708031355, 14.075498850853279, 0.0 ], [ 121.174620023856392, 14.075490441516637, 0.0 ], [ 121.174384136594824, 14.075475509281162, 0.0 ], [ 121.174148405086441, 14.075440859338688, 0.0 ], [ 121.173851152990494, 14.075510916281882, 0.0 ], [ 121.173646992516396, 14.075746012675484, 0.0 ], [ 121.173368192392743, 14.076039704158109, 0.0 ], [ 121.173103451879797, 14.076261193977189, 0.0 ], [ 121.172737883837343, 14.076442479719695, 0.0 ], [ 121.172142645527842, 14.076674611910411, 0.0 ], [ 121.171683045313827, 14.076809170189055, 0.0 ], [ 121.171324792670376, 14.076918202240057, 0.0 ], [ 121.171020429207715, 14.077034215498916, 0.0 ], [ 121.170937791765411, 14.077250510049232, 0.0 ], [ 121.170592894943653, 14.077376074647487, 0.0 ], [ 121.170430546209673, 14.077440576869053, 0.0 ], [ 121.17027405157036, 14.07761687094531, 0.0 ], [ 121.170170974340763, 14.077859304569452, 0.0 ], [ 121.170067426763168, 14.078160894010782, 0.0 ], [ 121.169729137408524, 14.078302941567962, 0.0 ], [ 121.169379459038524, 14.078181966306261, 0.0 ], [ 121.169204410097208, 14.078147770943726, 0.0 ], [ 121.168960780494487, 14.078257669095473, 0.0 ], [ 121.168615539966339, 14.07842595579941, 0.0 ], [ 121.168364644024905, 14.078601531585129, 0.0 ], [ 121.16832998851072, 14.078719589027866, 0.0 ], [ 121.168376454282296, 14.078811968941938, 0.0 ], [ 121.168820244245396, 14.078969812215155, 0.0 ], [ 121.168980498632052, 14.079168229343544, 0.0 ], [ 121.168978665577015, 14.079398283561313, 0.0 ], [ 121.168848721004153, 14.079627365124244, 0.0 ], [ 121.168524544233151, 14.079690637077537, 0.0 ], [ 121.168174496058114, 14.079615671974812, 0.0 ], [ 121.167776830477919, 14.079592930870167, 0.0 ], [ 121.167459919794879, 14.079590523119014, 0.0 ], [ 121.167128633971885, 14.07969975218001, 0.0 ], [ 121.166689409930072, 14.079814735245337, 0.0 ], [ 121.166431664244982, 14.080003402909599, 0.0 ], [ 121.165900696835152, 14.080480180357492, 0.0 ], [ 121.166160633724658, 14.080635665141539, 0.0 ], [ 121.166319939313283, 14.080720853483751, 0.0 ], [ 121.16655288974485, 14.080830594167663, 0.0 ], [ 121.166871599216037, 14.080988974329967, 0.0 ], [ 121.167349017557655, 14.08130751457735, 0.0 ], [ 121.167471312107111, 14.081404417708018, 0.0 ], [ 121.167679556382296, 14.081525966414828, 0.0 ], [ 121.1679114083461, 14.081773660836815, 0.0 ], [ 121.168261219117184, 14.08189028624769, 0.0 ], [ 121.168513060834641, 14.081946184392692, 0.0 ], [ 121.168715965754842, 14.081965720468846, 0.0 ], [ 121.168954642728437, 14.082129487869363, 0.0 ], [ 121.169100640354785, 14.082340538321322, 0.0 ], [ 121.168838973496221, 14.083517225073543, 0.0 ], [ 121.168599340838853, 14.083473416531399, 0.0 ], [ 121.168528454066646, 14.083874766642786, 0.0 ], [ 121.169657170935054, 14.084315218217828, 0.0 ], [ 121.169918340085346, 14.083124544161462, 0.0 ], [ 121.171264897817494, 14.083416335983918, 0.0 ], [ 121.172288358395704, 14.083790800379838, 0.0 ], [ 121.172851558286339, 14.083926034526748, 0.0 ], [ 121.172993066768029, 14.083701845519087, 0.0 ], [ 121.174123800077169, 14.084103307814646, 0.0 ], [ 121.173925160494065, 14.084754011735168, 0.0 ], [ 121.174064461743882, 14.084807453384453, 0.0 ], [ 121.173684593494713, 14.085946596124508, 0.0 ], [ 121.173504322160198, 14.086314553108332, 0.0 ], [ 121.174008500141042, 14.08643886061285, 0.0 ], [ 121.174029204839755, 14.086538551476808, 0.0 ], [ 121.173710669720933, 14.087398153357874, 0.0 ], [ 121.174943273488537, 14.08783181730702, 0.0 ], [ 121.175409756951638, 14.087966314439553, 0.0 ], [ 121.176074489369697, 14.088175651688802, 0.0 ], [ 121.176234872483235, 14.088281637648214, 0.0 ], [ 121.176432456462166, 14.088440292536372, 0.0 ], [ 121.176588985206905, 14.088355038297669, 0.0 ], [ 121.176840266110744, 14.088519336485863, 0.0 ], [ 121.177290422217581, 14.088679900101951, 0.0 ], [ 121.177400270282263, 14.088382128171675, 0.0 ], [ 121.177905282904192, 14.088569298795322, 0.0 ], [ 121.177580555556617, 14.089533371489212, 0.0 ], [ 121.178727906591817, 14.089877315849545, 0.0 ], [ 121.179461885709131, 14.09016574806477, 0.0 ], [ 121.180153665699805, 14.09035432529573, 0.0 ], [ 121.179782094722924, 14.091126837681704, 0.0 ], [ 121.180024294262722, 14.091081519297823, 0.0 ], [ 121.180158892391006, 14.09105110401527, 0.0 ], [ 121.180547730661033, 14.090952850737541, 0.0 ], [ 121.180878766819603, 14.091218815482076, 0.0 ], [ 121.181084775359054, 14.091398056535013, 0.0 ], [ 121.18144728534223, 14.091658131447053, 0.0 ], [ 121.181683436589921, 14.091999968424947, 0.0 ], [ 121.181744931617033, 14.092171991861713, 0.0 ], [ 121.18185081271524, 14.092295332675631, 0.0 ], [ 121.181988897093476, 14.092320883202095, 0.0 ], [ 121.182189738272839, 14.092359160532947, 0.0 ], [ 121.182334689856546, 14.092311237303841, 0.0 ], [ 121.182560867012455, 14.092325197576566, 0.0 ], [ 121.182867831665419, 14.092456182106631, 0.0 ], [ 121.183274394723, 14.092710459206931, 0.0 ], [ 121.183662391711024, 14.092927833520591, 0.0 ], [ 121.183882089881578, 14.092966251663341, 0.0 ], [ 121.184057887069685, 14.09299208529796, 0.0 ], [ 121.184246159311229, 14.093030267199918, 0.0 ], [ 121.18435871492035, 14.093104640736062, 0.0 ], [ 121.184471949886969, 14.093093239514699, 0.0 ], [ 121.184647794818659, 14.09311294544845, 0.0 ], [ 121.184797386322572, 14.093273377652414, 0.0 ], [ 121.184972431245029, 14.093394174505802, 0.0 ], [ 121.185147066488014, 14.093567049568053, 0.0 ], [ 121.185252853281952, 14.093702642835284, 0.0 ], [ 121.185402443737104, 14.093863074739106, 0.0 ], [ 121.185534098412006, 14.093906957004437, 0.0 ], [ 121.185685240640566, 14.093871331904078, 0.0 ], [ 121.18589884794612, 14.093885194587012, 0.0 ], [ 121.186030260694267, 14.093959709414159, 0.0 ], [ 121.186179853750744, 14.094120140931123, 0.0 ], [ 121.186493012515783, 14.094263422350979, 0.0 ], [ 121.186826092581938, 14.094272055779225, 0.0 ], [ 121.187058459833821, 14.094298313056267, 0.0 ], [ 121.187189341936502, 14.094440222104827, 0.0 ], [ 121.187301076789112, 14.094618749365569, 0.0 ], [ 121.187469526483312, 14.094779322085211, 0.0 ], [ 121.187694594368708, 14.094934193835709, 0.0 ], [ 121.187989285154899, 14.095028316975959, 0.0 ], [ 121.188215320901648, 14.095060652372052, 0.0 ], [ 121.188398228631016, 14.094982375384339, 0.0 ], [ 121.188669712464446, 14.094831237663332, 0.0 ], [ 121.188757711494603, 14.094822128381027, 0.0 ], [ 121.188917998701612, 14.094898844462787, 0.0 ], [ 121.189024887142139, 14.094946116878644, 0.0 ], [ 121.189131501630413, 14.095028237131523, 0.0 ], [ 121.189321490643522, 14.095116793457212, 0.0 ], [ 121.189500203764354, 14.095123945065861, 0.0 ], [ 121.189738641589813, 14.095114119407153, 0.0 ], [ 121.189935414614297, 14.095098171877572, 0.0 ], [ 121.190126183570655, 14.095087987710068, 0.0 ], [ 121.190293299870518, 14.095054392127189, 0.0 ], [ 121.19066915141164, 14.094999129489269, 0.0 ], [ 121.190805466361653, 14.095093089360802, 0.0 ], [ 121.191013104942883, 14.095210819202775, 0.0 ], [ 121.191257088391353, 14.095253311352151, 0.0 ], [ 121.191406238411105, 14.095231196473421, 0.0 ], [ 121.191758027409662, 14.095204793766086, 0.0 ], [ 121.19190071582139, 14.095246525030902, 0.0 ], [ 121.192113945648927, 14.095410764117391, 0.0 ], [ 121.192292477291076, 14.095441146857912, 0.0 ], [ 121.192572899910076, 14.09539678161515, 0.0 ], [ 121.192811429727527, 14.095375337252564, 0.0 ], [ 121.193018977413246, 14.095504682093461, 0.0 ], [ 121.193083973531884, 14.095574872272957, 0.0 ], [ 121.193191001455361, 14.095604718106095, 0.0 ], [ 121.193322366401347, 14.095570851396744, 0.0 ], [ 121.193459690527916, 14.095537029294, 0.0 ], [ 121.193566717578278, 14.095566874957022, 0.0 ], [ 121.193697031155907, 14.09566659699718, 0.0 ], [ 121.193982224930167, 14.095773289563656, 0.0 ], [ 121.194136167293721, 14.095899326037332, 0.0 ], [ 121.194242829060755, 14.095975636893659, 0.0 ], [ 121.194426770678234, 14.096075761442078, 0.0 ], [ 121.194557451389429, 14.096129017627506, 0.0 ], [ 121.194688587177879, 14.096124191665576, 0.0 ], [ 121.194795616579981, 14.096154035942932, 0.0 ], [ 121.194854563788297, 14.096235797678345, 0.0 ], [ 121.194937253841161, 14.096329354575619, 0.0 ], [ 121.195020493036807, 14.096353211879402, 0.0 ], [ 121.195175556350989, 14.096336947648341, 0.0 ], [ 121.195276397404299, 14.096395789479967, 0.0 ], [ 121.195412671509303, 14.096495555371149, 0.0 ], [ 121.195554948796968, 14.096589557519284, 0.0 ], [ 121.195727112839535, 14.096672167046616, 0.0 ], [ 121.195881400191865, 14.096754642592185, 0.0 ], [ 121.196006486773342, 14.096761387030893, 0.0 ], [ 121.196274673738898, 14.096757587366092, 0.0 ], [ 121.196465079288842, 14.096793863826786, 0.0 ], [ 121.19666084994229, 14.096905691784368, 0.0 ], [ 121.196826461263029, 14.097063763029091, 0.0 ], [ 121.196985931949953, 14.097245021904172, 0.0 ], [ 121.197181612012272, 14.097368466120031, 0.0 ], [ 121.197370877719663, 14.097549947764712, 0.0 ], [ 121.197440700212056, 14.097659509563616, 0.0 ], [ 121.198262210010242, 14.095642853329947, 0.0 ] ] ] ] } },
{ "type": "Feature", "properties": { "OBJECTID_1": 16, "BRGY": "San Roque", "AREA_HA": 283.05208622399999, "Shape_Leng": 10202.057420200001, "Shape_Area": 2830520.8622400002, "pop2007": 8187, "popden": 28.924005151199999, "popden2": 29 }, "geometry": { "type": "MultiPolygon", "coordinates": [ [ [ [ 121.136587987300416, 14.10676278089888, 0.0 ], [ 121.136544578644461, 14.106535087731759, 0.0 ], [ 121.136614223986811, 14.106489427454287, 0.0 ], [ 121.136699347767362, 14.106333720358913, 0.0 ], [ 121.136743905541906, 14.106234558464598, 0.0 ], [ 121.136832876602483, 14.106054004160345, 0.0 ], [ 121.136867276598565, 14.10585881136543, 0.0 ], [ 121.136961603289862, 14.105715989759245, 0.0 ], [ 121.137057519259429, 14.105578133910008, 0.0 ], [ 121.137247591211732, 14.105519190813613, 0.0 ], [ 121.13744096124482, 14.10550291792681, 0.0 ], [ 121.137580049869413, 14.105436471163806, 0.0 ], [ 121.137675359412953, 14.105373240184996, 0.0 ], [ 121.13777836453491, 14.105260315736038, 0.0 ], [ 121.137750797580068, 14.105063057323594, 0.0 ], [ 121.137806811917287, 14.104900015544304, 0.0 ], [ 121.137789737256071, 14.104757731820607, 0.0 ], [ 121.137751191525652, 14.104565529090511, 0.0 ], [ 121.137665568816303, 14.104333870977076, 0.0 ], [ 121.13776792079058, 14.104328474523927, 0.0 ], [ 121.138054942292229, 14.104278958330644, 0.0 ], [ 121.138413263041272, 14.104164461279449, 0.0 ], [ 121.138443583961461, 14.104152071952949, 0.0 ], [ 121.13881089743164, 14.104001980450285, 0.0 ], [ 121.139351293391542, 14.103688845092385, 0.0 ], [ 121.14004691800055, 14.1034329686355, 0.0 ], [ 121.140380468341732, 14.10331827705258, 0.0 ], [ 121.140621407487743, 14.103278748881969, 0.0 ], [ 121.141058015260512, 14.10310966647374, 0.0 ], [ 121.141651285673078, 14.102821076606272, 0.0 ], [ 121.142176321885032, 14.102656124013803, 0.0 ], [ 121.142842861068914, 14.102495711143034, 0.0 ], [ 121.142997992846347, 14.10257968495776, 0.0 ], [ 121.143184461539164, 14.102712186593504, 0.0 ], [ 121.143391769206886, 14.102893135963118, 0.0 ], [ 121.143634475311856, 14.103072632788255, 0.0 ], [ 121.143930073449354, 14.103274955860224, 0.0 ], [ 121.144116626064417, 14.103397111249917, 0.0 ], [ 121.14409391756989, 14.103579736054925, 0.0 ], [ 121.14418543945645, 14.103639074912957, 0.0 ], [ 121.144340316384685, 14.103740291661948, 0.0 ], [ 121.144452928545761, 14.103817038585889, 0.0 ], [ 121.144586827156644, 14.103887051053006, 0.0 ], [ 121.144996197042445, 14.103208782949865, 0.0 ], [ 121.144951103011422, 14.103690336291875, 0.0 ], [ 121.144797405044073, 14.104864445180747, 0.0 ], [ 121.144624655709876, 14.105846995974989, 0.0 ], [ 121.145118112482379, 14.105964579324294, 0.0 ], [ 121.145557178948977, 14.10601481360786, 0.0 ], [ 121.146215970394522, 14.106066739012308, 0.0 ], [ 121.14741076983843, 14.106069242274318, 0.0 ], [ 121.147857136695961, 14.106065983216146, 0.0 ], [ 121.148296962041584, 14.106022514187682, 0.0 ], [ 121.148530957986026, 14.105957383541408, 0.0 ], [ 121.148977062532879, 14.105733870770173, 0.0 ], [ 121.149334079389789, 14.105613048715659, 0.0 ], [ 121.149778442234251, 14.105465120054859, 0.0 ], [ 121.150927132644725, 14.105052301017295, 0.0 ], [ 121.150885137160941, 14.105007952404495, 0.0 ], [ 121.149981635923254, 14.104053808695436, 0.0 ], [ 121.149476447774077, 14.103592385142221, 0.0 ], [ 121.149967490613122, 14.102960893419, 0.0 ], [ 121.149926469534506, 14.103014974178917, 0.0 ], [ 121.150571659774513, 14.103534208732171, 0.0 ], [ 121.151134705167649, 14.102915463565479, 0.0 ], [ 121.151431658042313, 14.103209497439279, 0.0 ], [ 121.152323014707548, 14.102140802264749, 0.0 ], [ 121.151677463958947, 14.101666073810494, 0.0 ], [ 121.151395373239296, 14.101416659601378, 0.0 ], [ 121.152117046334652, 14.100628526238872, 0.0 ], [ 121.15266506151913, 14.099984935459752, 0.0 ], [ 121.153747156258774, 14.10042839251204, 0.0 ], [ 121.153989342341063, 14.099962947145846, 0.0 ], [ 121.154294052216869, 14.099292761725815, 0.0 ], [ 121.154511709057232, 14.099353769124207, 0.0 ], [ 121.154632897812533, 14.098793440778586, 0.0 ], [ 121.154850586491065, 14.097588526816946, 0.0 ], [ 121.155922850547881, 14.097992338239875, 0.0 ], [ 121.156137252840978, 14.097195361447252, 0.0 ], [ 121.156385225680893, 14.0972714344085, 0.0 ], [ 121.156628244829193, 14.09733263384142, 0.0 ], [ 121.157387582703436, 14.09753624319157, 0.0 ], [ 121.157678997122517, 14.097256606791118, 0.0 ], [ 121.15796466190838, 14.097004956434937, 0.0 ], [ 121.157935377686215, 14.096917361392242, 0.0 ], [ 121.157815951343736, 14.096627165668584, 0.0 ], [ 121.158830321563471, 14.095340750603285, 0.0 ], [ 121.159359281954011, 14.095671058262187, 0.0 ], [ 121.159658297685766, 14.095212731725601, 0.0 ], [ 121.160115430124321, 14.094678843046323, 0.0 ], [ 121.160324306785412, 14.094411749304754, 0.0 ], [ 121.160632700644499, 14.094011068412479, 0.0 ], [ 121.160862609622129, 14.093576202882957, 0.0 ], [ 121.160902908518196, 14.09346135813176, 0.0 ], [ 121.161323424737262, 14.092581728910641, 0.0 ], [ 121.16145928382501, 14.092370425943418, 0.0 ], [ 121.161732226698845, 14.092035648619147, 0.0 ], [ 121.161933246584624, 14.091829884486597, 0.0 ], [ 121.162129790370685, 14.091733162357505, 0.0 ], [ 121.162087993583526, 14.091560665823412, 0.0 ], [ 121.161951109926349, 14.091498403890354, 0.0 ], [ 121.161778440639537, 14.091493260306676, 0.0 ], [ 121.161700431410637, 14.091431446409169, 0.0 ], [ 121.161615032090367, 14.091312183839513, 0.0 ], [ 121.161490289933298, 14.091204099027475, 0.0 ], [ 121.161298671798889, 14.091114634999746, 0.0 ], [ 121.161135139483605, 14.090948861814864, 0.0 ], [ 121.161010767331334, 14.090794866174409, 0.0 ], [ 121.16094109757239, 14.090671896879151, 0.0 ], [ 121.160875477118026, 14.090533654893083, 0.0 ], [ 121.16084846127805, 14.090476055571246, 0.0 ], [ 121.160740240608703, 14.090265774135458, 0.0 ], [ 121.160497904849109, 14.090137661337327, 0.0 ], [ 121.160319073076835, 14.089922030954211, 0.0 ], [ 121.160242199915146, 14.089718656672083, 0.0 ], [ 121.160087132953905, 14.089476424285502, 0.0 ], [ 121.159923787508902, 14.089287695202634, 0.0 ], [ 121.159814870864437, 14.0891644269662, 0.0 ], [ 121.159576783492412, 14.088996181328135, 0.0 ], [ 121.159372901172034, 14.08896784119711, 0.0 ], [ 121.15912756672877, 14.088935358648444, 0.0 ], [ 121.158840800371564, 14.08896377725201, 0.0 ], [ 121.158632687602932, 14.088973666263367, 0.0 ], [ 121.158479861106997, 14.088941888858857, 0.0 ], [ 121.158319307837431, 14.088894748762801, 0.0 ], [ 121.158260986661602, 14.088825431240476, 0.0 ], [ 121.158195151647817, 14.088713970373352, 0.0 ], [ 121.158164519685187, 14.088618082053312, 0.0 ], [ 121.158157006768946, 14.088575936014355, 0.0 ], [ 121.158006463614598, 14.088259537551709, 0.0 ], [ 121.157867162262832, 14.088009772334411, 0.0 ], [ 121.157735617701292, 14.087771545146881, 0.0 ], [ 121.157533026967826, 14.087582514839772, 0.0 ], [ 121.157381490868516, 14.087390048094326, 0.0 ], [ 121.157307654591591, 14.087297655125296, 0.0 ], [ 121.157092222113448, 14.087021501356746, 0.0 ], [ 121.156717735920779, 14.086731676454056, 0.0 ], [ 121.156503986003557, 14.08646603606662, 0.0 ], [ 121.156207445027775, 14.086245677513489, 0.0 ], [ 121.155757370882455, 14.085856494765785, 0.0 ], [ 121.155613161660781, 14.085876732265344, 0.0 ], [ 121.155452475961837, 14.085866272677755, 0.0 ], [ 121.155225297572514, 14.085892226811252, 0.0 ], [ 121.155002663091253, 14.085941292364504, 0.0 ], [ 121.154827495731098, 14.085967644147614, 0.0 ], [ 121.154576306452924, 14.086039568496362, 0.0 ], [ 121.154457024633459, 14.086172502783446, 0.0 ], [ 121.15424753550154, 14.086350900963723, 0.0 ], [ 121.154094006701655, 14.086626650390942, 0.0 ], [ 121.153983698810478, 14.086819653443721, 0.0 ], [ 121.153711461564114, 14.087156802939067, 0.0 ], [ 121.153586931715353, 14.087354311454297, 0.0 ], [ 121.153571336543777, 14.087529578380568, 0.0 ], [ 121.153645245111647, 14.087747069926552, 0.0 ], [ 121.153738418973617, 14.087920861747497, 0.0 ], [ 121.153746651379677, 14.088073233439674, 0.0 ], [ 121.153712885581328, 14.088156052906912, 0.0 ], [ 121.153641293410388, 14.088238581720011, 0.0 ], [ 121.153490025119879, 14.088232807426618, 0.0 ], [ 121.153169282004725, 14.088133426346552, 0.0 ], [ 121.152938413226252, 14.088030118017985, 0.0 ], [ 121.15274041981273, 14.087954754719657, 0.0 ], [ 121.152651510164887, 14.087838687365013, 0.0 ], [ 121.152553850133401, 14.087634860230629, 0.0 ], [ 121.152446510704763, 14.08745865217081, 0.0 ], [ 121.15230972526669, 14.087416064727337, 0.0 ], [ 121.152182136734098, 14.08740585563462, 0.0 ], [ 121.152044571544664, 14.08746018583693, 0.0 ], [ 121.151949226640895, 14.087556378652256, 0.0 ], [ 121.151914346150079, 14.087777652025869, 0.0 ], [ 121.151955823762464, 14.087911817245976, 0.0 ], [ 121.152002288857517, 14.08801371278077, 0.0 ], [ 121.152006200215197, 14.088115282071726, 0.0 ], [ 121.151981853487925, 14.088202788077938, 0.0 ], [ 121.151743563977419, 14.088434039322616, 0.0 ], [ 121.151581576830424, 14.088585106545649, 0.0 ], [ 121.151461846143562, 14.088773420259164, 0.0 ], [ 121.151337276289794, 14.088975543405445, 0.0 ], [ 121.151160880277331, 14.089154191205516, 0.0 ], [ 121.151083164988933, 14.0894097509603, 0.0 ], [ 121.15104683384962, 14.089811013691145, 0.0 ], [ 121.151021408770035, 14.09003235839309, 0.0 ], [ 121.15098189119314, 14.090242056561182, 0.0 ], [ 121.151008477031212, 14.090463800265683, 0.0 ], [ 121.151003116772557, 14.090542221565979, 0.0 ], [ 121.150907807207162, 14.090633798478226, 0.0 ], [ 121.150764544883486, 14.090808085358951, 0.0 ], [ 121.150641274202457, 14.090848678433728, 0.0 ], [ 121.150532894267002, 14.090801692226831, 0.0 ], [ 121.150424887076483, 14.090708555228112, 0.0 ], [ 121.150354482651579, 14.090643399128709, 0.0 ], [ 121.150217472845725, 14.09062850095396, 0.0 ], [ 121.150099041283127, 14.090655284270449, 0.0 ], [ 121.149975473121785, 14.090732798137937, 0.0 ], [ 121.149960209347356, 14.090866528027215, 0.0 ], [ 121.149978267863446, 14.090972821372755, 0.0 ], [ 121.149963487501708, 14.091046553847404, 0.0 ], [ 121.149863337307124, 14.091151939731789, 0.0 ], [ 121.149631072764748, 14.091221696029617, 0.0 ], [ 121.14936613761472, 14.091238122959886, 0.0 ], [ 121.149110658457502, 14.091254622218097, 0.0 ], [ 121.14891199429843, 14.091262327432922, 0.0 ], [ 121.148732281196629, 14.091265562523127, 0.0 ], [ 121.148514442700545, 14.091305427968731, 0.0 ], [ 121.148348169632598, 14.091401074043491, 0.0 ], [ 121.148199841527642, 14.091616858204038, 0.0 ], [ 121.148160897970101, 14.09175502141904, 0.0 ], [ 121.147903799675916, 14.091972277695987, 0.0 ], [ 121.147728217888186, 14.092049389569748, 0.0 ], [ 121.147590500089535, 14.092122177731795, 0.0 ], [ 121.147456840347672, 14.092278073906076, 0.0 ], [ 121.147375341735739, 14.092415909771114, 0.0 ], [ 121.147322360411394, 14.092543267869788, 0.0 ], [ 121.14721750245333, 14.092786366454844, 0.0 ], [ 121.147098139756906, 14.09300544068596, 0.0 ], [ 121.146949765990072, 14.093176467147213, 0.0 ], [ 121.146660040117908, 14.093255540813717, 0.0 ], [ 121.146503333556609, 14.093244770017771, 0.0 ], [ 121.146410552155686, 14.093205797210032, 0.0 ], [ 121.146312447168725, 14.093219389808995, 0.0 ], [ 121.146169975663938, 14.093266118326879, 0.0 ], [ 121.146041700457943, 14.093375126914779, 0.0 ], [ 121.145952814683227, 14.093460526674283, 0.0 ], [ 121.145878897650519, 14.093512565198139, 0.0 ], [ 121.145633363026079, 14.09358002075761, 0.0 ], [ 121.145481131188248, 14.093621890984883, 0.0 ], [ 121.145353320042219, 14.09367351452757, 0.0 ], [ 121.145274078010743, 14.093778118216926, 0.0 ], [ 121.145135346545175, 14.093968347552197, 0.0 ], [ 121.145001784231525, 14.094125139310643, 0.0 ], [ 121.144779838559288, 14.094305163179078, 0.0 ], [ 121.14458771472485, 14.094432809202566, 0.0 ], [ 121.144311931360747, 14.094605243888013, 0.0 ], [ 121.144095463589025, 14.094713572881073, 0.0 ], [ 121.143903531495738, 14.094817307947723, 0.0 ], [ 121.143672133741262, 14.094954215111493, 0.0 ], [ 121.143573369524205, 14.095049103140951, 0.0 ], [ 121.143523213806262, 14.095192189260176, 0.0 ], [ 121.143507238846297, 14.09534988690401, 0.0 ], [ 121.143427608558383, 14.09550231040377, 0.0 ], [ 121.1432948574856, 14.09555867642103, 0.0 ], [ 121.143068183420823, 14.095717141508405, 0.0 ], [ 121.142983420717783, 14.095898219756391, 0.0 ], [ 121.142908109273066, 14.09612241347167, 0.0 ], [ 121.142846374033056, 14.096485402500324, 0.0 ], [ 121.142725747301029, 14.096859892451029, 0.0 ], [ 121.142679716340737, 14.097098659003175, 0.0 ], [ 121.142584495921184, 14.097360958048629, 0.0 ], [ 121.142395699501051, 14.097682316705006, 0.0 ], [ 121.142277258463039, 14.097786616780953, 0.0 ], [ 121.142144079925814, 14.097895584935978, 0.0 ], [ 121.142058696009428, 14.098153177701702, 0.0 ], [ 121.141988166391585, 14.09839175502802, 0.0 ], [ 121.141873171622876, 14.098675421495521, 0.0 ], [ 121.141754652351693, 14.098789286046458, 0.0 ], [ 121.141591610714158, 14.098955412368662, 0.0 ], [ 121.141394231765659, 14.09912605721825, 0.0 ], [ 121.141222126791334, 14.099201248061387, 0.0 ], [ 121.141114025667562, 14.099238672822567, 0.0 ], [ 121.141050369479288, 14.099233398840326, 0.0 ], [ 121.140967580489075, 14.099170589138302, 0.0 ], [ 121.140826111870012, 14.099092978360977, 0.0 ], [ 121.140679744390738, 14.099015329696281, 0.0 ], [ 121.140552587194605, 14.098985653658989, 0.0 ], [ 121.140405987364389, 14.098936697514755, 0.0 ], [ 121.140303250330675, 14.098916774400614, 0.0 ], [ 121.140200359207498, 14.098915979996013, 0.0 ], [ 121.139964462384285, 14.099002633235822, 0.0 ], [ 121.139865578570195, 14.099111865640502, 0.0 ], [ 121.139712954645773, 14.099201553016144, 0.0 ], [ 121.139619552110261, 14.09923909059718, 0.0 ], [ 121.139487845011445, 14.09916633718376, 0.0 ], [ 121.139326895644857, 14.099074227887277, 0.0 ], [ 121.139180372751454, 14.099015707100442, 0.0 ], [ 121.13907265932832, 14.099005310441592, 0.0 ], [ 121.138920810962261, 14.098999354539965, 0.0 ], [ 121.138817493215541, 14.099051162415124, 0.0 ], [ 121.138635665503855, 14.099116711678903, 0.0 ], [ 121.138542068905778, 14.099178159957624, 0.0 ], [ 121.138408926759553, 14.099282344213432, 0.0 ], [ 121.1381180465699, 14.09950247819628, 0.0 ], [ 121.137959901011769, 14.09966863953211, 0.0 ], [ 121.137796739806774, 14.099849110072393, 0.0 ], [ 121.137716987569831, 14.100015878184893, 0.0 ], [ 121.137691286652199, 14.10016393427669, 0.0 ], [ 121.137611553613723, 14.100328311125066, 0.0 ], [ 121.137463168085162, 14.100499330190123, 0.0 ], [ 121.137256529679718, 14.100602945275645, 0.0 ], [ 121.137079561476654, 14.100673312545153, 0.0 ], [ 121.136912081416369, 14.100782012882194, 0.0 ], [ 121.136715747274437, 14.100823535640025, 0.0 ], [ 121.136490053349164, 14.100860048359937, 0.0 ], [ 121.136180873024713, 14.100919827395327, 0.0 ], [ 121.136023579859824, 14.100980781582566, 0.0 ], [ 121.135861096215919, 14.101077563020921, 0.0 ], [ 121.135781963836848, 14.101167816384734, 0.0 ], [ 121.135722158144844, 14.10129169640976, 0.0 ], [ 121.135735496923658, 14.101459183303938, 0.0 ], [ 121.135807825459878, 14.101603216036915, 0.0 ], [ 121.135851144912465, 14.101699199022926, 0.0 ], [ 121.135845390102574, 14.101804367545684, 0.0 ], [ 121.135805493936076, 14.101890141893037, 0.0 ], [ 121.135760134315078, 14.102045219463992, 0.0 ], [ 121.13571953855319, 14.102217071536071, 0.0 ], [ 121.135718256095402, 14.102374881645595, 0.0 ], [ 121.135761148127415, 14.102523468326725, 0.0 ], [ 121.135779657947097, 14.102657519062266, 0.0 ], [ 121.135729379634142, 14.10281494896744, 0.0 ], [ 121.135674627865583, 14.102919738146403, 0.0 ], [ 121.135549862541268, 14.103198542893391, 0.0 ], [ 121.135430832583921, 14.103374570260778, 0.0 ], [ 121.135331944695821, 14.103483800267281, 0.0 ], [ 121.135193626462637, 14.103621418342039, 0.0 ], [ 121.135119315060464, 14.10372127316467, 0.0 ], [ 121.135098667266718, 14.1038502388505, 0.0 ], [ 121.135136574185381, 14.104033030465173, 0.0 ], [ 121.135161212314742, 14.104088314479974, 0.0 ], [ 121.135223530651217, 14.104137768235436, 0.0 ], [ 121.135304463786554, 14.104211853507516, 0.0 ], [ 121.135353890376408, 14.104304058275588, 0.0 ], [ 121.135337353331664, 14.104409525525293, 0.0 ], [ 121.135323715069759, 14.104544092791562, 0.0 ], [ 121.135335238445137, 14.10466967180629, 0.0 ], [ 121.13536271420287, 14.104761707493449, 0.0 ], [ 121.135408880396497, 14.10486919038097, 0.0 ], [ 121.135470949250333, 14.104949250710588, 0.0 ], [ 121.135539340135637, 14.105023237913164, 0.0 ], [ 121.135560781055091, 14.105086149284684, 0.0 ], [ 121.135572651928726, 14.105168881019575, 0.0 ], [ 121.135543459370339, 14.105288023585244, 0.0 ], [ 121.135520688291336, 14.105388851466994, 0.0 ], [ 121.135457075769253, 14.10549854526929, 0.0 ], [ 121.135374350637406, 14.1056448207357, 0.0 ], [ 121.135316724045992, 14.105789759575048, 0.0 ], [ 121.135280935490144, 14.105948640826846, 0.0 ], [ 121.135267197452862, 14.106095449617635, 0.0 ], [ 121.135300870890163, 14.106196714616823, 0.0 ], [ 121.135409504537961, 14.106335289870804, 0.0 ], [ 121.135549597326701, 14.106461864577334, 0.0 ], [ 121.135686913966651, 14.106544037685168, 0.0 ], [ 121.135817798584867, 14.106646055390589, 0.0 ], [ 121.135938876875528, 14.106796969156258, 0.0 ], [ 121.136035179923951, 14.106909432183697, 0.0 ], [ 121.136123101551235, 14.107030255145046, 0.0 ], [ 121.136211702549389, 14.106969170883822, 0.0 ], [ 121.136472921875423, 14.106789417900204, 0.0 ], [ 121.136587987300416, 14.10676278089888, 0.0 ] ] ] ] } },
{ "type": "Feature", "properties": { "OBJECTID_1": 17, "BRGY": "Barangay 4", "AREA_HA": 28.638655935500001, "Shape_Leng": 2964.8650290199998, "Shape_Area": 286386.55935499998, "pop2007": 2569, "popden": 89.703930442300006, "popden2": 90 }, "geometry": { "type": "MultiPolygon", "coordinates": [ [ [ [ 121.147190718237567, 14.10766571483226, 0.0 ], [ 121.147359224555743, 14.107455036248641, 0.0 ], [ 121.147592301601961, 14.107128895843408, 0.0 ], [ 121.147772410750918, 14.106893689387485, 0.0 ], [ 121.148067358825713, 14.10651561409705, 0.0 ], [ 121.148272602128827, 14.106211719070606, 0.0 ], [ 121.148296962041584, 14.106022514187682, 0.0 ], [ 121.147857136695961, 14.106065983216146, 0.0 ], [ 121.14741076983843, 14.106069242274318, 0.0 ], [ 121.146215970394522, 14.106066739012308, 0.0 ], [ 121.145557178948977, 14.10601481360786, 0.0 ], [ 121.145118112482379, 14.105964579324294, 0.0 ], [ 121.144624655709876, 14.105846995974989, 0.0 ], [ 121.144797405044073, 14.104864445180747, 0.0 ], [ 121.144951103011422, 14.103690336291875, 0.0 ], [ 121.144996197042445, 14.103208782949865, 0.0 ], [ 121.144586827156644, 14.103887051053006, 0.0 ], [ 121.144452928545761, 14.103817038585889, 0.0 ], [ 121.144340316384685, 14.103740291661948, 0.0 ], [ 121.14418543945645, 14.103639074912957, 0.0 ], [ 121.14409391756989, 14.103579736054925, 0.0 ], [ 121.144116626064417, 14.103397111249917, 0.0 ], [ 121.143930073449354, 14.103274955860224, 0.0 ], [ 121.143634475311856, 14.103072632788255, 0.0 ], [ 121.143391769206886, 14.102893135963118, 0.0 ], [ 121.143184461539164, 14.102712186593504, 0.0 ], [ 121.142997992846347, 14.10257968495776, 0.0 ], [ 121.142842861068914, 14.102495711143034, 0.0 ], [ 121.142176321885032, 14.102656124013803, 0.0 ], [ 121.141651285673078, 14.102821076606272, 0.0 ], [ 121.141058015260512, 14.10310966647374, 0.0 ], [ 121.140621407487743, 14.103278748881969, 0.0 ], [ 121.140380468341732, 14.10331827705258, 0.0 ], [ 121.14004691800055, 14.1034329686355, 0.0 ], [ 121.139351293391542, 14.103688845092385, 0.0 ], [ 121.13881089743164, 14.104001980450285, 0.0 ], [ 121.138443583961461, 14.104152071952949, 0.0 ], [ 121.138663601647409, 14.104315528933078, 0.0 ], [ 121.138949868498585, 14.104514678523884, 0.0 ], [ 121.139603031587512, 14.105004604143877, 0.0 ], [ 121.13985127300657, 14.104686262273765, 0.0 ], [ 121.140426629215725, 14.105194998523599, 0.0 ], [ 121.140532874056262, 14.105323632727469, 0.0 ], [ 121.140623489851421, 14.105542197073495, 0.0 ], [ 121.14069721413594, 14.10563862666527, 0.0 ], [ 121.140875452944016, 14.105709720155174, 0.0 ], [ 121.141133141407636, 14.105906313356146, 0.0 ], [ 121.141628174921905, 14.106235479465521, 0.0 ], [ 121.142141020093405, 14.106573496242822, 0.0 ], [ 121.142514800624866, 14.106787264419411, 0.0 ], [ 121.143260569102253, 14.107300376342023, 0.0 ], [ 121.14369474257623, 14.107565082095519, 0.0 ], [ 121.144573493626353, 14.10795749609262, 0.0 ], [ 121.145239611716718, 14.108419641068503, 0.0 ], [ 121.145442685066882, 14.108293475728434, 0.0 ], [ 121.145805442741988, 14.107915244842429, 0.0 ], [ 121.146019076268786, 14.10758132875184, 0.0 ], [ 121.146119627069936, 14.107354399594712, 0.0 ], [ 121.147190718237567, 14.10766571483226, 0.0 ] ] ] ] } },
{ "type": "Feature", "properties": { "OBJECTID_1": 18, "BRGY": "Barangay 3", "AREA_HA": 16.912951774900002, "Shape_Leng": 1934.12520111, "Shape_Area": 169129.51774899999, "pop2007": 2087, "popden": 123.396555952, "popden2": 123 }, "geometry": { "type": "MultiPolygon", "coordinates": [ [ [ [ 121.142514800624866, 14.106787264419411, 0.0 ], [ 121.142141020093405, 14.106573496242822, 0.0 ], [ 121.141628174921905, 14.106235479465521, 0.0 ], [ 121.141133141407636, 14.105906313356146, 0.0 ], [ 121.140875452944016, 14.105709720155174, 0.0 ], [ 121.14069721413594, 14.10563862666527, 0.0 ], [ 121.140623489851421, 14.105542197073495, 0.0 ], [ 121.140532874056262, 14.105323632727469, 0.0 ], [ 121.140426629215725, 14.105194998523599, 0.0 ], [ 121.13985127300657, 14.104686262273765, 0.0 ], [ 121.139603031587512, 14.105004604143877, 0.0 ], [ 121.138949868498585, 14.104514678523884, 0.0 ], [ 121.138663601647409, 14.104315528933078, 0.0 ], [ 121.138443583961461, 14.104152071952949, 0.0 ], [ 121.138413263041272, 14.104164461279449, 0.0 ], [ 121.138054942292229, 14.104278958330644, 0.0 ], [ 121.13776792079058, 14.104328474523927, 0.0 ], [ 121.137665568816303, 14.104333870977076, 0.0 ], [ 121.137751191525652, 14.104565529090511, 0.0 ], [ 121.137789737256071, 14.104757731820607, 0.0 ], [ 121.137806811917287, 14.104900015544304, 0.0 ], [ 121.137750797580068, 14.105063057323594, 0.0 ], [ 121.13777836453491, 14.105260315736038, 0.0 ], [ 121.137675359412953, 14.105373240184996, 0.0 ], [ 121.137580049869413, 14.105436471163806, 0.0 ], [ 121.13744096124482, 14.10550291792681, 0.0 ], [ 121.137247591211732, 14.105519190813613, 0.0 ], [ 121.137057519259429, 14.105578133910008, 0.0 ], [ 121.136961603289862, 14.105715989759245, 0.0 ], [ 121.136867276598565, 14.10585881136543, 0.0 ], [ 121.136832876602483, 14.106054004160345, 0.0 ], [ 121.136743905541906, 14.106234558464598, 0.0 ], [ 121.136699347767362, 14.106333720358913, 0.0 ], [ 121.136614223986811, 14.106489427454287, 0.0 ], [ 121.136544578644461, 14.106535087731759, 0.0 ], [ 121.136587987300416, 14.10676278089888, 0.0 ], [ 121.136879976800884, 14.106695188168134, 0.0 ], [ 121.137401495792261, 14.106757651638679, 0.0 ], [ 121.137753792517017, 14.106844772866292, 0.0 ], [ 121.138098694223643, 14.107022724047301, 0.0 ], [ 121.138583141277124, 14.107240704992394, 0.0 ], [ 121.139000672370244, 14.107497120811557, 0.0 ], [ 121.139498125087243, 14.107754152783846, 0.0 ], [ 121.139282367808406, 14.10807708472732, 0.0 ], [ 121.139321748287983, 14.108148800732703, 0.0 ], [ 121.139545247186561, 14.108345597835948, 0.0 ], [ 121.139743997392458, 14.108476973619563, 0.0 ], [ 121.140087955499396, 14.108771771495974, 0.0 ], [ 121.14047234750538, 14.1090084522165, 0.0 ], [ 121.140776556876688, 14.109276973528527, 0.0 ], [ 121.141091510936477, 14.108835911771807, 0.0 ], [ 121.141365997004556, 14.108431350858273, 0.0 ], [ 121.141531945435574, 14.108180370282287, 0.0 ], [ 121.141757854075948, 14.107885818364872, 0.0 ], [ 121.142514800624866, 14.106787264419411, 0.0 ] ] ] ] } },
{ "type": "Feature", "properties": { "OBJECTID_1": 19, "BRGY": "Barangay 2", "AREA_HA": 15.2195417796, "Shape_Leng": 1960.9592396600001, "Shape_Area": 152195.41779599999, "pop2007": 2530, "popden": 166.23365122600001, "popden2": 166 }, "geometry": { "type": "MultiPolygon", "coordinates": [ [ [ [ 121.147190718237567, 14.10766571483226, 0.0 ], [ 121.146119627069936, 14.107354399594712, 0.0 ], [ 121.146019076268786, 14.10758132875184, 0.0 ], [ 121.145805442741988, 14.107915244842429, 0.0 ], [ 121.145442685066882, 14.108293475728434, 0.0 ], [ 121.145239611716718, 14.108419641068503, 0.0 ], [ 121.144573493626353, 14.10795749609262, 0.0 ], [ 121.14369474257623, 14.107565082095519, 0.0 ], [ 121.143260569102253, 14.107300376342023, 0.0 ], [ 121.142514800624866, 14.106787264419411, 0.0 ], [ 121.141757854075948, 14.107885818364872, 0.0 ], [ 121.141531945435574, 14.108180370282287, 0.0 ], [ 121.141365997004556, 14.108431350858273, 0.0 ], [ 121.141091510936477, 14.108835911771807, 0.0 ], [ 121.140776556876688, 14.109276973528527, 0.0 ], [ 121.141623899302303, 14.109919732107066, 0.0 ], [ 121.14171232355001, 14.109693195340592, 0.0 ], [ 121.141948586575595, 14.109305499340204, 0.0 ], [ 121.142431998154592, 14.109652305902333, 0.0 ], [ 121.142836166097212, 14.109915103712453, 0.0 ], [ 121.143969223176683, 14.110644455454333, 0.0 ], [ 121.144612005802571, 14.111051915086824, 0.0 ], [ 121.144946298421047, 14.110610976956121, 0.0 ], [ 121.145113954382055, 14.110396640910425, 0.0 ], [ 121.145560925742146, 14.109838553733912, 0.0 ], [ 121.146030174864606, 14.109184803660495, 0.0 ], [ 121.146284799950323, 14.108854337424042, 0.0 ], [ 121.14656745006954, 14.10847766743715, 0.0 ], [ 121.146750609491875, 14.108245480574325, 0.0 ], [ 121.147114013110667, 14.10776161765677, 0.0 ], [ 121.147190718237567, 14.10766571483226, 0.0 ] ] ] ] } },
{ "type": "Feature", "properties": { "OBJECTID_1": 20, "BRGY": "Barangay 1", "AREA_HA": 30.7757033404, "Shape_Leng": 2743.8400734699999, "Shape_Area": 307757.03340399999, "pop2007": 1817, "popden": 59.040080413600002, "popden2": 59 }, "geometry": { "type": "MultiPolygon", "coordinates": [ [ [ [ 121.143969223176683, 14.110644455454333, 0.0 ], [ 121.142836166097212, 14.109915103712453, 0.0 ], [ 121.142431998154592, 14.109652305902333, 0.0 ], [ 121.141948586575595, 14.109305499340204, 0.0 ], [ 121.14171232355001, 14.109693195340592, 0.0 ], [ 121.141623899302303, 14.109919732107066, 0.0 ], [ 121.140776556876688, 14.109276973528527, 0.0 ], [ 121.14047234750538, 14.1090084522165, 0.0 ], [ 121.140087955499396, 14.108771771495974, 0.0 ], [ 121.139743997392458, 14.108476973619563, 0.0 ], [ 121.139545247186561, 14.108345597835948, 0.0 ], [ 121.139321748287983, 14.108148800732703, 0.0 ], [ 121.139282367808406, 14.10807708472732, 0.0 ], [ 121.139498125087243, 14.107754152783846, 0.0 ], [ 121.139000672370244, 14.107497120811557, 0.0 ], [ 121.138583141277124, 14.107240704992394, 0.0 ], [ 121.138098694223643, 14.107022724047301, 0.0 ], [ 121.137753792517017, 14.106844772866292, 0.0 ], [ 121.137401495792261, 14.106757651638679, 0.0 ], [ 121.136879976800884, 14.106695188168134, 0.0 ], [ 121.136587987300416, 14.10676278089888, 0.0 ], [ 121.136472921875423, 14.106789417900204, 0.0 ], [ 121.136211702549389, 14.106969170883822, 0.0 ], [ 121.136123101551235, 14.107030255145046, 0.0 ], [ 121.136156134117599, 14.10707564827908, 0.0 ], [ 121.1363300252128, 14.107288186060462, 0.0 ], [ 121.136559777299496, 14.107573082813616, 0.0 ], [ 121.136668462069821, 14.107705535971103, 0.0 ], [ 121.136777172758386, 14.107834928256878, 0.0 ], [ 121.136898202532251, 14.107991963368992, 0.0 ], [ 121.137022642145297, 14.108115356133879, 0.0 ], [ 121.137125167920345, 14.10823398816596, 0.0 ], [ 121.137212126733459, 14.108338725491548, 0.0 ], [ 121.137330146130381, 14.108480432868742, 0.0 ], [ 121.137407746342006, 14.108578977461011, 0.0 ], [ 121.137547667579739, 14.10872697539415, 0.0 ], [ 121.137650193888206, 14.108845607264005, 0.0 ], [ 121.13772438568229, 14.108977793209741, 0.0 ], [ 121.137770230493658, 14.10912506322358, 0.0 ], [ 121.137768838491112, 14.10929645429087, 0.0 ], [ 121.137745670010347, 14.109446251427203, 0.0 ], [ 121.137735428727296, 14.109548707460167, 0.0 ], [ 121.137699741241946, 14.109695346690355, 0.0 ], [ 121.137692326283187, 14.109836083482399, 0.0 ], [ 121.137713133262835, 14.109977038624711, 0.0 ], [ 121.137780904778666, 14.110127539331414, 0.0 ], [ 121.137880656926839, 14.110201768736795, 0.0 ], [ 121.138071361799831, 14.110275171631592, 0.0 ], [ 121.138208744700194, 14.110349692012992, 0.0 ], [ 121.138399263446829, 14.110446048760993, 0.0 ], [ 121.138527039192198, 14.110544981178228, 0.0 ], [ 121.138585229791815, 14.110716832192766, 0.0 ], [ 121.138612322159489, 14.110856305862866, 0.0 ], [ 121.13862362357952, 14.111009430728416, 0.0 ], [ 121.138697319549522, 14.111202827108507, 0.0 ], [ 121.138790129179696, 14.111359642438712, 0.0 ], [ 121.138892433585212, 14.111505818887313, 0.0 ], [ 121.139116057863788, 14.111773833121699, 0.0 ], [ 121.139274411468307, 14.111969414928382, 0.0 ], [ 121.139448929886314, 14.112105436327315, 0.0 ], [ 121.139651622031991, 14.112247797486516, 0.0 ], [ 121.139807498342563, 14.112362249997922, 0.0 ], [ 121.139947721306839, 14.112473521306086, 0.0 ], [ 121.140062248073178, 14.112659580858439, 0.0 ], [ 121.140210040663703, 14.1129974049515, 0.0 ], [ 121.140258936923672, 14.113155411495674, 0.0 ], [ 121.140294904346845, 14.113360759281186, 0.0 ], [ 121.140310806928554, 14.113589029558765, 0.0 ], [ 121.140442213049909, 14.113624193656609, 0.0 ], [ 121.141119282649598, 14.113844995427872, 0.0 ], [ 121.141718755786883, 14.114034833429523, 0.0 ], [ 121.142249013932869, 14.114150457374658, 0.0 ], [ 121.143009727181806, 14.113156561285859, 0.0 ], [ 121.14348760119762, 14.112543508657499, 0.0 ], [ 121.143650567130251, 14.112327325758107, 0.0 ], [ 121.144612005802571, 14.111051915086824, 0.0 ], [ 121.143969223176683, 14.110644455454333, 0.0 ] ] ] ] } },
{ "type": "Feature", "properties": { "OBJECTID_1": 21, "BRGY": "Santa Elena", "AREA_HA": 262.31696777799999, "Shape_Leng": 7741.3868277700003, "Shape_Area": 2623169.67778, "pop2007": 1557, "popden": 5.93556723833, "popden2": 6 }, "geometry": { "type": "MultiPolygon", "coordinates": [ [ [ [ 121.208835207047684, 14.091782045782089, 0.0 ], [ 121.208454282452777, 14.092022020188615, 0.0 ], [ 121.208255931031985, 14.092328292582389, 0.0 ], [ 121.207991599647642, 14.092718970108816, 0.0 ], [ 121.207684302341463, 14.093035044010206, 0.0 ], [ 121.206729970588299, 14.092561017572486, 0.0 ], [ 121.205949074562412, 14.092183786341183, 0.0 ], [ 121.204407567078633, 14.091620482800659, 0.0 ], [ 121.204020911270732, 14.092339214939951, 0.0 ], [ 121.20263289435826, 14.09163908963605, 0.0 ], [ 121.202954153633357, 14.090930484740246, 0.0 ], [ 121.202476299030934, 14.090782608352535, 0.0 ], [ 121.202032214177038, 14.091914563498538, 0.0 ], [ 121.201886231810931, 14.09210961222605, 0.0 ], [ 121.201677971114691, 14.09219798264281, 0.0 ], [ 121.201469622224053, 14.092297592643158, 0.0 ], [ 121.201318486483771, 14.092453832587498, 0.0 ], [ 121.201334154270313, 14.092661899921859, 0.0 ], [ 121.201350438500214, 14.092791287876809, 0.0 ], [ 121.201464955286596, 14.092893308373403, 0.0 ], [ 121.201584973685243, 14.093029090303236, 0.0 ], [ 121.201722816551879, 14.093097562559306, 0.0 ], [ 121.201779854987123, 14.093176672203297, 0.0 ], [ 121.20164117464796, 14.093214979265328, 0.0 ], [ 121.201450825315291, 14.093224799048077, 0.0 ], [ 121.201301055783091, 14.093206820038709, 0.0 ], [ 121.201202469859382, 14.0932791483347, 0.0 ], [ 121.20120779515598, 14.093335391182121, 0.0 ], [ 121.201230372490201, 14.093397382580619, 0.0 ], [ 121.201252642510113, 14.093498713670044, 0.0 ], [ 121.201182751748505, 14.093588116347799, 0.0 ], [ 121.20106629699616, 14.093733374462515, 0.0 ], [ 121.201076551144382, 14.093896439613223, 0.0 ], [ 121.201150577341096, 14.094015017303294, 0.0 ], [ 121.201138254172207, 14.094116091047219, 0.0 ], [ 121.200976203063433, 14.094193565149414, 0.0 ], [ 121.200840687191445, 14.09434372392993, 0.0 ], [ 121.199879546742253, 14.093994064180931, 0.0 ], [ 121.199555762111473, 14.094840268922537, 0.0 ], [ 121.199210988119617, 14.09598333457032, 0.0 ], [ 121.198262210010242, 14.095642853329947, 0.0 ], [ 121.197440700212056, 14.097659509563616, 0.0 ], [ 121.197528340407104, 14.097797030499503, 0.0 ], [ 121.19794732877358, 14.097896439400007, 0.0 ], [ 121.198317060888598, 14.097979433358027, 0.0 ], [ 121.198784675327019, 14.098175477940289, 0.0 ], [ 121.199087937558488, 14.098338203108462, 0.0 ], [ 121.199339552142106, 14.098789363004515, 0.0 ], [ 121.199395652980641, 14.098982330996849, 0.0 ], [ 121.199434726974104, 14.099247377216768, 0.0 ], [ 121.199531540605292, 14.0994968091671, 0.0 ], [ 121.199586949285461, 14.099778023350323, 0.0 ], [ 121.199634883674875, 14.09996290734477, 0.0 ], [ 121.19976361060138, 14.100340942948153, 0.0 ], [ 121.199850935366641, 14.100750760820913, 0.0 ], [ 121.199950914362091, 14.101277629894021, 0.0 ], [ 121.199934336656455, 14.101622314168964, 0.0 ], [ 121.199953659297947, 14.101811765338656, 0.0 ], [ 121.200214411776344, 14.102172044819353, 0.0 ], [ 121.200301980051066, 14.102503985853678, 0.0 ], [ 121.200341314473519, 14.102795001656823, 0.0 ], [ 121.199675549102011, 14.103873181968114, 0.0 ], [ 121.200259726270176, 14.104619630958375, 0.0 ], [ 121.200521957608416, 14.105159601087371, 0.0 ], [ 121.200592556783135, 14.105865106767263, 0.0 ], [ 121.200816724478003, 14.106404791384621, 0.0 ], [ 121.201155817541974, 14.106852575102151, 0.0 ], [ 121.201267393502107, 14.107187346214804, 0.0 ], [ 121.201583454290372, 14.108145137489251, 0.0 ], [ 121.202395457850514, 14.108967494177415, 0.0 ], [ 121.202999124392576, 14.109658427923677, 0.0 ], [ 121.203809830304394, 14.11064773921432, 0.0 ], [ 121.207603496438352, 14.116304360017319, 0.0 ], [ 121.209673647815606, 14.113310796338007, 0.0 ], [ 121.209590785185313, 14.108128761831063, 0.0 ], [ 121.209876366725624, 14.107271922541974, 0.0 ], [ 121.210287911569011, 14.106754868263828, 0.0 ], [ 121.211551012964591, 14.104170283750989, 0.0 ], [ 121.211805662735415, 14.102015735665987, 0.0 ], [ 121.213254860355349, 14.098934742010687, 0.0 ], [ 121.213256796163748, 14.098533186661907, 0.0 ], [ 121.213190294787609, 14.098147537504103, 0.0 ], [ 121.211294607008398, 14.095788870930191, 0.0 ], [ 121.21037329099245, 14.095186057427052, 0.0 ], [ 121.209915961729394, 14.093484300277792, 0.0 ], [ 121.209757309180347, 14.09317560575216, 0.0 ], [ 121.208835207047684, 14.091782045782089, 0.0 ] ] ] ] } },
{ "type": "Feature", "properties": { "OBJECTID_1": 22, "BRGY": "San Vicente", "AREA_HA": 719.72483337599999, "Shape_Leng": 18408.876600399999, "Shape_Area": 7197248.3337599998, "pop2007": 6537, "popden": 9.0826378316599996, "popden2": 9 }, "geometry": { "type": "MultiPolygon", "coordinates": [ [ [ [ 121.203031313078881, 14.122915634867562, 0.0 ], [ 121.207603496438352, 14.116304360017319, 0.0 ], [ 121.203809830304394, 14.11064773921432, 0.0 ], [ 121.202999124392576, 14.109658427923677, 0.0 ], [ 121.202395457850514, 14.108967494177415, 0.0 ], [ 121.201583454290372, 14.108145137489251, 0.0 ], [ 121.201267393502107, 14.107187346214804, 0.0 ], [ 121.201155817541974, 14.106852575102151, 0.0 ], [ 121.200816724478003, 14.106404791384621, 0.0 ], [ 121.200592556783135, 14.105865106767263, 0.0 ], [ 121.200521957608416, 14.105159601087371, 0.0 ], [ 121.200259726270176, 14.104619630958375, 0.0 ], [ 121.199675549102011, 14.103873181968114, 0.0 ], [ 121.200341314473519, 14.102795001656823, 0.0 ], [ 121.200301980051066, 14.102503985853678, 0.0 ], [ 121.200214411776344, 14.102172044819353, 0.0 ], [ 121.199953659297947, 14.101811765338656, 0.0 ], [ 121.199934336656455, 14.101622314168964, 0.0 ], [ 121.199950914362091, 14.101277629894021, 0.0 ], [ 121.199850935366641, 14.100750760820913, 0.0 ], [ 121.19976361060138, 14.100340942948153, 0.0 ], [ 121.199634883674875, 14.09996290734477, 0.0 ], [ 121.199586949285461, 14.099778023350323, 0.0 ], [ 121.199531540605292, 14.0994968091671, 0.0 ], [ 121.199434726974104, 14.099247377216768, 0.0 ], [ 121.199395652980641, 14.098982330996849, 0.0 ], [ 121.199339552142106, 14.098789363004515, 0.0 ], [ 121.199087937558488, 14.098338203108462, 0.0 ], [ 121.198784675327019, 14.098175477940289, 0.0 ], [ 121.198317060888598, 14.097979433358027, 0.0 ], [ 121.19794732877358, 14.097896439400007, 0.0 ], [ 121.197528340407104, 14.097797030499503, 0.0 ], [ 121.197440700212056, 14.097659509563616, 0.0 ], [ 121.197370877719663, 14.097549947764712, 0.0 ], [ 121.197181612012272, 14.097368466120031, 0.0 ], [ 121.196985931949953, 14.097245021904172, 0.0 ], [ 121.196826461263029, 14.097063763029091, 0.0 ], [ 121.19666084994229, 14.096905691784368, 0.0 ], [ 121.196465079288842, 14.096793863826786, 0.0 ], [ 121.196274673738898, 14.096757587366092, 0.0 ], [ 121.196006486773342, 14.096761387030893, 0.0 ], [ 121.195881400191865, 14.096754642592185, 0.0 ], [ 121.195727112839535, 14.096672167046616, 0.0 ], [ 121.195554948796968, 14.096589557519284, 0.0 ], [ 121.195412671509303, 14.096495555371149, 0.0 ], [ 121.195276397404299, 14.096395789479967, 0.0 ], [ 121.195175556350989, 14.096336947648341, 0.0 ], [ 121.195020493036807, 14.096353211879402, 0.0 ], [ 121.194937253841161, 14.096329354575619, 0.0 ], [ 121.194854563788297, 14.096235797678345, 0.0 ], [ 121.194795616579981, 14.096154035942932, 0.0 ], [ 121.194688587177879, 14.096124191665576, 0.0 ], [ 121.194557451389429, 14.096129017627506, 0.0 ], [ 121.194426770678234, 14.096075761442078, 0.0 ], [ 121.194242829060755, 14.095975636893659, 0.0 ], [ 121.194136167293721, 14.095899326037332, 0.0 ], [ 121.193982224930167, 14.095773289563656, 0.0 ], [ 121.193697031155907, 14.09566659699718, 0.0 ], [ 121.193566717578278, 14.095566874957022, 0.0 ], [ 121.193459690527916, 14.095537029294, 0.0 ], [ 121.193322366401347, 14.095570851396744, 0.0 ], [ 121.193191001455361, 14.095604718106095, 0.0 ], [ 121.193083973531884, 14.095574872272957, 0.0 ], [ 121.193018977413246, 14.095504682093461, 0.0 ], [ 121.192811429727527, 14.095375337252564, 0.0 ], [ 121.192572899910076, 14.09539678161515, 0.0 ], [ 121.192292477291076, 14.095441146857912, 0.0 ], [ 121.192113945648927, 14.095410764117391, 0.0 ], [ 121.19190071582139, 14.095246525030902, 0.0 ], [ 121.191758027409662, 14.095204793766086, 0.0 ], [ 121.191406238411105, 14.095231196473421, 0.0 ], [ 121.191257088391353, 14.095253311352151, 0.0 ], [ 121.191013104942883, 14.095210819202775, 0.0 ], [ 121.190805466361653, 14.095093089360802, 0.0 ], [ 121.19066915141164, 14.094999129489269, 0.0 ], [ 121.190293299870518, 14.095054392127189, 0.0 ], [ 121.190126183570655, 14.095087987710068, 0.0 ], [ 121.189935414614297, 14.095098171877572, 0.0 ], [ 121.189738641589813, 14.095114119407153, 0.0 ], [ 121.189500203764354, 14.095123945065861, 0.0 ], [ 121.189321490643522, 14.095116793457212, 0.0 ], [ 121.189131501630413, 14.095028237131523, 0.0 ], [ 121.189024887142139, 14.094946116878644, 0.0 ], [ 121.188917998701612, 14.094898844462787, 0.0 ], [ 121.188757711494603, 14.094822128381027, 0.0 ], [ 121.188669712464446, 14.094831237663332, 0.0 ], [ 121.188398228631016, 14.094982375384339, 0.0 ], [ 121.188215320901648, 14.095060652372052, 0.0 ], [ 121.187989285154899, 14.095028316975959, 0.0 ], [ 121.187694594368708, 14.094934193835709, 0.0 ], [ 121.187469526483312, 14.094779322085211, 0.0 ], [ 121.187301076789112, 14.094618749365569, 0.0 ], [ 121.187189341936502, 14.094440222104827, 0.0 ], [ 121.187058459833821, 14.094298313056267, 0.0 ], [ 121.186826092581938, 14.094272055779225, 0.0 ], [ 121.186493012515783, 14.094263422350979, 0.0 ], [ 121.186179853750744, 14.094120140931123, 0.0 ], [ 121.186030260694267, 14.093959709414159, 0.0 ], [ 121.18589884794612, 14.093885194587012, 0.0 ], [ 121.185685240640566, 14.093871331904078, 0.0 ], [ 121.185534098412006, 14.093906957004437, 0.0 ], [ 121.185402443737104, 14.093863074739106, 0.0 ], [ 121.185252853281952, 14.093702642835284, 0.0 ], [ 121.185147066488014, 14.093567049568053, 0.0 ], [ 121.184972431245029, 14.093394174505802, 0.0 ], [ 121.184797386322572, 14.093273377652414, 0.0 ], [ 121.184647794818659, 14.09311294544845, 0.0 ], [ 121.184471949886969, 14.093093239514699, 0.0 ], [ 121.18435871492035, 14.093104640736062, 0.0 ], [ 121.184246159311229, 14.093030267199918, 0.0 ], [ 121.184057887069685, 14.09299208529796, 0.0 ], [ 121.183882089881578, 14.092966251663341, 0.0 ], [ 121.183662391711024, 14.092927833520591, 0.0 ], [ 121.183274394723, 14.092710459206931, 0.0 ], [ 121.182867831665419, 14.092456182106631, 0.0 ], [ 121.182560867012455, 14.092325197576566, 0.0 ], [ 121.182334689856546, 14.092311237303841, 0.0 ], [ 121.182189738272839, 14.092359160532947, 0.0 ], [ 121.181988897093476, 14.092320883202095, 0.0 ], [ 121.18185081271524, 14.092295332675631, 0.0 ], [ 121.181744931617033, 14.092171991861713, 0.0 ], [ 121.181683436589921, 14.091999968424947, 0.0 ], [ 121.18144728534223, 14.091658131447053, 0.0 ], [ 121.181084775359054, 14.091398056535013, 0.0 ], [ 121.180878766819603, 14.091218815482076, 0.0 ], [ 121.180547730661033, 14.090952850737541, 0.0 ], [ 121.180158892391006, 14.09105110401527, 0.0 ], [ 121.180024294262722, 14.091081519297823, 0.0 ], [ 121.179782094722924, 14.091126837681704, 0.0 ], [ 121.180153665699805, 14.09035432529573, 0.0 ], [ 121.179461885709131, 14.09016574806477, 0.0 ], [ 121.178727906591817, 14.089877315849545, 0.0 ], [ 121.177580555556617, 14.089533371489212, 0.0 ], [ 121.177905282904192, 14.088569298795322, 0.0 ], [ 121.177400270282263, 14.088382128171675, 0.0 ], [ 121.177290422217581, 14.088679900101951, 0.0 ], [ 121.176840266110744, 14.088519336485863, 0.0 ], [ 121.176588985206905, 14.088355038297669, 0.0 ], [ 121.176432456462166, 14.088440292536372, 0.0 ], [ 121.176234872483235, 14.088281637648214, 0.0 ], [ 121.176074489369697, 14.088175651688802, 0.0 ], [ 121.175409756951638, 14.087966314439553, 0.0 ], [ 121.174943273488537, 14.08783181730702, 0.0 ], [ 121.173710669720933, 14.087398153357874, 0.0 ], [ 121.174029204839755, 14.086538551476808, 0.0 ], [ 121.174008500141042, 14.08643886061285, 0.0 ], [ 121.173504322160198, 14.086314553108332, 0.0 ], [ 121.173684593494713, 14.085946596124508, 0.0 ], [ 121.174064461743882, 14.084807453384453, 0.0 ], [ 121.173925160494065, 14.084754011735168, 0.0 ], [ 121.174123800077169, 14.084103307814646, 0.0 ], [ 121.172993066768029, 14.083701845519087, 0.0 ], [ 121.172851558286339, 14.083926034526748, 0.0 ], [ 121.172288358395704, 14.083790800379838, 0.0 ], [ 121.171264897817494, 14.083416335983918, 0.0 ], [ 121.169918340085346, 14.083124544161462, 0.0 ], [ 121.169657170935054, 14.084315218217828, 0.0 ], [ 121.168528454066646, 14.083874766642786, 0.0 ], [ 121.168599340838853, 14.083473416531399, 0.0 ], [ 121.168838973496221, 14.083517225073543, 0.0 ], [ 121.169100640354785, 14.082340538321322, 0.0 ], [ 121.168954642728437, 14.082129487869363, 0.0 ], [ 121.168715965754842, 14.081965720468846, 0.0 ], [ 121.168513060834641, 14.081946184392692, 0.0 ], [ 121.168261219117184, 14.08189028624769, 0.0 ], [ 121.1679114083461, 14.081773660836815, 0.0 ], [ 121.167679556382296, 14.081525966414828, 0.0 ], [ 121.167471312107111, 14.081404417708018, 0.0 ], [ 121.167349017557655, 14.08130751457735, 0.0 ], [ 121.166871599216037, 14.080988974329967, 0.0 ], [ 121.16655288974485, 14.080830594167663, 0.0 ], [ 121.166319939313283, 14.080720853483751, 0.0 ], [ 121.166160633724658, 14.080635665141539, 0.0 ], [ 121.165900696835152, 14.080480180357492, 0.0 ], [ 121.165745688248975, 14.080619367686852, 0.0 ], [ 121.165548573859027, 14.080815069414404, 0.0 ], [ 121.165451969644607, 14.081090415251239, 0.0 ], [ 121.165301266015604, 14.081385069802376, 0.0 ], [ 121.16517847859194, 14.08156161711304, 0.0 ], [ 121.165036302045564, 14.081632841806027, 0.0 ], [ 121.164651331342256, 14.081708792695272, 0.0 ], [ 121.164204494082298, 14.081932171048546, 0.0 ], [ 121.163879945784416, 14.082041447255582, 0.0 ], [ 121.163748418680669, 14.082116688130812, 0.0 ], [ 121.163321790910459, 14.082513984468928, 0.0 ], [ 121.163042410535652, 14.082802334668365, 0.0 ], [ 121.162601873224972, 14.082977341541939, 0.0 ], [ 121.162255919789985, 14.083091915496121, 0.0 ], [ 121.16188855251184, 14.083311803253958, 0.0 ], [ 121.161515114785644, 14.083594337922017, 0.0 ], [ 121.161335054773232, 14.083883443007792, 0.0 ], [ 121.160920161723595, 14.084119794849938, 0.0 ], [ 121.160558197376076, 14.084275013122028, 0.0 ], [ 121.160056803771269, 14.084215129982081, 0.0 ], [ 121.159696839214945, 14.084120653462152, 0.0 ], [ 121.159331484325506, 14.084046518963744, 0.0 ], [ 121.158882528738573, 14.083747517945302, 0.0 ], [ 121.15864451415041, 14.083439934467608, 0.0 ], [ 121.158457343993092, 14.083311103029004, 0.0 ], [ 121.158248163478063, 14.083319697170126, 0.0 ], [ 121.158090724441095, 14.083394936460847, 0.0 ], [ 121.157932346446302, 14.083587377692773, 0.0 ], [ 121.157831471030136, 14.083780258129055, 0.0 ], [ 121.157631273584997, 14.083972380486786, 0.0 ], [ 121.157395217173544, 14.084072498522513, 0.0 ], [ 121.157133514296177, 14.084111266603387, 0.0 ], [ 121.156965497018263, 14.084201712387927, 0.0 ], [ 121.156865193850834, 14.084323251168959, 0.0 ], [ 121.156775139942511, 14.084470350073175, 0.0 ], [ 121.15648726868649, 14.084632999641121, 0.0 ], [ 121.156167775783771, 14.084706997426668, 0.0 ], [ 121.155911708597927, 14.084694847163266, 0.0 ], [ 121.155786289646855, 14.084688791478575, 0.0 ], [ 121.155639876587387, 14.084692767852511, 0.0 ], [ 121.155498692763587, 14.084696784142555, 0.0 ], [ 121.155419993814462, 14.084731853866868, 0.0 ], [ 121.155367308959924, 14.084782412583669, 0.0 ], [ 121.155340148085045, 14.084909606562977, 0.0 ], [ 121.155339542733728, 14.084984986315579, 0.0 ], [ 121.155341330320496, 14.084986183028073, 0.0 ], [ 121.155506373142615, 14.085042830602536, 0.0 ], [ 121.155666835931612, 14.085080981717544, 0.0 ], [ 121.155835755047789, 14.085243813811967, 0.0 ], [ 121.155947602494663, 14.085447748386661, 0.0 ], [ 121.155955651232603, 14.085623196564439, 0.0 ], [ 121.155940132245405, 14.085789233357945, 0.0 ], [ 121.155878257752917, 14.085839529371867, 0.0 ], [ 121.155757370882455, 14.085856494765785, 0.0 ], [ 121.156207445027775, 14.086245677513489, 0.0 ], [ 121.156503986003557, 14.08646603606662, 0.0 ], [ 121.156717735920779, 14.086731676454056, 0.0 ], [ 121.157092222113448, 14.087021501356746, 0.0 ], [ 121.157307654591591, 14.087297655125296, 0.0 ], [ 121.157381490868516, 14.087390048094326, 0.0 ], [ 121.157533026967826, 14.087582514839772, 0.0 ], [ 121.157735617701292, 14.087771545146881, 0.0 ], [ 121.157867162262832, 14.088009772334411, 0.0 ], [ 121.158006463614598, 14.088259537551709, 0.0 ], [ 121.158157006768946, 14.088575936014355, 0.0 ], [ 121.158164519685187, 14.088618082053312, 0.0 ], [ 121.158195151647817, 14.088713970373352, 0.0 ], [ 121.158260986661602, 14.088825431240476, 0.0 ], [ 121.158319307837431, 14.088894748762801, 0.0 ], [ 121.158479861106997, 14.088941888858857, 0.0 ], [ 121.158632687602932, 14.088973666263367, 0.0 ], [ 121.158840800371564, 14.08896377725201, 0.0 ], [ 121.15912756672877, 14.088935358648444, 0.0 ], [ 121.159372901172034, 14.08896784119711, 0.0 ], [ 121.159576783492412, 14.088996181328135, 0.0 ], [ 121.159814870864437, 14.0891644269662, 0.0 ], [ 121.159923787508902, 14.089287695202634, 0.0 ], [ 121.160087132953905, 14.089476424285502, 0.0 ], [ 121.160242199915146, 14.089718656672083, 0.0 ], [ 121.160319073076835, 14.089922030954211, 0.0 ], [ 121.160497904849109, 14.090137661337327, 0.0 ], [ 121.160740240608703, 14.090265774135458, 0.0 ], [ 121.16084846127805, 14.090476055571246, 0.0 ], [ 121.160875477118026, 14.090533654893083, 0.0 ], [ 121.16094109757239, 14.090671896879151, 0.0 ], [ 121.161010767331334, 14.090794866174409, 0.0 ], [ 121.161135139483605, 14.090948861814864, 0.0 ], [ 121.161298671798889, 14.091114634999746, 0.0 ], [ 121.161490289933298, 14.091204099027475, 0.0 ], [ 121.161615032090367, 14.091312183839513, 0.0 ], [ 121.161700431410637, 14.091431446409169, 0.0 ], [ 121.161778440639537, 14.091493260306676, 0.0 ], [ 121.161951109926349, 14.091498403890354, 0.0 ], [ 121.162087993583526, 14.091560665823412, 0.0 ], [ 121.162129790370685, 14.091733162357505, 0.0 ], [ 121.162033251141523, 14.09197054674169, 0.0 ], [ 121.162006067349225, 14.092187395819508, 0.0 ], [ 121.162011683509434, 14.092280462182661, 0.0 ], [ 121.162194239187883, 14.092523717670291, 0.0 ], [ 121.162377291630946, 14.092704959948005, 0.0 ], [ 121.162535913737429, 14.092758882985173, 0.0 ], [ 121.162726667522108, 14.092772740826192, 0.0 ], [ 121.162898436123356, 14.092774050398891, 0.0 ], [ 121.162961458650415, 14.092848950251915, 0.0 ], [ 121.163042227778391, 14.093091428347829, 0.0 ], [ 121.163161165163487, 14.093334198290648, 0.0 ], [ 121.163311418515079, 14.093639222019831, 0.0 ], [ 121.163525636923666, 14.093901323179988, 0.0 ], [ 121.163708939541763, 14.094051559014517, 0.0 ], [ 121.163924597253015, 14.09413382265306, 0.0 ], [ 121.164160083672513, 14.094123214484236, 0.0 ], [ 121.164420720876166, 14.094150006049338, 0.0 ], [ 121.164687670432514, 14.094183048020113, 0.0 ], [ 121.164897958392572, 14.094141237804731, 0.0 ], [ 121.16507693277174, 14.094037173767376, 0.0 ], [ 121.16516842738838, 14.093733990919254, 0.0 ], [ 121.165226278688323, 14.093660011959654, 0.0 ], [ 121.165398345553726, 14.093624112806641, 0.0 ], [ 121.165532490097334, 14.093556916322173, 0.0 ], [ 121.165780897919745, 14.093521597158526, 0.0 ], [ 121.165944918267783, 14.093696491448418, 0.0 ], [ 121.16608349057563, 14.09387119106489, 0.0 ], [ 121.166172210507099, 14.093915278204706, 0.0 ], [ 121.166292738783639, 14.093959606481281, 0.0 ], [ 121.166578723748756, 14.093998992020657, 0.0 ], [ 121.166909392211593, 14.09402011296628, 0.0 ], [ 121.167194658575667, 14.09414941613322, 0.0 ], [ 121.167447745625779, 14.09432498614051, 0.0 ], [ 121.167770171023648, 14.094581705378411, 0.0 ], [ 121.16801118055028, 14.094676561769381, 0.0 ], [ 121.16751351893987, 14.094852624965034, 0.0 ], [ 121.167506859095383, 14.094889783637802, 0.0 ], [ 121.167606818319712, 14.095120004240879, 0.0 ], [ 121.167625754521737, 14.095138753370662, 0.0 ], [ 121.167657217404411, 14.095182403683006, 0.0 ], [ 121.167732272929001, 14.095344217007197, 0.0 ], [ 121.167833122636594, 14.09546281453445, 0.0 ], [ 121.167985610079938, 14.095488780002063, 0.0 ], [ 121.168189537132434, 14.095446919517101, 0.0 ], [ 121.168323829722098, 14.095361118421645, 0.0 ], [ 121.168458320161179, 14.095250511009572, 0.0 ], [ 121.16870732442321, 14.095140774827794, 0.0 ], [ 121.169381485796464, 14.095170703949977, 0.0 ], [ 121.169744065039907, 14.095179660250526, 0.0 ], [ 121.170010770089704, 14.095243702335267, 0.0 ], [ 121.170028421039333, 14.095423684248836, 0.0 ], [ 121.169918686511934, 14.095621302814681, 0.0 ], [ 121.169917153691117, 14.095813541524732, 0.0 ], [ 121.169961390384842, 14.095851087815896, 0.0 ], [ 121.170037535549042, 14.095876472138306, 0.0 ], [ 121.170145341966787, 14.095920702953332, 0.0 ], [ 121.170450220443982, 14.095985034589146, 0.0 ], [ 121.170685971846751, 14.095941245497466, 0.0 ], [ 121.170814198615062, 14.0958181865978, 0.0 ], [ 121.171191182104593, 14.095616394579219, 0.0 ], [ 121.171523187039938, 14.095470075092837, 0.0 ], [ 121.171764741905392, 14.095496714148826, 0.0 ], [ 121.172068482777448, 14.095703673710112, 0.0 ], [ 121.172238822355169, 14.095884813161884, 0.0 ], [ 121.172383962321419, 14.096034753667807, 0.0 ], [ 121.172509767952349, 14.096215555140532, 0.0 ], [ 121.172718774505682, 14.096334972243142, 0.0 ], [ 121.173112571841685, 14.096418579313555, 0.0 ], [ 121.173500107225038, 14.096489735755316, 0.0 ], [ 121.173588532856883, 14.096571027628832, 0.0 ], [ 121.173753104523996, 14.096677703608229, 0.0 ], [ 121.174083432447276, 14.096742223784258, 0.0 ], [ 121.174255202335615, 14.09674352560206, 0.0 ], [ 121.174638202730762, 14.096585184799665, 0.0 ], [ 121.175116137829249, 14.096489578821691, 0.0 ], [ 121.175561967135152, 14.096430939089217, 0.0 ], [ 121.175971151525275, 14.096179770141598, 0.0 ], [ 121.175946837303428, 14.096036948071628, 0.0 ], [ 121.176004242590466, 14.096018777496077, 0.0 ], [ 121.176214924747143, 14.095927348294534, 0.0 ], [ 121.176488784530704, 14.095892210852675, 0.0 ], [ 121.176457910976339, 14.095774146079558, 0.0 ], [ 121.176414510672743, 14.095631179563787, 0.0 ], [ 121.17646579931683, 14.095581954809566, 0.0 ], [ 121.176656953635273, 14.095546191135609, 0.0 ], [ 121.176891950863293, 14.095597583328015, 0.0 ], [ 121.177050062353302, 14.095716610833261, 0.0 ], [ 121.177360762924096, 14.09584919612791, 0.0 ], [ 121.177481196556712, 14.095905921906326, 0.0 ], [ 121.177760826491379, 14.095945247468867, 0.0 ], [ 121.178053278911577, 14.095972265308513, 0.0 ], [ 121.178346223628893, 14.09593727095568, 0.0 ], [ 121.178524750831059, 14.095889007751454, 0.0 ], [ 121.178638873038167, 14.095939483529838, 0.0 ], [ 121.178764881725627, 14.096095477768463, 0.0 ], [ 121.178942278256514, 14.096189843001994, 0.0 ], [ 121.179190640393813, 14.096160712385382, 0.0 ], [ 121.179337162078241, 14.0961370127468, 0.0 ], [ 121.179481862807492, 14.09634276095373, 0.0 ], [ 121.179639142004078, 14.096567209366858, 0.0 ], [ 121.180140802115503, 14.096688830711342, 0.0 ], [ 121.180277326511799, 14.096710078650274, 0.0 ], [ 121.180341119681543, 14.096848564198899, 0.0 ], [ 121.180404547296888, 14.097033047607589, 0.0 ], [ 121.180403612748222, 14.09715091795527, 0.0 ], [ 121.18037334445755, 14.097248442251463, 0.0 ], [ 121.180319525613228, 14.097340037893705, 0.0 ], [ 121.180330456522043, 14.097449373081822, 0.0 ], [ 121.180364937054549, 14.097564636909613, 0.0 ], [ 121.180493890641557, 14.097669112799124, 0.0 ], [ 121.180575380344095, 14.097807731983693, 0.0 ], [ 121.18055704500027, 14.097888095961061, 0.0 ], [ 121.180468426272839, 14.097904677080296, 0.0 ], [ 121.180356121104637, 14.09793257895041, 0.0 ], [ 121.180337741006113, 14.09801869241474, 0.0 ], [ 121.180330565350573, 14.098179642207187, 0.0 ], [ 121.180352564868613, 14.09838106315874, 0.0 ], [ 121.180481267177271, 14.098517164101722, 0.0 ], [ 121.180709908146625, 14.098697144612702, 0.0 ], [ 121.180838405717893, 14.098859120006633, 0.0 ], [ 121.181078252952375, 14.099113937485399, 0.0 ], [ 121.18138806667568, 14.099472785854587, 0.0 ], [ 121.181533989011641, 14.099669392565444, 0.0 ], [ 121.181797752253289, 14.099884139257609, 0.0 ], [ 121.182030471509407, 14.100294156450069, 0.0 ], [ 121.182081611943403, 14.100376197276605, 0.0 ], [ 121.182211823860939, 14.100635019812646, 0.0 ], [ 121.182442247992839, 14.100765678688248, 0.0 ], [ 121.182659192006298, 14.100928465406296, 0.0 ], [ 121.182856603547918, 14.101052429068631, 0.0 ], [ 121.183107683395363, 14.101080107291008, 0.0 ], [ 121.183358865413339, 14.101094893581939, 0.0 ], [ 121.183497528486342, 14.101121723442786, 0.0 ], [ 121.183839324072267, 14.101385363044308, 0.0 ], [ 121.184090098418153, 14.101451714440039, 0.0 ], [ 121.184388334721973, 14.101370164257251, 0.0 ], [ 121.18461973008958, 14.101378355238328, 0.0 ], [ 121.184830572418932, 14.101476633765508, 0.0 ], [ 121.184954991872374, 14.10163227552203, 0.0 ], [ 121.185059367420649, 14.101813550189489, 0.0 ], [ 121.185090953048089, 14.1020007220663, 0.0 ], [ 121.185156010131919, 14.102136578160781, 0.0 ], [ 121.185313339767575, 14.102311805127288, 0.0 ], [ 121.185649317361893, 14.102475486455498, 0.0 ], [ 121.18584703881362, 14.102560774739722, 0.0 ], [ 121.186150514239245, 14.102653304312346, 0.0 ], [ 121.186335978119274, 14.102616025565787, 0.0 ], [ 121.186555167926599, 14.102495201869974, 0.0 ], [ 121.186819578330898, 14.102510084356025, 0.0 ], [ 121.186898014690243, 14.102626702590715, 0.0 ], [ 121.186981178443204, 14.102981859372781, 0.0 ], [ 121.18691339453369, 14.103190843272941, 0.0 ], [ 121.186965276804614, 14.103320154048138, 0.0 ], [ 121.187051091630082, 14.103340138375538, 0.0 ], [ 121.187170324898119, 14.103315251968441, 0.0 ], [ 121.187361944910677, 14.103336031768743, 0.0 ], [ 121.187638358606492, 14.103505708055957, 0.0 ], [ 121.187984969381375, 14.103998213290213, 0.0 ], [ 121.188240274012429, 14.104328880227294, 0.0 ], [ 121.18865388963917, 14.104711023553199, 0.0 ], [ 121.18882373843978, 14.104976586593253, 0.0 ], [ 121.188886303595822, 14.105428277652674, 0.0 ], [ 121.189235387806434, 14.105608167789379, 0.0 ], [ 121.189453358298479, 14.105642036806604, 0.0 ], [ 121.189630838482358, 14.105778737430732, 0.0 ], [ 121.18958892154788, 14.106062046902625, 0.0 ], [ 121.189488049968077, 14.106274006640026, 0.0 ], [ 121.189532763170945, 14.106474168642118, 0.0 ], [ 121.189504581176024, 14.106693120748957, 0.0 ], [ 121.189343783974408, 14.106956197829133, 0.0 ], [ 121.189314889185155, 14.107265389156268, 0.0 ], [ 121.189471030403212, 14.107592085679553, 0.0 ], [ 121.189548400053056, 14.107844062297, 0.0 ], [ 121.189560049018112, 14.108043975649377, 0.0 ], [ 121.18959820006188, 14.108237642519928, 0.0 ], [ 121.189670078088525, 14.108347765069796, 0.0 ], [ 121.189655885622102, 14.10847013282849, 0.0 ], [ 121.189687881485469, 14.108605739508304, 0.0 ], [ 121.189845167887754, 14.108787410679597, 0.0 ], [ 121.190061209067864, 14.109066213090925, 0.0 ], [ 121.190501289951285, 14.109594740514508, 0.0 ], [ 121.190494493442714, 14.110455914535088, 0.0 ], [ 121.190546869978022, 14.111283084720842, 0.0 ], [ 121.190719140046198, 14.111847047867455, 0.0 ], [ 121.191737306586631, 14.112710183510856, 0.0 ], [ 121.192367849475815, 14.113426867020875, 0.0 ], [ 121.192855760201923, 14.114303240772569, 0.0 ], [ 121.1929017976816, 14.114441382997459, 0.0 ], [ 121.200311369894777, 14.126308865044951, 0.0 ], [ 121.203031313078881, 14.122915634867562, 0.0 ] ] ] ] } },
{ "type": "Feature", "properties": { "OBJECTID_1": 23, "BRGY": "San Miguel", "AREA_HA": 595.12269913800003, "Shape_Leng": 17840.400846100001, "Shape_Area": 5951226.9913799996, "pop2007": 5320, "popden": 8.9393330278099992, "popden2": 9 }, "geometry": { "type": "MultiPolygon", "coordinates": [ [ [ [ 121.200311369894777, 14.126308865044951, 0.0 ], [ 121.1929017976816, 14.114441382997459, 0.0 ], [ 121.192855760201923, 14.114303240772569, 0.0 ], [ 121.192367849475815, 14.113426867020875, 0.0 ], [ 121.191737306586631, 14.112710183510856, 0.0 ], [ 121.190719140046198, 14.111847047867455, 0.0 ], [ 121.190546869978022, 14.111283084720842, 0.0 ], [ 121.190494493442714, 14.110455914535088, 0.0 ], [ 121.190501289951285, 14.109594740514508, 0.0 ], [ 121.190061209067864, 14.109066213090925, 0.0 ], [ 121.189845167887754, 14.108787410679597, 0.0 ], [ 121.189687881485469, 14.108605739508304, 0.0 ], [ 121.189655885622102, 14.10847013282849, 0.0 ], [ 121.189670078088525, 14.108347765069796, 0.0 ], [ 121.18959820006188, 14.108237642519928, 0.0 ], [ 121.189560049018112, 14.108043975649377, 0.0 ], [ 121.189548400053056, 14.107844062297, 0.0 ], [ 121.189471030403212, 14.107592085679553, 0.0 ], [ 121.189314889185155, 14.107265389156268, 0.0 ], [ 121.189343783974408, 14.106956197829133, 0.0 ], [ 121.189504581176024, 14.106693120748957, 0.0 ], [ 121.189532763170945, 14.106474168642118, 0.0 ], [ 121.189488049968077, 14.106274006640026, 0.0 ], [ 121.18958892154788, 14.106062046902625, 0.0 ], [ 121.189630838482358, 14.105778737430732, 0.0 ], [ 121.189453358298479, 14.105642036806604, 0.0 ], [ 121.189235387806434, 14.105608167789379, 0.0 ], [ 121.188886303595822, 14.105428277652674, 0.0 ], [ 121.18882373843978, 14.104976586593253, 0.0 ], [ 121.18865388963917, 14.104711023553199, 0.0 ], [ 121.188240274012429, 14.104328880227294, 0.0 ], [ 121.187984969381375, 14.103998213290213, 0.0 ], [ 121.187638358606492, 14.103505708055957, 0.0 ], [ 121.187361944910677, 14.103336031768743, 0.0 ], [ 121.187170324898119, 14.103315251968441, 0.0 ], [ 121.187051091630082, 14.103340138375538, 0.0 ], [ 121.186965276804614, 14.103320154048138, 0.0 ], [ 121.18691339453369, 14.103190843272941, 0.0 ], [ 121.186981178443204, 14.102981859372781, 0.0 ], [ 121.186898014690243, 14.102626702590715, 0.0 ], [ 121.186819578330898, 14.102510084356025, 0.0 ], [ 121.186555167926599, 14.102495201869974, 0.0 ], [ 121.186335978119274, 14.102616025565787, 0.0 ], [ 121.186150514239245, 14.102653304312346, 0.0 ], [ 121.18584703881362, 14.102560774739722, 0.0 ], [ 121.185649317361893, 14.102475486455498, 0.0 ], [ 121.185313339767575, 14.102311805127288, 0.0 ], [ 121.185156010131919, 14.102136578160781, 0.0 ], [ 121.185090953048089, 14.1020007220663, 0.0 ], [ 121.185059367420649, 14.101813550189489, 0.0 ], [ 121.184954991872374, 14.10163227552203, 0.0 ], [ 121.184830572418932, 14.101476633765508, 0.0 ], [ 121.18461973008958, 14.101378355238328, 0.0 ], [ 121.184388334721973, 14.101370164257251, 0.0 ], [ 121.184090098418153, 14.101451714440039, 0.0 ], [ 121.183839324072267, 14.101385363044308, 0.0 ], [ 121.183497528486342, 14.101121723442786, 0.0 ], [ 121.183358865413339, 14.101094893581939, 0.0 ], [ 121.183107683395363, 14.101080107291008, 0.0 ], [ 121.182856603547918, 14.101052429068631, 0.0 ], [ 121.182659192006298, 14.100928465406296, 0.0 ], [ 121.182442247992839, 14.100765678688248, 0.0 ], [ 121.182211823860939, 14.100635019812646, 0.0 ], [ 121.182081611943403, 14.100376197276605, 0.0 ], [ 121.182030471509407, 14.100294156450069, 0.0 ], [ 121.181797752253289, 14.099884139257609, 0.0 ], [ 121.181533989011641, 14.099669392565444, 0.0 ], [ 121.18138806667568, 14.099472785854587, 0.0 ], [ 121.181078252952375, 14.099113937485399, 0.0 ], [ 121.180838405717893, 14.098859120006633, 0.0 ], [ 121.180709908146625, 14.098697144612702, 0.0 ], [ 121.180481267177271, 14.098517164101722, 0.0 ], [ 121.180352564868613, 14.09838106315874, 0.0 ], [ 121.180330565350573, 14.098179642207187, 0.0 ], [ 121.180337741006113, 14.09801869241474, 0.0 ], [ 121.180356121104637, 14.09793257895041, 0.0 ], [ 121.180468426272839, 14.097904677080296, 0.0 ], [ 121.18055704500027, 14.097888095961061, 0.0 ], [ 121.180575380344095, 14.097807731983693, 0.0 ], [ 121.180493890641557, 14.097669112799124, 0.0 ], [ 121.180364937054549, 14.097564636909613, 0.0 ], [ 121.180330456522043, 14.097449373081822, 0.0 ], [ 121.180319525613228, 14.097340037893705, 0.0 ], [ 121.18037334445755, 14.097248442251463, 0.0 ], [ 121.180403612748222, 14.09715091795527, 0.0 ], [ 121.180404547296888, 14.097033047607589, 0.0 ], [ 121.180341119681543, 14.096848564198899, 0.0 ], [ 121.180277326511799, 14.096710078650274, 0.0 ], [ 121.180140802115503, 14.096688830711342, 0.0 ], [ 121.179639142004078, 14.096567209366858, 0.0 ], [ 121.179481862807492, 14.09634276095373, 0.0 ], [ 121.179337162078241, 14.0961370127468, 0.0 ], [ 121.179190640393813, 14.096160712385382, 0.0 ], [ 121.178942278256514, 14.096189843001994, 0.0 ], [ 121.178764881725627, 14.096095477768463, 0.0 ], [ 121.178638873038167, 14.095939483529838, 0.0 ], [ 121.178524750831059, 14.095889007751454, 0.0 ], [ 121.178346223628893, 14.09593727095568, 0.0 ], [ 121.178053278911577, 14.095972265308513, 0.0 ], [ 121.177760826491379, 14.095945247468867, 0.0 ], [ 121.177481196556712, 14.095905921906326, 0.0 ], [ 121.177360762924096, 14.09584919612791, 0.0 ], [ 121.177050062353302, 14.095716610833261, 0.0 ], [ 121.176891950863293, 14.095597583328015, 0.0 ], [ 121.176656953635273, 14.095546191135609, 0.0 ], [ 121.17646579931683, 14.095581954809566, 0.0 ], [ 121.176414510672743, 14.095631179563787, 0.0 ], [ 121.176457910976339, 14.095774146079558, 0.0 ], [ 121.176488784530704, 14.095892210852675, 0.0 ], [ 121.176214924747143, 14.095927348294534, 0.0 ], [ 121.176004242590466, 14.096018777496077, 0.0 ], [ 121.175946837303428, 14.096036948071628, 0.0 ], [ 121.175971151525275, 14.096179770141598, 0.0 ], [ 121.175561967135152, 14.096430939089217, 0.0 ], [ 121.175116137829249, 14.096489578821691, 0.0 ], [ 121.174638202730762, 14.096585184799665, 0.0 ], [ 121.174255202335615, 14.09674352560206, 0.0 ], [ 121.174083432447276, 14.096742223784258, 0.0 ], [ 121.173753104523996, 14.096677703608229, 0.0 ], [ 121.173588532856883, 14.096571027628832, 0.0 ], [ 121.173500107225038, 14.096489735755316, 0.0 ], [ 121.173112571841685, 14.096418579313555, 0.0 ], [ 121.172718774505682, 14.096334972243142, 0.0 ], [ 121.172509767952349, 14.096215555140532, 0.0 ], [ 121.172383962321419, 14.096034753667807, 0.0 ], [ 121.172238822355169, 14.095884813161884, 0.0 ], [ 121.172068482777448, 14.095703673710112, 0.0 ], [ 121.171764741905392, 14.095496714148826, 0.0 ], [ 121.171523187039938, 14.095470075092837, 0.0 ], [ 121.171191182104593, 14.095616394579219, 0.0 ], [ 121.170814198615062, 14.0958181865978, 0.0 ], [ 121.170685971846751, 14.095941245497466, 0.0 ], [ 121.170450220443982, 14.095985034589146, 0.0 ], [ 121.170145341966787, 14.095920702953332, 0.0 ], [ 121.170037535549042, 14.095876472138306, 0.0 ], [ 121.169961390384842, 14.095851087815896, 0.0 ], [ 121.169917153691117, 14.095813541524732, 0.0 ], [ 121.169918686511934, 14.095621302814681, 0.0 ], [ 121.170028421039333, 14.095423684248836, 0.0 ], [ 121.170010770089704, 14.095243702335267, 0.0 ], [ 121.169744065039907, 14.095179660250526, 0.0 ], [ 121.169381485796464, 14.095170703949977, 0.0 ], [ 121.16870732442321, 14.095140774827794, 0.0 ], [ 121.168458320161179, 14.095250511009572, 0.0 ], [ 121.168323829722098, 14.095361118421645, 0.0 ], [ 121.168189537132434, 14.095446919517101, 0.0 ], [ 121.167985610079938, 14.095488780002063, 0.0 ], [ 121.167833122636594, 14.09546281453445, 0.0 ], [ 121.167732272929001, 14.095344217007197, 0.0 ], [ 121.167657217404411, 14.095182403683006, 0.0 ], [ 121.167625754521737, 14.095138753370662, 0.0 ], [ 121.167606818319712, 14.095120004240879, 0.0 ], [ 121.167506859095383, 14.094889783637802, 0.0 ], [ 121.16751351893987, 14.094852624965034, 0.0 ], [ 121.16801118055028, 14.094676561769381, 0.0 ], [ 121.167770171023648, 14.094581705378411, 0.0 ], [ 121.167447745625779, 14.09432498614051, 0.0 ], [ 121.167194658575667, 14.09414941613322, 0.0 ], [ 121.166909392211593, 14.09402011296628, 0.0 ], [ 121.166578723748756, 14.093998992020657, 0.0 ], [ 121.166292738783639, 14.093959606481281, 0.0 ], [ 121.166172210507099, 14.093915278204706, 0.0 ], [ 121.16608349057563, 14.09387119106489, 0.0 ], [ 121.165944918267783, 14.093696491448418, 0.0 ], [ 121.165780897919745, 14.093521597158526, 0.0 ], [ 121.165532490097334, 14.093556916322173, 0.0 ], [ 121.165398345553726, 14.093624112806641, 0.0 ], [ 121.165226278688323, 14.093660011959654, 0.0 ], [ 121.16516842738838, 14.093733990919254, 0.0 ], [ 121.16507693277174, 14.094037173767376, 0.0 ], [ 121.164897958392572, 14.094141237804731, 0.0 ], [ 121.164687670432514, 14.094183048020113, 0.0 ], [ 121.164420720876166, 14.094150006049338, 0.0 ], [ 121.164160083672513, 14.094123214484236, 0.0 ], [ 121.163924597253015, 14.09413382265306, 0.0 ], [ 121.163708939541763, 14.094051559014517, 0.0 ], [ 121.163525636923666, 14.093901323179988, 0.0 ], [ 121.163311418515079, 14.093639222019831, 0.0 ], [ 121.163161165163487, 14.093334198290648, 0.0 ], [ 121.163042227778391, 14.093091428347829, 0.0 ], [ 121.162961458650415, 14.092848950251915, 0.0 ], [ 121.162898436123356, 14.092774050398891, 0.0 ], [ 121.162726667522108, 14.092772740826192, 0.0 ], [ 121.162535913737429, 14.092758882985173, 0.0 ], [ 121.162377291630946, 14.092704959948005, 0.0 ], [ 121.162194239187883, 14.092523717670291, 0.0 ], [ 121.162011683509434, 14.092280462182661, 0.0 ], [ 121.162006067349225, 14.092187395819508, 0.0 ], [ 121.162033251141523, 14.09197054674169, 0.0 ], [ 121.162129790370685, 14.091733162357505, 0.0 ], [ 121.161933246584624, 14.091829884486597, 0.0 ], [ 121.161732226698845, 14.092035648619147, 0.0 ], [ 121.16145928382501, 14.092370425943418, 0.0 ], [ 121.161323424737262, 14.092581728910641, 0.0 ], [ 121.160902908518196, 14.09346135813176, 0.0 ], [ 121.160862609622129, 14.093576202882957, 0.0 ], [ 121.160632700644499, 14.094011068412479, 0.0 ], [ 121.160324306785412, 14.094411749304754, 0.0 ], [ 121.160115430124321, 14.094678843046323, 0.0 ], [ 121.159658297685766, 14.095212731725601, 0.0 ], [ 121.159359281954011, 14.095671058262187, 0.0 ], [ 121.158830321563471, 14.095340750603285, 0.0 ], [ 121.157815951343736, 14.096627165668584, 0.0 ], [ 121.157935377686215, 14.096917361392242, 0.0 ], [ 121.15796466190838, 14.097004956434937, 0.0 ], [ 121.157678997122517, 14.097256606791118, 0.0 ], [ 121.157387582703436, 14.09753624319157, 0.0 ], [ 121.156628244829193, 14.09733263384142, 0.0 ], [ 121.156385225680893, 14.0972714344085, 0.0 ], [ 121.156137252840978, 14.097195361447252, 0.0 ], [ 121.155922850547881, 14.097992338239875, 0.0 ], [ 121.154850586491065, 14.097588526816946, 0.0 ], [ 121.154632897812533, 14.098793440778586, 0.0 ], [ 121.154511709057232, 14.099353769124207, 0.0 ], [ 121.154294052216869, 14.099292761725815, 0.0 ], [ 121.153989342341063, 14.099962947145846, 0.0 ], [ 121.153747156258774, 14.10042839251204, 0.0 ], [ 121.15266506151913, 14.099984935459752, 0.0 ], [ 121.152117046334652, 14.100628526238872, 0.0 ], [ 121.151395373239296, 14.101416659601378, 0.0 ], [ 121.151677463958947, 14.101666073810494, 0.0 ], [ 121.152323014707548, 14.102140802264749, 0.0 ], [ 121.151431658042313, 14.103209497439279, 0.0 ], [ 121.151134705167649, 14.102915463565479, 0.0 ], [ 121.150571659774513, 14.103534208732171, 0.0 ], [ 121.149926469534506, 14.103014974178917, 0.0 ], [ 121.149967490613122, 14.102960893419, 0.0 ], [ 121.149476447774077, 14.103592385142221, 0.0 ], [ 121.149981635923254, 14.104053808695436, 0.0 ], [ 121.150885137160941, 14.105007952404495, 0.0 ], [ 121.150927132644725, 14.105052301017295, 0.0 ], [ 121.151282619283208, 14.104925687192392, 0.0 ], [ 121.151796569369793, 14.104747385350738, 0.0 ], [ 121.152022570179739, 14.104669387801151, 0.0 ], [ 121.152574142501052, 14.104841934461719, 0.0 ], [ 121.153068441652422, 14.104973266241331, 0.0 ], [ 121.153297010097063, 14.105025124290401, 0.0 ], [ 121.154779683656571, 14.105366536836232, 0.0 ], [ 121.155265250549931, 14.104502933130231, 0.0 ], [ 121.155903029530279, 14.10482977992568, 0.0 ], [ 121.156274210688821, 14.103939014984549, 0.0 ], [ 121.156946168214574, 14.104206985250274, 0.0 ], [ 121.157781374827323, 14.102614422768722, 0.0 ], [ 121.15913703140555, 14.103367273376582, 0.0 ], [ 121.159458535550002, 14.102784942323364, 0.0 ], [ 121.160356829956001, 14.103140243569595, 0.0 ], [ 121.160964668339176, 14.10343987375996, 0.0 ], [ 121.161820598737989, 14.103736560471075, 0.0 ], [ 121.161829046694365, 14.103920388007719, 0.0 ], [ 121.16176261671967, 14.104161674224267, 0.0 ], [ 121.161664927443653, 14.104588901462531, 0.0 ], [ 121.162476677349801, 14.104827219685715, 0.0 ], [ 121.162753572522377, 14.104267231434786, 0.0 ], [ 121.1628176556478, 14.104070036440522, 0.0 ], [ 121.162549492677613, 14.103994883263175, 0.0 ], [ 121.162785815114802, 14.103363088682856, 0.0 ], [ 121.163097531833046, 14.103462943086772, 0.0 ], [ 121.163280682192763, 14.103226741003267, 0.0 ], [ 121.164663783808905, 14.103785592027586, 0.0 ], [ 121.165760354278902, 14.104202743224461, 0.0 ], [ 121.165993535673877, 14.10318101266814, 0.0 ], [ 121.166272509341567, 14.103131755809871, 0.0 ], [ 121.166449674435398, 14.10308219884501, 0.0 ], [ 121.166662869277431, 14.103048578449556, 0.0 ], [ 121.166937011359209, 14.102929272221175, 0.0 ], [ 121.167118474490692, 14.102844503858726, 0.0 ], [ 121.167331355331015, 14.102850040088654, 0.0 ], [ 121.167643979607362, 14.102942484702446, 0.0 ], [ 121.16796840598154, 14.103066346269673, 0.0 ], [ 121.168272402487702, 14.10323312594929, 0.0 ], [ 121.168463663708536, 14.103430376327811, 0.0 ], [ 121.168587292903311, 14.103544877739354, 0.0 ], [ 121.168851241877732, 14.103695688893756, 0.0 ], [ 121.169118803494968, 14.103897434211204, 0.0 ], [ 121.169300641851436, 14.103765676162721, 0.0 ], [ 121.169442809048235, 14.103570962150771, 0.0 ], [ 121.169560808570296, 14.103383895535085, 0.0 ], [ 121.169686748511097, 14.103208637367533, 0.0 ], [ 121.169840528711077, 14.103068833425285, 0.0 ], [ 121.169953386344503, 14.103022701104351, 0.0 ], [ 121.170105822229189, 14.103051270100789, 0.0 ], [ 121.170257728122721, 14.103146406198126, 0.0 ], [ 121.170401161635098, 14.103296299980956, 0.0 ], [ 121.170436723350207, 14.103370972609786, 0.0 ], [ 121.170464062410446, 14.103469078224453, 0.0 ], [ 121.170499749091036, 14.103528087554515, 0.0 ], [ 121.170547831330495, 14.103544116191634, 0.0 ], [ 121.170669098209643, 14.103451055603454, 0.0 ], [ 121.170810574407383, 14.103342486016224, 0.0 ], [ 121.170904252047592, 14.103182645376789, 0.0 ], [ 121.170997740374631, 14.103046298713997, 0.0 ], [ 121.171090854890437, 14.10295694009992, 0.0 ], [ 121.171231832067534, 14.10291101979732, 0.0 ], [ 121.171396664398344, 14.10289660814623, 0.0 ], [ 121.171544958942675, 14.102940808142632, 0.0 ], [ 121.171633056892404, 14.102976720702168, 0.0 ], [ 121.171749025937231, 14.103044171530756, 0.0 ], [ 121.171873623238895, 14.103037286219296, 0.0 ], [ 121.171990122853202, 14.103038170596873, 0.0 ], [ 121.172086255298368, 14.103074143088378, 0.0 ], [ 121.172174415809579, 14.103102223811138, 0.0 ], [ 121.172250183005872, 14.103173284435458, 0.0 ], [ 121.172306206109923, 14.103201121190978, 0.0 ], [ 121.172442792219584, 14.103202157809958, 0.0 ], [ 121.172554585148418, 14.103320205267527, 0.0 ], [ 121.172721067062881, 14.103506542226395, 0.0 ], [ 121.173004444842007, 14.10368664788137, 0.0 ], [ 121.173229191014769, 14.103893001517928, 0.0 ], [ 121.173405805922144, 14.10418262903478, 0.0 ], [ 121.173567985431816, 14.104450792524847, 0.0 ], [ 121.173661811780136, 14.104590309008186, 0.0 ], [ 121.173785132389852, 14.104694458415786, 0.0 ], [ 121.174076196078474, 14.104826572925674, 0.0 ], [ 121.174312223127387, 14.104992081944207, 0.0 ], [ 121.174408370704001, 14.105298894176261, 0.0 ], [ 121.174410331930446, 14.10556694143027, 0.0 ], [ 121.17456632268501, 14.105948594588844, 0.0 ], [ 121.17488901253769, 14.106275146432269, 0.0 ], [ 121.174988356934392, 14.106508410764826, 0.0 ], [ 121.174999898434294, 14.106874877966288, 0.0 ], [ 121.17500958872597, 14.107473841477553, 0.0 ], [ 121.175021363188179, 14.107979156874213, 0.0 ], [ 121.175011890311822, 14.108233241774904, 0.0 ], [ 121.175074143956138, 14.108368053020198, 0.0 ], [ 121.175151426400561, 14.108486639691982, 0.0 ], [ 121.175522699606432, 14.108641947381606, 0.0 ], [ 121.175920104395416, 14.108790191614727, 0.0 ], [ 121.176105249629359, 14.108929565233865, 0.0 ], [ 121.177082613621749, 14.109601941594317, 0.0 ], [ 121.177312103029848, 14.10988084840417, 0.0 ], [ 121.177541673652698, 14.110149489646492, 0.0 ], [ 121.17856070109066, 14.110475434424457, 0.0 ], [ 121.179253334887392, 14.110788639438658, 0.0 ], [ 121.179778281590316, 14.110997920583303, 0.0 ], [ 121.180239470494769, 14.111278577257503, 0.0 ], [ 121.180573057630781, 14.111712250981936, 0.0 ], [ 121.180882737402825, 14.112212469739138, 0.0 ], [ 121.181097059366152, 14.113076394217508, 0.0 ], [ 121.181687984328818, 14.112726122406597, 0.0 ], [ 121.182299312052621, 14.112874263549548, 0.0 ], [ 121.182810409476531, 14.113131222592788, 0.0 ], [ 121.183447300011025, 14.113521113904939, 0.0 ], [ 121.183172831973735, 14.113983835606042, 0.0 ], [ 121.183318110663421, 14.114787766349904, 0.0 ], [ 121.183616534957736, 14.115402707634448, 0.0 ], [ 121.183961550567048, 14.115606019908013, 0.0 ], [ 121.184283058372301, 14.116041549033676, 0.0 ], [ 121.184763783576926, 14.11689026422804, 0.0 ], [ 121.196978045711845, 14.130467112595525, 0.0 ], [ 121.200311369894777, 14.126308865044951, 0.0 ] ] ] ] } },
{ "type": "Feature", "properties": { "OBJECTID_1": 24, "BRGY": "San Antonio", "AREA_HA": 662.85148837999998, "Shape_Leng": 15475.3899213, "Shape_Area": 6628514.8838, "pop2007": 6302, "popden": 9.5074086887899991, "popden2": 10 }, "geometry": { "type": "MultiPolygon", "coordinates": [ [ [ [ 121.192796063451183, 14.135683734890806, 0.0 ], [ 121.173069352056814, 14.12231670989329, 0.0 ], [ 121.172532368521672, 14.121739860798737, 0.0 ], [ 121.172396699038416, 14.121413137272237, 0.0 ], [ 121.172250401656996, 14.120974025286342, 0.0 ], [ 121.172150195887227, 14.120535262610209, 0.0 ], [ 121.171965835713195, 14.11998863558377, 0.0 ], [ 121.171506648789517, 14.119771760622376, 0.0 ], [ 121.17117393789654, 14.119589539187517, 0.0 ], [ 121.170921703150867, 14.119430389881513, 0.0 ], [ 121.170555233551369, 14.119146834638277, 0.0 ], [ 121.170085154562287, 14.118851258713772, 0.0 ], [ 121.169661075968563, 14.11856726319736, 0.0 ], [ 121.169353520389308, 14.11812130807445, 0.0 ], [ 121.168978494012933, 14.117467069619726, 0.0 ], [ 121.168589435456909, 14.117127184950011, 0.0 ], [ 121.167947249900735, 14.116740450364469, 0.0 ], [ 121.167177515442759, 14.116453818937403, 0.0 ], [ 121.166478992061485, 14.116081095838476, 0.0 ], [ 121.166084258992342, 14.115947605270161, 0.0 ], [ 121.165555387929629, 14.115847131163362, 0.0 ], [ 121.165223815705517, 14.115821910170098, 0.0 ], [ 121.164915296694744, 14.115825230354067, 0.0 ], [ 121.164589907949349, 14.115754670918468, 0.0 ], [ 121.164107782369456, 14.11563185750278, 0.0 ], [ 121.16370086687661, 14.115566347838117, 0.0 ], [ 121.16355026896413, 14.115474429046325, 0.0 ], [ 121.163369795643959, 14.115478724538063, 0.0 ], [ 121.162996663782309, 14.11555530049497, 0.0 ], [ 121.162914953589777, 14.115583041531048, 0.0 ], [ 121.162751213881521, 14.115678234605511, 0.0 ], [ 121.162523087655373, 14.115818319650684, 0.0 ], [ 121.162219752921729, 14.115901100287731, 0.0 ], [ 121.161852395444768, 14.115983390515556, 0.0 ], [ 121.161572113005434, 14.116094711244108, 0.0 ], [ 121.161345170001482, 14.116087304145523, 0.0 ], [ 121.161194161414159, 14.11604643844141, 0.0 ], [ 121.161165561184234, 14.115983815394236, 0.0 ], [ 121.161108406275233, 14.115852897576556, 0.0 ], [ 121.161103951064177, 14.115682669922478, 0.0 ], [ 121.161046704285681, 14.115563097336583, 0.0 ], [ 121.160936849010028, 14.115471488406319, 0.0 ], [ 121.161116310932783, 14.114086076854202, 0.0 ], [ 121.160338956118096, 14.113762441857062, 0.0 ], [ 121.160712614518957, 14.112894476947288, 0.0 ], [ 121.158575354371308, 14.112310822951724, 0.0 ], [ 121.158245839195331, 14.112030319974128, 0.0 ], [ 121.157840117195661, 14.111817309792754, 0.0 ], [ 121.157487946960316, 14.112183365459185, 0.0 ], [ 121.155175841630566, 14.110925023228262, 0.0 ], [ 121.155929269981414, 14.109571573732847, 0.0 ], [ 121.155207583309348, 14.109231099932853, 0.0 ], [ 121.155382959769454, 14.108817616797721, 0.0 ], [ 121.153101603412594, 14.107621838811982, 0.0 ], [ 121.153488720942235, 14.106777501501528, 0.0 ], [ 121.152297490445349, 14.10627409980536, 0.0 ], [ 121.151474792325601, 14.107347466386461, 0.0 ], [ 121.151167785801476, 14.107678822089035, 0.0 ], [ 121.149780087608136, 14.106790619962878, 0.0 ], [ 121.14935301510782, 14.106286768496421, 0.0 ], [ 121.148977062532879, 14.105733870770173, 0.0 ], [ 121.148530957986026, 14.105957383541408, 0.0 ], [ 121.148296962041584, 14.106022514187682, 0.0 ], [ 121.148272602128827, 14.106211719070606, 0.0 ], [ 121.148067358825713, 14.10651561409705, 0.0 ], [ 121.147772410750918, 14.106893689387485, 0.0 ], [ 121.147592301601961, 14.107128895843408, 0.0 ], [ 121.147359224555743, 14.107455036248641, 0.0 ], [ 121.147190718237567, 14.10766571483226, 0.0 ], [ 121.147114013110667, 14.10776161765677, 0.0 ], [ 121.146750609491875, 14.108245480574325, 0.0 ], [ 121.14656745006954, 14.10847766743715, 0.0 ], [ 121.146284799950323, 14.108854337424042, 0.0 ], [ 121.146030174864606, 14.109184803660495, 0.0 ], [ 121.145560925742146, 14.109838553733912, 0.0 ], [ 121.145113954382055, 14.110396640910425, 0.0 ], [ 121.144946298421047, 14.110610976956121, 0.0 ], [ 121.144612005802571, 14.111051915086824, 0.0 ], [ 121.143650567130251, 14.112327325758107, 0.0 ], [ 121.143629626188385, 14.112576260339187, 0.0 ], [ 121.143578659252185, 14.113229928694169, 0.0 ], [ 121.143553141781496, 14.113560936610618, 0.0 ], [ 121.143547162721603, 14.113594289049146, 0.0 ], [ 121.144387730290887, 14.113784465667358, 0.0 ], [ 121.144320004493878, 14.114040001275123, 0.0 ], [ 121.144287006981116, 14.114237356477462, 0.0 ], [ 121.144519785352102, 14.114397797223129, 0.0 ], [ 121.145541948159604, 14.11505345860051, 0.0 ], [ 121.145582556070764, 14.115979711063069, 0.0 ], [ 121.146970077941958, 14.11681590756001, 0.0 ], [ 121.146797188788113, 14.117201542495927, 0.0 ], [ 121.146358726130757, 14.116926986680552, 0.0 ], [ 121.146297495307124, 14.116905383110002, 0.0 ], [ 121.146192094125254, 14.116985572659708, 0.0 ], [ 121.146038798036088, 14.117181612612198, 0.0 ], [ 121.145810013649921, 14.117778554177743, 0.0 ], [ 121.145567552045179, 14.118280301342661, 0.0 ], [ 121.146507834060614, 14.118734000735511, 0.0 ], [ 121.147316670891286, 14.119218337998879, 0.0 ], [ 121.147140592800397, 14.119525724901681, 0.0 ], [ 121.148648903947276, 14.120351632892293, 0.0 ], [ 121.148226931098833, 14.120985106858752, 0.0 ], [ 121.147369068125599, 14.120535956413498, 0.0 ], [ 121.14717151871308, 14.120909243890747, 0.0 ], [ 121.146682452543629, 14.120675171705459, 0.0 ], [ 121.146290704541514, 14.121579821024866, 0.0 ], [ 121.145649495760296, 14.121258775293565, 0.0 ], [ 121.144964351729129, 14.122359851875435, 0.0 ], [ 121.144912273196326, 14.122499439475456, 0.0 ], [ 121.145106133803012, 14.122582218253259, 0.0 ], [ 121.145262396754461, 14.122732443093653, 0.0 ], [ 121.145474199324255, 14.122887612239143, 0.0 ], [ 121.145686843879588, 14.122938925423647, 0.0 ], [ 121.14586272967847, 14.122953827997893, 0.0 ], [ 121.146075811136356, 14.1229509554628, 0.0 ], [ 121.146214280258121, 14.123010727705433, 0.0 ], [ 121.146399391545899, 14.123030218018844, 0.0 ], [ 121.146584685576812, 14.123027129966653, 0.0 ], [ 121.146732818699462, 14.123037302833493, 0.0 ], [ 121.146872164853136, 14.122988703013437, 0.0 ], [ 121.147076349823038, 14.122940602664567, 0.0 ], [ 121.147414372334964, 14.122952238938474, 0.0 ], [ 121.14771038496319, 14.123004191663352, 0.0 ], [ 121.147955594956855, 14.123037691086273, 0.0 ], [ 121.1481496417952, 14.12309789026744, 0.0 ], [ 121.148361776410297, 14.123212417387725, 0.0 ], [ 121.148486077274896, 14.123323903895411, 0.0 ], [ 121.148610640790565, 14.123348031766961, 0.0 ], [ 121.148776883111381, 14.123360895951715, 0.0 ], [ 121.148868868917361, 14.123373187560228, 0.0 ], [ 121.1489662558742, 14.123452131791341, 0.0 ], [ 121.149057609872941, 14.123542614015625, 0.0 ], [ 121.149122113990018, 14.123647369690271, 0.0 ], [ 121.14924614051283, 14.123738103315459, 0.0 ], [ 121.149364460773413, 14.123799831825519, 0.0 ], [ 121.149458667799053, 14.123904816007656, 0.0 ], [ 121.149499526828194, 14.123994908630428, 0.0 ], [ 121.149525908864518, 14.124038553816348, 0.0 ], [ 121.149591090891079, 14.12405932772822, 0.0 ], [ 121.149762852216895, 14.124124362032713, 0.0 ], [ 121.150004873418041, 14.124317366738877, 0.0 ], [ 121.15023781937667, 14.124530572894225, 0.0 ], [ 121.150317011985649, 14.124655713681291, 0.0 ], [ 121.150356912555566, 14.124864540050559, 0.0 ], [ 121.150355626219408, 14.125023814285784, 0.0 ], [ 121.150419733716504, 14.125177800188942, 0.0 ], [ 121.150543317258524, 14.125323554735337, 0.0 ], [ 121.150628497429125, 14.125442950185901, 0.0 ], [ 121.150829427096198, 14.125574819341431, 0.0 ], [ 121.150902819305287, 14.125682538696564, 0.0 ], [ 121.150996536766627, 14.125848336668314, 0.0 ], [ 121.151099001777183, 14.126034474246742, 0.0 ], [ 121.151121571966883, 14.126182348407012, 0.0 ], [ 121.151137383423972, 14.126431534239746, 0.0 ], [ 121.151157310300121, 14.126538842436407, 0.0 ], [ 121.151231151844257, 14.126716217507216, 0.0 ], [ 121.151375198068337, 14.126848936834794, 0.0 ], [ 121.151573506483317, 14.126949169855246, 0.0 ], [ 121.151694302901547, 14.127035646245142, 0.0 ], [ 121.151740273036168, 14.127193933615793, 0.0 ], [ 121.151830219892489, 14.1273393974898, 0.0 ], [ 121.151927394623129, 14.127425692214622, 0.0 ], [ 121.15206543535534, 14.12746623605598, 0.0 ], [ 121.152200422153058, 14.127467273525436, 0.0 ], [ 121.152291564097112, 14.12746468426467, 0.0 ], [ 121.152376435021111, 14.12740282117641, 0.0 ], [ 121.15244437969865, 14.127347408307436, 0.0 ], [ 121.152555928430246, 14.127325232979622, 0.0 ], [ 121.15266051592198, 14.127329327207507, 0.0 ], [ 121.152778495938762, 14.127346684929899, 0.0 ], [ 121.152980497492493, 14.127407462435569, 0.0 ], [ 121.153279752299099, 14.127544661881874, 0.0 ], [ 121.1535218514055, 14.12765510164815, 0.0 ], [ 121.15365644048174, 14.127705489956528, 0.0 ], [ 121.153885412641387, 14.127769763592696, 0.0 ], [ 121.153972782450808, 14.12781649854297, 0.0 ], [ 121.153908160257771, 14.127878517706806, 0.0 ], [ 121.153900801253599, 14.127954138111821, 0.0 ], [ 121.153987029609681, 14.128142347186451, 0.0 ], [ 121.154060370345107, 14.128254780375933, 0.0 ], [ 121.154110805191166, 14.128278199207974, 0.0 ], [ 121.15423606616325, 14.128229807107186, 0.0 ], [ 121.154313814915213, 14.128213951824485, 0.0 ], [ 121.154394514708187, 14.128250765403847, 0.0 ], [ 121.154468493074702, 14.128284235843211, 0.0 ], [ 121.154532478835264, 14.128301178286213, 0.0 ], [ 121.154636934334945, 14.128321721966703, 0.0 ], [ 121.154748245760842, 14.128329156664149, 0.0 ], [ 121.154839255577201, 14.128343016731863, 0.0 ], [ 121.154943058077052, 14.128432650987854, 0.0 ], [ 121.15508684258846, 14.128598268983206, 0.0 ], [ 121.155102893990829, 14.1287003913354, 0.0 ], [ 121.155083224067525, 14.12873427954043, 0.0 ], [ 121.155245236449332, 14.12873888753324, 0.0 ], [ 121.155419636403039, 14.128713781449427, 0.0 ], [ 121.155726822570557, 14.128566526560103, 0.0 ], [ 121.155935332754368, 14.128464628247141, 0.0 ], [ 121.156183643047569, 14.128394755449026, 0.0 ], [ 121.156361852701352, 14.128377233362482, 0.0 ], [ 121.156442531543178, 14.12845340710677, 0.0 ], [ 121.156534762069228, 14.128537224914353, 0.0 ], [ 121.156715687030143, 14.128663278040849, 0.0 ], [ 121.156858816231519, 14.128675708665195, 0.0 ], [ 121.157129165750305, 14.128753336277542, 0.0 ], [ 121.157326182597529, 14.128803957254314, 0.0 ], [ 121.157561877425948, 14.128858652258076, 0.0 ], [ 121.157820949337179, 14.128894637397899, 0.0 ], [ 121.158041647360193, 14.128888772937076, 0.0 ], [ 121.158262406170692, 14.128875353224425, 0.0 ], [ 121.158442826500817, 14.128905555823211, 0.0 ], [ 121.158607178391946, 14.128970363234748, 0.0 ], [ 121.158821914404882, 14.128968269019655, 0.0 ], [ 121.158964134465705, 14.128924500516309, 0.0 ], [ 121.159075501087898, 14.128902924500004, 0.0 ], [ 121.159239914239365, 14.128960255989449, 0.0 ], [ 121.159362182152009, 14.129013526709356, 0.0 ], [ 121.159615770502811, 14.129126663399854, 0.0 ], [ 121.1597562951154, 14.129179651640149, 0.0 ], [ 121.159846779992819, 14.12922309707975, 0.0 ], [ 121.159934280309088, 14.129248195720077, 0.0 ], [ 121.160031276223677, 14.129261153467262, 0.0 ], [ 121.160115718328441, 14.129277068934805, 0.0 ], [ 121.160215944286762, 14.129277835981656, 0.0 ], [ 121.160344431517188, 14.129269657743508, 0.0 ], [ 121.160460684790294, 14.129224741578334, 0.0 ], [ 121.160561105154386, 14.129201080167631, 0.0 ], [ 121.160620466977591, 14.129219856490343, 0.0 ], [ 121.160695367307468, 14.129254019970476, 0.0 ], [ 121.160776211554449, 14.129327928799785, 0.0 ], [ 121.160869338023929, 14.129432467241283, 0.0 ], [ 121.160953168020683, 14.129524720087984, 0.0 ], [ 121.161018401261401, 14.129592400848374, 0.0 ], [ 121.161212293680393, 14.129630529165608, 0.0 ], [ 121.161318831708698, 14.129625236373137, 0.0 ], [ 121.161444334433725, 14.129598712606501, 0.0 ], [ 121.161657789894178, 14.129736366948919, 0.0 ], [ 121.161790333297503, 14.129761345771962, 0.0 ], [ 121.161898412277864, 14.129771759385005, 0.0 ], [ 121.162045626904089, 14.129806437446858, 0.0 ], [ 121.162153936788528, 14.129788092933328, 0.0 ], [ 121.162237703400038, 14.129764766239893, 0.0 ], [ 121.162272115991144, 14.12976502931456, 0.0 ], [ 121.162326000686647, 14.129789408326612, 0.0 ], [ 121.162394749866721, 14.129799520159043, 0.0 ], [ 121.162448790328199, 14.129804725941657, 0.0 ], [ 121.162684592583162, 14.12977388951121, 0.0 ], [ 121.162891792229331, 14.12979880297263, 0.0 ], [ 121.163113571261292, 14.129994920512825, 0.0 ], [ 121.163263250972477, 14.130229370844019, 0.0 ], [ 121.163396728457798, 14.130494806020513, 0.0 ], [ 121.163570275358879, 14.130737216429116, 0.0 ], [ 121.163792804364576, 14.130840015830413, 0.0 ], [ 121.164023122522721, 14.130966205392243, 0.0 ], [ 121.164381687668993, 14.131015605541201, 0.0 ], [ 121.164716386325964, 14.131057045996362, 0.0 ], [ 121.16496378039291, 14.131043379939154, 0.0 ], [ 121.165402358567732, 14.131062282494574, 0.0 ], [ 121.165617786188122, 14.131056148737631, 0.0 ], [ 121.16605530551206, 14.13120724851168, 0.0 ], [ 121.166527851226959, 14.131965214880408, 0.0 ], [ 121.167258386233783, 14.132382962600587, 0.0 ], [ 121.168612026220856, 14.132688803500288, 0.0 ], [ 121.169378685478264, 14.132896844313791, 0.0 ], [ 121.192796063451183, 14.135683734890806, 0.0 ] ] ] ] } },
{ "type": "Feature", "properties": { "OBJECTID_1": 25, "BRGY": "San Bartolome", "AREA_HA": 630.32729032500004, "Shape_Leng": 15149.524178, "Shape_Area": 6303272.9032500004, "pop2007": 5961, "popden": 9.4569917747400005, "popden2": 9 }, "geometry": { "type": "MultiPolygon", "coordinates": [ [ [ [ 121.196978045711845, 14.130467112595525, 0.0 ], [ 121.184763783576926, 14.11689026422804, 0.0 ], [ 121.184283058372301, 14.116041549033676, 0.0 ], [ 121.183961550567048, 14.115606019908013, 0.0 ], [ 121.183616534957736, 14.115402707634448, 0.0 ], [ 121.183318110663421, 14.114787766349904, 0.0 ], [ 121.183172831973735, 14.113983835606042, 0.0 ], [ 121.183447300011025, 14.113521113904939, 0.0 ], [ 121.182810409476531, 14.113131222592788, 0.0 ], [ 121.182299312052621, 14.112874263549548, 0.0 ], [ 121.181687984328818, 14.112726122406597, 0.0 ], [ 121.181097059366152, 14.113076394217508, 0.0 ], [ 121.180882737402825, 14.112212469739138, 0.0 ], [ 121.180573057630781, 14.111712250981936, 0.0 ], [ 121.180239470494769, 14.111278577257503, 0.0 ], [ 121.179778281590316, 14.110997920583303, 0.0 ], [ 121.179253334887392, 14.110788639438658, 0.0 ], [ 121.17856070109066, 14.110475434424457, 0.0 ], [ 121.177541673652698, 14.110149489646492, 0.0 ], [ 121.177312103029848, 14.10988084840417, 0.0 ], [ 121.177082613621749, 14.109601941594317, 0.0 ], [ 121.176105249629359, 14.108929565233865, 0.0 ], [ 121.175920104395416, 14.108790191614727, 0.0 ], [ 121.175522699606432, 14.108641947381606, 0.0 ], [ 121.175151426400561, 14.108486639691982, 0.0 ], [ 121.175074143956138, 14.108368053020198, 0.0 ], [ 121.175011890311822, 14.108233241774904, 0.0 ], [ 121.175021363188179, 14.107979156874213, 0.0 ], [ 121.17500958872597, 14.107473841477553, 0.0 ], [ 121.174999898434294, 14.106874877966288, 0.0 ], [ 121.174988356934392, 14.106508410764826, 0.0 ], [ 121.17488901253769, 14.106275146432269, 0.0 ], [ 121.17456632268501, 14.105948594588844, 0.0 ], [ 121.174410331930446, 14.10556694143027, 0.0 ], [ 121.174408370704001, 14.105298894176261, 0.0 ], [ 121.174312223127387, 14.104992081944207, 0.0 ], [ 121.174076196078474, 14.104826572925674, 0.0 ], [ 121.173785132389852, 14.104694458415786, 0.0 ], [ 121.173661811780136, 14.104590309008186, 0.0 ], [ 121.173567985431816, 14.104450792524847, 0.0 ], [ 121.173405805922144, 14.10418262903478, 0.0 ], [ 121.173229191014769, 14.103893001517928, 0.0 ], [ 121.173004444842007, 14.10368664788137, 0.0 ], [ 121.172721067062881, 14.103506542226395, 0.0 ], [ 121.172554585148418, 14.103320205267527, 0.0 ], [ 121.172442792219584, 14.103202157809958, 0.0 ], [ 121.172306206109923, 14.103201121190978, 0.0 ], [ 121.172250183005872, 14.103173284435458, 0.0 ], [ 121.172174415809579, 14.103102223811138, 0.0 ], [ 121.172086255298368, 14.103074143088378, 0.0 ], [ 121.171990122853202, 14.103038170596873, 0.0 ], [ 121.171873623238895, 14.103037286219296, 0.0 ], [ 121.171749025937231, 14.103044171530756, 0.0 ], [ 121.171633056892404, 14.102976720702168, 0.0 ], [ 121.171544958942675, 14.102940808142632, 0.0 ], [ 121.171396664398344, 14.10289660814623, 0.0 ], [ 121.171231832067534, 14.10291101979732, 0.0 ], [ 121.171090854890437, 14.10295694009992, 0.0 ], [ 121.170997740374631, 14.103046298713997, 0.0 ], [ 121.170904252047592, 14.103182645376789, 0.0 ], [ 121.170810574407383, 14.103342486016224, 0.0 ], [ 121.170669098209643, 14.103451055603454, 0.0 ], [ 121.170547831330495, 14.103544116191634, 0.0 ], [ 121.170499749091036, 14.103528087554515, 0.0 ], [ 121.170464062410446, 14.103469078224453, 0.0 ], [ 121.170436723350207, 14.103370972609786, 0.0 ], [ 121.170401161635098, 14.103296299980956, 0.0 ], [ 121.170257728122721, 14.103146406198126, 0.0 ], [ 121.170105822229189, 14.103051270100789, 0.0 ], [ 121.169953386344503, 14.103022701104351, 0.0 ], [ 121.169840528711077, 14.103068833425285, 0.0 ], [ 121.169686748511097, 14.103208637367533, 0.0 ], [ 121.169560808570296, 14.103383895535085, 0.0 ], [ 121.169442809048235, 14.103570962150771, 0.0 ], [ 121.169300641851436, 14.103765676162721, 0.0 ], [ 121.169118803494968, 14.103897434211204, 0.0 ], [ 121.168851241877732, 14.103695688893756, 0.0 ], [ 121.168587292903311, 14.103544877739354, 0.0 ], [ 121.168463663708536, 14.103430376327811, 0.0 ], [ 121.168272402487702, 14.10323312594929, 0.0 ], [ 121.16796840598154, 14.103066346269673, 0.0 ], [ 121.167643979607362, 14.102942484702446, 0.0 ], [ 121.167331355331015, 14.102850040088654, 0.0 ], [ 121.167118474490692, 14.102844503858726, 0.0 ], [ 121.166937011359209, 14.102929272221175, 0.0 ], [ 121.166662869277431, 14.103048578449556, 0.0 ], [ 121.166449674435398, 14.10308219884501, 0.0 ], [ 121.166272509341567, 14.103131755809871, 0.0 ], [ 121.165993535673877, 14.10318101266814, 0.0 ], [ 121.165760354278902, 14.104202743224461, 0.0 ], [ 121.164663783808905, 14.103785592027586, 0.0 ], [ 121.163280682192763, 14.103226741003267, 0.0 ], [ 121.163097531833046, 14.103462943086772, 0.0 ], [ 121.162785815114802, 14.103363088682856, 0.0 ], [ 121.162549492677613, 14.103994883263175, 0.0 ], [ 121.1628176556478, 14.104070036440522, 0.0 ], [ 121.162753572522377, 14.104267231434786, 0.0 ], [ 121.162476677349801, 14.104827219685715, 0.0 ], [ 121.161664927443653, 14.104588901462531, 0.0 ], [ 121.16176261671967, 14.104161674224267, 0.0 ], [ 121.161829046694365, 14.103920388007719, 0.0 ], [ 121.161820598737989, 14.103736560471075, 0.0 ], [ 121.160964668339176, 14.10343987375996, 0.0 ], [ 121.160356829956001, 14.103140243569595, 0.0 ], [ 121.159458535550002, 14.102784942323364, 0.0 ], [ 121.15913703140555, 14.103367273376582, 0.0 ], [ 121.157781374827323, 14.102614422768722, 0.0 ], [ 121.156946168214574, 14.104206985250274, 0.0 ], [ 121.156274210688821, 14.103939014984549, 0.0 ], [ 121.155903029530279, 14.10482977992568, 0.0 ], [ 121.155265250549931, 14.104502933130231, 0.0 ], [ 121.154779683656571, 14.105366536836232, 0.0 ], [ 121.153297010097063, 14.105025124290401, 0.0 ], [ 121.153068441652422, 14.104973266241331, 0.0 ], [ 121.152574142501052, 14.104841934461719, 0.0 ], [ 121.152022570179739, 14.104669387801151, 0.0 ], [ 121.151796569369793, 14.104747385350738, 0.0 ], [ 121.151282619283208, 14.104925687192392, 0.0 ], [ 121.150927132644725, 14.105052301017295, 0.0 ], [ 121.149778442234251, 14.105465120054859, 0.0 ], [ 121.149334079389789, 14.105613048715659, 0.0 ], [ 121.148977062532879, 14.105733870770173, 0.0 ], [ 121.14935301510782, 14.106286768496421, 0.0 ], [ 121.149780087608136, 14.106790619962878, 0.0 ], [ 121.151167785801476, 14.107678822089035, 0.0 ], [ 121.151474792325601, 14.107347466386461, 0.0 ], [ 121.152297490445349, 14.10627409980536, 0.0 ], [ 121.153488720942235, 14.106777501501528, 0.0 ], [ 121.153101603412594, 14.107621838811982, 0.0 ], [ 121.155382959769454, 14.108817616797721, 0.0 ], [ 121.155207583309348, 14.109231099932853, 0.0 ], [ 121.155929269981414, 14.109571573732847, 0.0 ], [ 121.155175841630566, 14.110925023228262, 0.0 ], [ 121.157487946960316, 14.112183365459185, 0.0 ], [ 121.157840117195661, 14.111817309792754, 0.0 ], [ 121.158245839195331, 14.112030319974128, 0.0 ], [ 121.158575354371308, 14.112310822951724, 0.0 ], [ 121.160712614518957, 14.112894476947288, 0.0 ], [ 121.160338956118096, 14.113762441857062, 0.0 ], [ 121.161116310932783, 14.114086076854202, 0.0 ], [ 121.160936849010028, 14.115471488406319, 0.0 ], [ 121.161046704285681, 14.115563097336583, 0.0 ], [ 121.161103951064177, 14.115682669922478, 0.0 ], [ 121.161108406275233, 14.115852897576556, 0.0 ], [ 121.161165561184234, 14.115983815394236, 0.0 ], [ 121.161194161414159, 14.11604643844141, 0.0 ], [ 121.161345170001482, 14.116087304145523, 0.0 ], [ 121.161572113005434, 14.116094711244108, 0.0 ], [ 121.161852395444768, 14.115983390515556, 0.0 ], [ 121.162219752921729, 14.115901100287731, 0.0 ], [ 121.162523087655373, 14.115818319650684, 0.0 ], [ 121.162751213881521, 14.115678234605511, 0.0 ], [ 121.162914953589777, 14.115583041531048, 0.0 ], [ 121.162996663782309, 14.11555530049497, 0.0 ], [ 121.163369795643959, 14.115478724538063, 0.0 ], [ 121.16355026896413, 14.115474429046325, 0.0 ], [ 121.16370086687661, 14.115566347838117, 0.0 ], [ 121.164107782369456, 14.11563185750278, 0.0 ], [ 121.164589907949349, 14.115754670918468, 0.0 ], [ 121.164915296694744, 14.115825230354067, 0.0 ], [ 121.165223815705517, 14.115821910170098, 0.0 ], [ 121.165555387929629, 14.115847131163362, 0.0 ], [ 121.166084258992342, 14.115947605270161, 0.0 ], [ 121.166478992061485, 14.116081095838476, 0.0 ], [ 121.167177515442759, 14.116453818937403, 0.0 ], [ 121.167947249900735, 14.116740450364469, 0.0 ], [ 121.168589435456909, 14.117127184950011, 0.0 ], [ 121.168978494012933, 14.117467069619726, 0.0 ], [ 121.169353520389308, 14.11812130807445, 0.0 ], [ 121.169661075968563, 14.11856726319736, 0.0 ], [ 121.170085154562287, 14.118851258713772, 0.0 ], [ 121.170555233551369, 14.119146834638277, 0.0 ], [ 121.170921703150867, 14.119430389881513, 0.0 ], [ 121.17117393789654, 14.119589539187517, 0.0 ], [ 121.171506648789517, 14.119771760622376, 0.0 ], [ 121.171965835713195, 14.11998863558377, 0.0 ], [ 121.172150195887227, 14.120535262610209, 0.0 ], [ 121.172250401656996, 14.120974025286342, 0.0 ], [ 121.172396699038416, 14.121413137272237, 0.0 ], [ 121.172532368521672, 14.121739860798737, 0.0 ], [ 121.173069352056814, 14.12231670989329, 0.0 ], [ 121.192796063451183, 14.135683734890806, 0.0 ], [ 121.196978045711845, 14.130467112595525, 0.0 ] ] ] ] } },
{ "type": "Feature", "properties": { "OBJECTID_1": 26, "BRGY": "Santiago", "AREA_HA": 264.479541385, "Shape_Leng": 12391.362218300001, "Shape_Area": 2644795.4138500001, "pop2007": 4619, "popden": 17.4644888441, "popden2": 17 }, "geometry": { "type": "MultiPolygon", "coordinates": [ [ [ [ 121.164727444694933, 14.135962464700146, 0.0 ], [ 121.164959078739216, 14.13592534984044, 0.0 ], [ 121.165261502943721, 14.136013204690459, 0.0 ], [ 121.165492013962719, 14.136116064089554, 0.0 ], [ 121.165828092545141, 14.135986422285431, 0.0 ], [ 121.165974004306733, 14.135696378699217, 0.0 ], [ 121.166237855370824, 14.135620622748043, 0.0 ], [ 121.166621666466369, 14.135506896950179, 0.0 ], [ 121.166942226352631, 14.135322697196624, 0.0 ], [ 121.16721492395655, 14.135138131021996, 0.0 ], [ 121.167671333707332, 14.134923857463395, 0.0 ], [ 121.168029905502536, 14.134973252989594, 0.0 ], [ 121.168308463810561, 14.135053145093291, 0.0 ], [ 121.168691464346153, 14.135040510137932, 0.0 ], [ 121.16903483784634, 14.133998548305152, 0.0 ], [ 121.169378685478264, 14.132896844313791, 0.0 ], [ 121.168612026220856, 14.132688803500288, 0.0 ], [ 121.167258386233783, 14.132382962600587, 0.0 ], [ 121.166527851226959, 14.131965214880408, 0.0 ], [ 121.16605530551206, 14.13120724851168, 0.0 ], [ 121.165617786188122, 14.131056148737631, 0.0 ], [ 121.165402358567732, 14.131062282494574, 0.0 ], [ 121.16496378039291, 14.131043379939154, 0.0 ], [ 121.164716386325964, 14.131057045996362, 0.0 ], [ 121.164381687668993, 14.131015605541201, 0.0 ], [ 121.164023122522721, 14.130966205392243, 0.0 ], [ 121.163792804364576, 14.130840015830413, 0.0 ], [ 121.163570275358879, 14.130737216429116, 0.0 ], [ 121.163396728457798, 14.130494806020513, 0.0 ], [ 121.163263250972477, 14.130229370844019, 0.0 ], [ 121.163113571261292, 14.129994920512825, 0.0 ], [ 121.162891792229331, 14.12979880297263, 0.0 ], [ 121.162684592583162, 14.12977388951121, 0.0 ], [ 121.162448790328199, 14.129804725941657, 0.0 ], [ 121.162394749866721, 14.129799520159043, 0.0 ], [ 121.162326000686647, 14.129789408326612, 0.0 ], [ 121.162272115991144, 14.12976502931456, 0.0 ], [ 121.162237703400038, 14.129764766239893, 0.0 ], [ 121.162153936788528, 14.129788092933328, 0.0 ], [ 121.162045626904089, 14.129806437446858, 0.0 ], [ 121.161898412277864, 14.129771759385005, 0.0 ], [ 121.161790333297503, 14.129761345771962, 0.0 ], [ 121.161657789894178, 14.129736366948919, 0.0 ], [ 121.161444334433725, 14.129598712606501, 0.0 ], [ 121.161318831708698, 14.129625236373137, 0.0 ], [ 121.161212293680393, 14.129630529165608, 0.0 ], [ 121.161018401261401, 14.129592400848374, 0.0 ], [ 121.160953168020683, 14.129524720087984, 0.0 ], [ 121.160869338023929, 14.129432467241283, 0.0 ], [ 121.160776211554449, 14.129327928799785, 0.0 ], [ 121.160695367307468, 14.129254019970476, 0.0 ], [ 121.160620466977591, 14.129219856490343, 0.0 ], [ 121.160561105154386, 14.129201080167631, 0.0 ], [ 121.160460684790294, 14.129224741578334, 0.0 ], [ 121.160344431517188, 14.129269657743508, 0.0 ], [ 121.160215944286762, 14.129277835981656, 0.0 ], [ 121.160115718328441, 14.129277068934805, 0.0 ], [ 121.160031276223677, 14.129261153467262, 0.0 ], [ 121.159934280309088, 14.129248195720077, 0.0 ], [ 121.159846779992819, 14.12922309707975, 0.0 ], [ 121.1597562951154, 14.129179651640149, 0.0 ], [ 121.159615770502811, 14.129126663399854, 0.0 ], [ 121.159362182152009, 14.129013526709356, 0.0 ], [ 121.159239914239365, 14.128960255989449, 0.0 ], [ 121.159075501087898, 14.128902924500004, 0.0 ], [ 121.158964134465705, 14.128924500516309, 0.0 ], [ 121.158821914404882, 14.128968269019655, 0.0 ], [ 121.158607178391946, 14.128970363234748, 0.0 ], [ 121.158442826500817, 14.128905555823211, 0.0 ], [ 121.158262406170692, 14.128875353224425, 0.0 ], [ 121.158041647360193, 14.128888772937076, 0.0 ], [ 121.157820949337179, 14.128894637397899, 0.0 ], [ 121.157561877425948, 14.128858652258076, 0.0 ], [ 121.157326182597529, 14.128803957254314, 0.0 ], [ 121.157129165750305, 14.128753336277542, 0.0 ], [ 121.156858816231519, 14.128675708665195, 0.0 ], [ 121.156715687030143, 14.128663278040849, 0.0 ], [ 121.156534762069228, 14.128537224914353, 0.0 ], [ 121.156442531543178, 14.12845340710677, 0.0 ], [ 121.156361852701352, 14.128377233362482, 0.0 ], [ 121.156183643047569, 14.128394755449026, 0.0 ], [ 121.155935332754368, 14.128464628247141, 0.0 ], [ 121.155726822570557, 14.128566526560103, 0.0 ], [ 121.155419636403039, 14.128713781449427, 0.0 ], [ 121.155245236449332, 14.12873888753324, 0.0 ], [ 121.155083224067525, 14.12873427954043, 0.0 ], [ 121.155102893990829, 14.1287003913354, 0.0 ], [ 121.15508684258846, 14.128598268983206, 0.0 ], [ 121.154943058077052, 14.128432650987854, 0.0 ], [ 121.154839255577201, 14.128343016731863, 0.0 ], [ 121.154748245760842, 14.128329156664149, 0.0 ], [ 121.154636934334945, 14.128321721966703, 0.0 ], [ 121.154532478835264, 14.128301178286213, 0.0 ], [ 121.154468493074702, 14.128284235843211, 0.0 ], [ 121.154394514708187, 14.128250765403847, 0.0 ], [ 121.154313814915213, 14.128213951824485, 0.0 ], [ 121.15423606616325, 14.128229807107186, 0.0 ], [ 121.154110805191166, 14.128278199207974, 0.0 ], [ 121.154060370345107, 14.128254780375933, 0.0 ], [ 121.153987029609681, 14.128142347186451, 0.0 ], [ 121.153900801253599, 14.127954138111821, 0.0 ], [ 121.153908160257771, 14.127878517706806, 0.0 ], [ 121.153972782450808, 14.12781649854297, 0.0 ], [ 121.153885412641387, 14.127769763592696, 0.0 ], [ 121.15365644048174, 14.127705489956528, 0.0 ], [ 121.1535218514055, 14.12765510164815, 0.0 ], [ 121.153279752299099, 14.127544661881874, 0.0 ], [ 121.152980497492493, 14.127407462435569, 0.0 ], [ 121.152778495938762, 14.127346684929899, 0.0 ], [ 121.15266051592198, 14.127329327207507, 0.0 ], [ 121.152555928430246, 14.127325232979622, 0.0 ], [ 121.15244437969865, 14.127347408307436, 0.0 ], [ 121.152376435021111, 14.12740282117641, 0.0 ], [ 121.152291564097112, 14.12746468426467, 0.0 ], [ 121.152200422153058, 14.127467273525436, 0.0 ], [ 121.15206543535534, 14.12746623605598, 0.0 ], [ 121.151927394623129, 14.127425692214622, 0.0 ], [ 121.151830219892489, 14.1273393974898, 0.0 ], [ 121.151740273036168, 14.127193933615793, 0.0 ], [ 121.151694302901547, 14.127035646245142, 0.0 ], [ 121.151573506483317, 14.126949169855246, 0.0 ], [ 121.151375198068337, 14.126848936834794, 0.0 ], [ 121.151231151844257, 14.126716217507216, 0.0 ], [ 121.151157310300121, 14.126538842436407, 0.0 ], [ 121.151137383423972, 14.126431534239746, 0.0 ], [ 121.151121571966883, 14.126182348407012, 0.0 ], [ 121.151099001777183, 14.126034474246742, 0.0 ], [ 121.150996536766627, 14.125848336668314, 0.0 ], [ 121.150902819305287, 14.125682538696564, 0.0 ], [ 121.150829427096198, 14.125574819341431, 0.0 ], [ 121.150628497429125, 14.125442950185901, 0.0 ], [ 121.150543317258524, 14.125323554735337, 0.0 ], [ 121.150419733716504, 14.125177800188942, 0.0 ], [ 121.150355626219408, 14.125023814285784, 0.0 ], [ 121.150356912555566, 14.124864540050559, 0.0 ], [ 121.150317011985649, 14.124655713681291, 0.0 ], [ 121.15023781937667, 14.124530572894225, 0.0 ], [ 121.150004873418041, 14.124317366738877, 0.0 ], [ 121.149762852216895, 14.124124362032713, 0.0 ], [ 121.149591090891079, 14.12405932772822, 0.0 ], [ 121.149525908864518, 14.124038553816348, 0.0 ], [ 121.149499526828194, 14.123994908630428, 0.0 ], [ 121.149458667799053, 14.123904816007656, 0.0 ], [ 121.149364460773413, 14.123799831825519, 0.0 ], [ 121.14924614051283, 14.123738103315459, 0.0 ], [ 121.149122113990018, 14.123647369690271, 0.0 ], [ 121.149057609872941, 14.123542614015625, 0.0 ], [ 121.1489662558742, 14.123452131791341, 0.0 ], [ 121.148868868917361, 14.123373187560228, 0.0 ], [ 121.148776883111381, 14.123360895951715, 0.0 ], [ 121.148610640790565, 14.123348031766961, 0.0 ], [ 121.148486077274896, 14.123323903895411, 0.0 ], [ 121.148361776410297, 14.123212417387725, 0.0 ], [ 121.1481496417952, 14.12309789026744, 0.0 ], [ 121.147955594956855, 14.123037691086273, 0.0 ], [ 121.14771038496319, 14.123004191663352, 0.0 ], [ 121.147414372334964, 14.122952238938474, 0.0 ], [ 121.147076349823038, 14.122940602664567, 0.0 ], [ 121.146872164853136, 14.122988703013437, 0.0 ], [ 121.146732818699462, 14.123037302833493, 0.0 ], [ 121.146584685576812, 14.123027129966653, 0.0 ], [ 121.146399391545899, 14.123030218018844, 0.0 ], [ 121.146214280258121, 14.123010727705433, 0.0 ], [ 121.146075811136356, 14.1229509554628, 0.0 ], [ 121.14586272967847, 14.122953827997893, 0.0 ], [ 121.145686843879588, 14.122938925423647, 0.0 ], [ 121.145474199324255, 14.122887612239143, 0.0 ], [ 121.145262396754461, 14.122732443093653, 0.0 ], [ 121.145106133803012, 14.122582218253259, 0.0 ], [ 121.144912273196326, 14.122499439475456, 0.0 ], [ 121.144964351729129, 14.122359851875435, 0.0 ], [ 121.145649495760296, 14.121258775293565, 0.0 ], [ 121.146290704541514, 14.121579821024866, 0.0 ], [ 121.146682452543629, 14.120675171705459, 0.0 ], [ 121.14717151871308, 14.120909243890747, 0.0 ], [ 121.147369068125599, 14.120535956413498, 0.0 ], [ 121.148226931098833, 14.120985106858752, 0.0 ], [ 121.148648903947276, 14.120351632892293, 0.0 ], [ 121.147140592800397, 14.119525724901681, 0.0 ], [ 121.147316670891286, 14.119218337998879, 0.0 ], [ 121.146507834060614, 14.118734000735511, 0.0 ], [ 121.145567552045179, 14.118280301342661, 0.0 ], [ 121.145810013649921, 14.117778554177743, 0.0 ], [ 121.146038798036088, 14.117181612612198, 0.0 ], [ 121.146192094125254, 14.116985572659708, 0.0 ], [ 121.146297495307124, 14.116905383110002, 0.0 ], [ 121.146358726130757, 14.116926986680552, 0.0 ], [ 121.146797188788113, 14.117201542495927, 0.0 ], [ 121.146970077941958, 14.11681590756001, 0.0 ], [ 121.145582556070764, 14.115979711063069, 0.0 ], [ 121.145541948159604, 14.11505345860051, 0.0 ], [ 121.144519785352102, 14.114397797223129, 0.0 ], [ 121.144287006981116, 14.114237356477462, 0.0 ], [ 121.144320004493878, 14.114040001275123, 0.0 ], [ 121.144387730290887, 14.113784465667358, 0.0 ], [ 121.143547162721603, 14.113594289049146, 0.0 ], [ 121.143553141781496, 14.113560936610618, 0.0 ], [ 121.143578659252185, 14.113229928694169, 0.0 ], [ 121.143629626188385, 14.112576260339187, 0.0 ], [ 121.143650567130251, 14.112327325758107, 0.0 ], [ 121.14348760119762, 14.112543508657499, 0.0 ], [ 121.143009727181806, 14.113156561285859, 0.0 ], [ 121.142249013932869, 14.114150457374658, 0.0 ], [ 121.141718755786883, 14.114034833429523, 0.0 ], [ 121.141119282649598, 14.113844995427872, 0.0 ], [ 121.140442213049909, 14.113624193656609, 0.0 ], [ 121.140310806928554, 14.113589029558765, 0.0 ], [ 121.140311758258164, 14.113602688229394, 0.0 ], [ 121.140285590012738, 14.113735629059297, 0.0 ], [ 121.140212222241047, 14.11388809870334, 0.0 ], [ 121.13999390464987, 14.114125149853901, 0.0 ], [ 121.139851148154506, 14.114326055103771, 0.0 ], [ 121.139743569558661, 14.114443062193866, 0.0 ], [ 121.139588417596286, 14.114625507883522, 0.0 ], [ 121.139461985787605, 14.114746960154806, 0.0 ], [ 121.13927538758179, 14.114939873815176, 0.0 ], [ 121.139168019609031, 14.115030866540547, 0.0 ], [ 121.139048355966708, 14.1150911555389, 0.0 ], [ 121.138906592116911, 14.115169638859587, 0.0 ], [ 121.138808482631575, 14.11527906651977, 0.0 ], [ 121.138754549474541, 14.115355168050934, 0.0 ], [ 121.13862856518827, 14.115421529085483, 0.0 ], [ 121.138578190778773, 14.115445625882311, 0.0 ], [ 121.138539900602112, 14.115526439470685, 0.0 ], [ 121.13849838712791, 14.115617940387073, 0.0 ], [ 121.138469591768782, 14.115688114235294, 0.0 ], [ 121.138469094569956, 14.115749325709658, 0.0 ], [ 121.138436964027065, 14.115843960236251, 0.0 ], [ 121.138363942300657, 14.115953581751223, 0.0 ], [ 121.138224703883154, 14.116107071833701, 0.0 ], [ 121.137991125293638, 14.116291969456055, 0.0 ], [ 121.137839355609572, 14.116443832212507, 0.0 ], [ 121.137706625373596, 14.116568294704994, 0.0 ], [ 121.137536299759901, 14.116687875883983, 0.0 ], [ 121.137384778279525, 14.116809132563803, 0.0 ], [ 121.137214539412028, 14.11691800097357, 0.0 ], [ 121.137028646646158, 14.117023687899447, 0.0 ], [ 121.136817366719939, 14.117165905950477, 0.0 ], [ 121.13666594318417, 14.117274920522032, 0.0 ], [ 121.136561896062929, 14.117342981142746, 0.0 ], [ 121.136438672123347, 14.117455274089853, 0.0 ], [ 121.136343771429068, 14.11755554313482, 0.0 ], [ 121.136186075783769, 14.117664507854304, 0.0 ], [ 121.135981240710976, 14.117785350445326, 0.0 ], [ 121.135852118084543, 14.117851686352557, 0.0 ], [ 121.13558768628269, 14.117973596826523, 0.0 ], [ 121.135282474611145, 14.118096721856944, 0.0 ], [ 121.135068106246621, 14.118232793020526, 0.0 ], [ 121.134835245591958, 14.118328931705641, 0.0 ], [ 121.134482980890709, 14.118453220864186, 0.0 ], [ 121.134328769027604, 14.118519360391838, 0.0 ], [ 121.134036323773159, 14.118615036123623, 0.0 ], [ 121.13380597232397, 14.118659057168019, 0.0 ], [ 121.133843385352236, 14.118770808813993, 0.0 ], [ 121.134651167111045, 14.119204865235798, 0.0 ], [ 121.134979680676224, 14.11937628064093, 0.0 ], [ 121.135722879545426, 14.119772047030047, 0.0 ], [ 121.137048985533312, 14.120498000030434, 0.0 ], [ 121.137812582491406, 14.120922063630974, 0.0 ], [ 121.139068831693095, 14.121619321168765, 0.0 ], [ 121.138793338668009, 14.122027299659214, 0.0 ], [ 121.139614642145546, 14.122455824935949, 0.0 ], [ 121.139643896128575, 14.122407954885785, 0.0 ], [ 121.140383448493026, 14.122747390767351, 0.0 ], [ 121.140024046075368, 14.123331630377585, 0.0 ], [ 121.140274480255172, 14.123470270893742, 0.0 ], [ 121.140094420278203, 14.123806615637131, 0.0 ], [ 121.140254754499963, 14.123868165376285, 0.0 ], [ 121.140814402691646, 14.12401723725131, 0.0 ], [ 121.141056644378168, 14.123641166007083, 0.0 ], [ 121.14155267588896, 14.124006861339355, 0.0 ], [ 121.141566188175233, 14.12386624196772, 0.0 ], [ 121.141791985003238, 14.122975395682754, 0.0 ], [ 121.141857460267218, 14.122529605072444, 0.0 ], [ 121.141999150559656, 14.121839142119333, 0.0 ], [ 121.142158961508983, 14.12196501803141, 0.0 ], [ 121.142256202290568, 14.122178865356858, 0.0 ], [ 121.142357402773058, 14.122412845621188, 0.0 ], [ 121.142490712876295, 14.12275563374885, 0.0 ], [ 121.142588214108116, 14.122937318123711, 0.0 ], [ 121.142794837725106, 14.123393250383375, 0.0 ], [ 121.142924351365295, 14.123695802499093, 0.0 ], [ 121.143026303675413, 14.123837312763817, 0.0 ], [ 121.143299430214839, 14.124229428484842, 0.0 ], [ 121.143519926760959, 14.124500516145682, 0.0 ], [ 121.14367503118244, 14.124698728289426, 0.0 ], [ 121.143937418318274, 14.12488972586784, 0.0 ], [ 121.144433717320794, 14.125223252300492, 0.0 ], [ 121.144805978482879, 14.125596027514657, 0.0 ], [ 121.145018883242869, 14.125786642345084, 0.0 ], [ 121.145384516477947, 14.126468958795799, 0.0 ], [ 121.145441272287215, 14.126590017299298, 0.0 ], [ 121.145993477432484, 14.127659758551733, 0.0 ], [ 121.146229108445127, 14.128099831091527, 0.0 ], [ 121.146492534222475, 14.128672800188056, 0.0 ], [ 121.146719494912148, 14.129165073850361, 0.0 ], [ 121.146853205010203, 14.129459614447569, 0.0 ], [ 121.147041272764397, 14.12966209910542, 0.0 ], [ 121.147221028528179, 14.129872560372794, 0.0 ], [ 121.147688054749551, 14.130258125299783, 0.0 ], [ 121.148007631435092, 14.130517911811785, 0.0 ], [ 121.148331723668079, 14.130729484411393, 0.0 ], [ 121.14868825389928, 14.131009659063348, 0.0 ], [ 121.14906962633728, 14.131277962032081, 0.0 ], [ 121.148948115764057, 14.131514247286415, 0.0 ], [ 121.149484194215475, 14.131879700083976, 0.0 ], [ 121.14989626414247, 14.13221727691934, 0.0 ], [ 121.151079975491854, 14.132817426246728, 0.0 ], [ 121.151738817079604, 14.133219113841966, 0.0 ], [ 121.152907211297716, 14.133836231287216, 0.0 ], [ 121.153263760089445, 14.13314683108997, 0.0 ], [ 121.154948501132495, 14.133937457337506, 0.0 ], [ 121.155512826595057, 14.134190648622607, 0.0 ], [ 121.156331081164339, 14.13458577146069, 0.0 ], [ 121.156649306075167, 14.133701648214247, 0.0 ], [ 121.157348670257846, 14.134025864273465, 0.0 ], [ 121.158127676453944, 14.134366240960357, 0.0 ], [ 121.158683968673429, 14.134627141562385, 0.0 ], [ 121.159214643151984, 14.135097820078945, 0.0 ], [ 121.159523246071828, 14.135385114984082, 0.0 ], [ 121.159577705252303, 14.135556623648238, 0.0 ], [ 121.159711118917954, 14.135829836176061, 0.0 ], [ 121.159907094596704, 14.136259065475546, 0.0 ], [ 121.160103632740871, 14.136618307506236, 0.0 ], [ 121.160237734356144, 14.136805979775, 0.0 ], [ 121.160443937618965, 14.136955319334934, 0.0 ], [ 121.160571188696267, 14.137002955116424, 0.0 ], [ 121.160882402498814, 14.136989783487254, 0.0 ], [ 121.161441766361975, 14.136869634127986, 0.0 ], [ 121.161761517619283, 14.136786535114769, 0.0 ], [ 121.162137543209369, 14.136649426594126, 0.0 ], [ 121.163095974367778, 14.136478828289128, 0.0 ], [ 121.163511632213527, 14.13637312821003, 0.0 ], [ 121.163959881892808, 14.136182131785135, 0.0 ], [ 121.164351795612703, 14.136052917870698, 0.0 ], [ 121.164727444694933, 14.135962464700146, 0.0 ] ] ] ] } },
{ "type": "Feature", "properties": { "OBJECTID_1": 27, "BRGY": "San Rafael", "AREA_HA": 408.37867927999997, "Shape_Leng": 18119.722829099999, "Shape_Area": 4083786.7928, "pop2007": 5790, "popden": 14.178017349499999, "popden2": 14 }, "geometry": { "type": "MultiPolygon", "coordinates": [ [ [ [ 121.16145837031678, 14.141026807795098, 0.0 ], [ 121.161663979545182, 14.140913522213626, 0.0 ], [ 121.161735526459111, 14.140938575439117, 0.0 ], [ 121.161900794413327, 14.14099036531748, 0.0 ], [ 121.162035242311276, 14.141011604138397, 0.0 ], [ 121.162231897904334, 14.141023213760382, 0.0 ], [ 121.162418524571692, 14.140994326308435, 0.0 ], [ 121.162512040343714, 14.140954621449607, 0.0 ], [ 121.162657735637509, 14.140864789497694, 0.0 ], [ 121.163083491717131, 14.140716469742429, 0.0 ], [ 121.163644262115241, 14.140518655110498, 0.0 ], [ 121.164080532918518, 14.140350202791918, 0.0 ], [ 121.164806813301993, 14.140173861079647, 0.0 ], [ 121.16535714575771, 14.139986067442582, 0.0 ], [ 121.165771653290292, 14.139948812356327, 0.0 ], [ 121.166475845917091, 14.139944082851176, 0.0 ], [ 121.166673230067786, 14.13986474776654, 0.0 ], [ 121.16713045088089, 14.139666135053329, 0.0 ], [ 121.167576911804375, 14.139517963784492, 0.0 ], [ 121.168095287561115, 14.139441076447467, 0.0 ], [ 121.168500571269007, 14.139262274108123, 0.0 ], [ 121.168968386795896, 14.139033422178379, 0.0 ], [ 121.169175801513717, 14.138994582530986, 0.0 ], [ 121.169508036293976, 14.138885957232116, 0.0 ], [ 121.169767465903817, 14.138817198080291, 0.0 ], [ 121.169932734907007, 14.13886898247277, 0.0 ], [ 121.170305821657962, 14.138831403718662, 0.0 ], [ 121.170606346878373, 14.138803376959778, 0.0 ], [ 121.17085526013021, 14.138754746694012, 0.0 ], [ 121.171083382579098, 14.138716062985628, 0.0 ], [ 121.171487937369022, 14.138628195500592, 0.0 ], [ 121.171757236408766, 14.138620139795298, 0.0 ], [ 121.172150952038919, 14.138592820165785, 0.0 ], [ 121.172762354615514, 14.138536840248337, 0.0 ], [ 121.173020492298349, 14.138629749264497, 0.0 ], [ 121.173177343053183, 14.138438944953281, 0.0 ], [ 121.173332984401682, 14.138399706999056, 0.0 ], [ 121.173383869595156, 14.138511250938603, 0.0 ], [ 121.1735073987699, 14.13860313602331, 0.0 ], [ 121.17373657037092, 14.13843309129666, 0.0 ], [ 121.173922951699012, 14.138434507945844, 0.0 ], [ 121.174150106964234, 14.138517075194446, 0.0 ], [ 121.174295958164748, 14.138407026427183, 0.0 ], [ 121.174411954104585, 14.138145174034387, 0.0 ], [ 121.174460315575288, 14.138001181460172, 0.0 ], [ 121.182090642275398, 14.137017052540925, 0.0 ], [ 121.192796063451183, 14.135683734890806, 0.0 ], [ 121.169378685478264, 14.132896844313791, 0.0 ], [ 121.16903483784634, 14.133998548305152, 0.0 ], [ 121.168691464346153, 14.135040510137932, 0.0 ], [ 121.168308463810561, 14.135053145093291, 0.0 ], [ 121.168029905502536, 14.134973252989594, 0.0 ], [ 121.167671333707332, 14.134923857463395, 0.0 ], [ 121.16721492395655, 14.135138131021996, 0.0 ], [ 121.166942226352631, 14.135322697196624, 0.0 ], [ 121.166621666466369, 14.135506896950179, 0.0 ], [ 121.166237855370824, 14.135620622748043, 0.0 ], [ 121.165974004306733, 14.135696378699217, 0.0 ], [ 121.165828092545141, 14.135986422285431, 0.0 ], [ 121.165492013962719, 14.136116064089554, 0.0 ], [ 121.165261502943721, 14.136013204690459, 0.0 ], [ 121.164959078739216, 14.13592534984044, 0.0 ], [ 121.164727444694933, 14.135962464700146, 0.0 ], [ 121.164351795612703, 14.136052917870698, 0.0 ], [ 121.163959881892808, 14.136182131785135, 0.0 ], [ 121.163511632213527, 14.13637312821003, 0.0 ], [ 121.163095974367778, 14.136478828289128, 0.0 ], [ 121.162137543209369, 14.136649426594126, 0.0 ], [ 121.161761517619283, 14.136786535114769, 0.0 ], [ 121.161441766361975, 14.136869634127986, 0.0 ], [ 121.160882402498814, 14.136989783487254, 0.0 ], [ 121.160571188696267, 14.137002955116424, 0.0 ], [ 121.160443937618965, 14.136955319334934, 0.0 ], [ 121.160237734356144, 14.136805979775, 0.0 ], [ 121.160103632740871, 14.136618307506236, 0.0 ], [ 121.159907094596704, 14.136259065475546, 0.0 ], [ 121.159711118917954, 14.135829836176061, 0.0 ], [ 121.159577705252303, 14.135556623648238, 0.0 ], [ 121.159523246071828, 14.135385114984082, 0.0 ], [ 121.159214643151984, 14.135097820078945, 0.0 ], [ 121.158683968673429, 14.134627141562385, 0.0 ], [ 121.158127676453944, 14.134366240960357, 0.0 ], [ 121.157348670257846, 14.134025864273465, 0.0 ], [ 121.156649306075167, 14.133701648214247, 0.0 ], [ 121.156331081164339, 14.13458577146069, 0.0 ], [ 121.155512826595057, 14.134190648622607, 0.0 ], [ 121.154948501132495, 14.133937457337506, 0.0 ], [ 121.153263760089445, 14.13314683108997, 0.0 ], [ 121.152907211297716, 14.133836231287216, 0.0 ], [ 121.151738817079604, 14.133219113841966, 0.0 ], [ 121.151079975491854, 14.132817426246728, 0.0 ], [ 121.14989626414247, 14.13221727691934, 0.0 ], [ 121.149484194215475, 14.131879700083976, 0.0 ], [ 121.148948115764057, 14.131514247286415, 0.0 ], [ 121.14906962633728, 14.131277962032081, 0.0 ], [ 121.14868825389928, 14.131009659063348, 0.0 ], [ 121.148331723668079, 14.130729484411393, 0.0 ], [ 121.148007631435092, 14.130517911811785, 0.0 ], [ 121.147688054749551, 14.130258125299783, 0.0 ], [ 121.147221028528179, 14.129872560372794, 0.0 ], [ 121.147041272764397, 14.12966209910542, 0.0 ], [ 121.146853205010203, 14.129459614447569, 0.0 ], [ 121.146719494912148, 14.129165073850361, 0.0 ], [ 121.146492534222475, 14.128672800188056, 0.0 ], [ 121.146229108445127, 14.128099831091527, 0.0 ], [ 121.145993477432484, 14.127659758551733, 0.0 ], [ 121.145441272287215, 14.126590017299298, 0.0 ], [ 121.145384516477947, 14.126468958795799, 0.0 ], [ 121.145018883242869, 14.125786642345084, 0.0 ], [ 121.144805978482879, 14.125596027514657, 0.0 ], [ 121.144433717320794, 14.125223252300492, 0.0 ], [ 121.143937418318274, 14.12488972586784, 0.0 ], [ 121.14367503118244, 14.124698728289426, 0.0 ], [ 121.143519926760959, 14.124500516145682, 0.0 ], [ 121.143299430214839, 14.124229428484842, 0.0 ], [ 121.143026303675413, 14.123837312763817, 0.0 ], [ 121.142924351365295, 14.123695802499093, 0.0 ], [ 121.142794837725106, 14.123393250383375, 0.0 ], [ 121.142588214108116, 14.122937318123711, 0.0 ], [ 121.142490712876295, 14.12275563374885, 0.0 ], [ 121.142357402773058, 14.122412845621188, 0.0 ], [ 121.142256202290568, 14.122178865356858, 0.0 ], [ 121.142158961508983, 14.12196501803141, 0.0 ], [ 121.141999150559656, 14.121839142119333, 0.0 ], [ 121.141857460267218, 14.122529605072444, 0.0 ], [ 121.141791985003238, 14.122975395682754, 0.0 ], [ 121.141566188175233, 14.12386624196772, 0.0 ], [ 121.14155267588896, 14.124006861339355, 0.0 ], [ 121.141056644378168, 14.123641166007083, 0.0 ], [ 121.140814402691646, 14.12401723725131, 0.0 ], [ 121.140254754499963, 14.123868165376285, 0.0 ], [ 121.140094420278203, 14.123806615637131, 0.0 ], [ 121.140274480255172, 14.123470270893742, 0.0 ], [ 121.140024046075368, 14.123331630377585, 0.0 ], [ 121.140383448493026, 14.122747390767351, 0.0 ], [ 121.139643896128575, 14.122407954885785, 0.0 ], [ 121.139614642145546, 14.122455824935949, 0.0 ], [ 121.138793338668009, 14.122027299659214, 0.0 ], [ 121.139068831693095, 14.121619321168765, 0.0 ], [ 121.137812582491406, 14.120922063630974, 0.0 ], [ 121.137048985533312, 14.120498000030434, 0.0 ], [ 121.135722879545426, 14.119772047030047, 0.0 ], [ 121.134979680676224, 14.11937628064093, 0.0 ], [ 121.134651167111045, 14.119204865235798, 0.0 ], [ 121.133843385352236, 14.118770808813993, 0.0 ], [ 121.13380597232397, 14.118659057168019, 0.0 ], [ 121.133728497830631, 14.118673862509883, 0.0 ], [ 121.13330385447577, 14.118828195858526, 0.0 ], [ 121.133112533894788, 14.118829772214935, 0.0 ], [ 121.13296840280104, 14.118813349402549, 0.0 ], [ 121.13271452400808, 14.118794545493266, 0.0 ], [ 121.132530024887458, 14.118728838062557, 0.0 ], [ 121.132285990835229, 14.118656546233431, 0.0 ], [ 121.132160551128536, 14.118655572302378, 0.0 ], [ 121.132013185110381, 14.118651367022327, 0.0 ], [ 121.131862132907088, 14.118714470183438, 0.0 ], [ 121.131720314837821, 14.118799068522264, 0.0 ], [ 121.131603709033314, 14.118868560167295, 0.0 ], [ 121.131543501024623, 14.118944610949262, 0.0 ], [ 121.13154601336538, 14.119021148876895, 0.0 ], [ 121.131545264616705, 14.119112964795963, 0.0 ], [ 121.131541616666709, 14.119175681614443, 0.0 ], [ 121.13150622254858, 14.11928559277553, 0.0 ], [ 121.131430035200907, 14.119398248081536, 0.0 ], [ 121.131316040177211, 14.119532034119549, 0.0 ], [ 121.131208455850782, 14.119649036512051, 0.0 ], [ 121.131138639767343, 14.119749498897072, 0.0 ], [ 121.131068723767427, 14.119862201865695, 0.0 ], [ 121.130954804110942, 14.119986806995772, 0.0 ], [ 121.130799966168439, 14.120129458430831, 0.0 ], [ 121.130676175310214, 14.12031060975788, 0.0 ], [ 121.130637893963382, 14.120389890746393, 0.0 ], [ 121.130548986626437, 14.120523872175625, 0.0 ], [ 121.13046946316237, 14.120660986614345, 0.0 ], [ 121.130367724016253, 14.120830066821913, 0.0 ], [ 121.130272544619785, 14.120963998449717, 0.0 ], [ 121.13019309482182, 14.121091932066182, 0.0 ], [ 121.130075513105851, 14.121280782425941, 0.0 ], [ 121.130005608539079, 14.121391955890862, 0.0 ], [ 121.12990443177101, 14.121492173052962, 0.0 ], [ 121.129736947784522, 14.121646967548356, 0.0 ], [ 121.129610532046499, 14.121765353526664, 0.0 ], [ 121.129512740255578, 14.121834989297113, 0.0 ], [ 121.129414973394603, 14.12190156509633, 0.0 ], [ 121.129370494528288, 14.121971616333237, 0.0 ], [ 121.129341845421337, 14.122023425453962, 0.0 ], [ 121.1292688664048, 14.122126922616134, 0.0 ], [ 121.129215736872766, 14.122176149962948, 0.0 ], [ 121.129131498150755, 14.122290272608934, 0.0 ], [ 121.128998181371713, 14.122413576964037, 0.0 ], [ 121.128835386017528, 14.122546217231195, 0.0 ], [ 121.128712064053687, 14.122645688486848, 0.0 ], [ 121.128549462807683, 14.122754417560046, 0.0 ], [ 121.128425985252264, 14.122873016319192, 0.0 ], [ 121.128317284967224, 14.12298216556024, 0.0 ], [ 121.128203840533772, 14.123072147119986, 0.0 ], [ 121.127938063872477, 14.123213550469456, 0.0 ], [ 121.127697178756947, 14.123307322358546, 0.0 ], [ 121.127496850712376, 14.123385269608963, 0.0 ], [ 121.12732464500796, 14.123470012289951, 0.0 ], [ 121.127196147859564, 14.123602918314218, 0.0 ], [ 121.127037780878396, 14.123792980052041, 0.0 ], [ 121.126806343642642, 14.123929865832839, 0.0 ], [ 121.126624336542875, 14.12401453158404, 0.0 ], [ 121.126530432921371, 14.124111838439658, 0.0 ], [ 121.126401778477316, 14.124263872484081, 0.0 ], [ 121.126282924648805, 14.124415981898649, 0.0 ], [ 121.126100721366257, 14.124524557187385, 0.0 ], [ 121.125874456277714, 14.124628006254568, 0.0 ], [ 121.125677865488782, 14.124698209518291, 0.0 ], [ 121.125500678635902, 14.12479247539059, 0.0 ], [ 121.125401855178467, 14.124892135592289, 0.0 ], [ 121.125278413126722, 14.125005950002132, 0.0 ], [ 121.125188585911786, 14.125203718551257, 0.0 ], [ 121.125148054387608, 14.125366003224313, 0.0 ], [ 121.12513637531822, 14.125595465646965, 0.0 ], [ 121.12507981123953, 14.125920225958783, 0.0 ], [ 121.125068562680383, 14.126097086013257, 0.0 ], [ 121.125111567460834, 14.126231327838255, 0.0 ], [ 121.125174173077212, 14.126365722495738, 0.0 ], [ 121.125290993012982, 14.126462281243215, 0.0 ], [ 121.125423100634706, 14.126487222761829, 0.0 ], [ 121.125536156423706, 14.126445062878101, 0.0 ], [ 121.125708855176143, 14.126300546864485, 0.0 ], [ 121.125866284955578, 14.126225255841213, 0.0 ], [ 121.125969305817819, 14.126211711708013, 0.0 ], [ 121.126164528345669, 14.126308881120137, 0.0 ], [ 121.126520750997102, 14.126493386630301, 0.0 ], [ 121.126847416995275, 14.126696792091769, 0.0 ], [ 121.12723249510384, 14.126948475241504, 0.0 ], [ 121.127475821201415, 14.127156012591232, 0.0 ], [ 121.127633807815627, 14.127378117953805, 0.0 ], [ 121.127725538684302, 14.127550524952875, 0.0 ], [ 121.127770371985449, 14.127762964577903, 0.0 ], [ 121.127809907834305, 14.127990512592463, 0.0 ], [ 121.127777086855161, 14.12820739677567, 0.0 ], [ 121.128203171247847, 14.128446530424545, 0.0 ], [ 121.1294168633314, 14.129026164485111, 0.0 ], [ 121.129516272411806, 14.128789359589906, 0.0 ], [ 121.129573076830695, 14.128654042986286, 0.0 ], [ 121.129629272189661, 14.128593388112197, 0.0 ], [ 121.129927584948703, 14.128724680166792, 0.0 ], [ 121.130610769586823, 14.127766104112478, 0.0 ], [ 121.130991573646881, 14.128027007649671, 0.0 ], [ 121.133943996315367, 14.12969262874069, 0.0 ], [ 121.135288610187985, 14.130442949556585, 0.0 ], [ 121.135704730641606, 14.130643028399229, 0.0 ], [ 121.135836069794777, 14.130759442477688, 0.0 ], [ 121.136016974189587, 14.130774420715371, 0.0 ], [ 121.136190750009575, 14.13080970793815, 0.0 ], [ 121.13652415703298, 14.130907324896999, 0.0 ], [ 121.136989126289293, 14.131094204156977, 0.0 ], [ 121.137232137886841, 14.131177543311908, 0.0 ], [ 121.137918571371131, 14.131529048727876, 0.0 ], [ 121.138050078817756, 14.13162509866951, 0.0 ], [ 121.138290931194305, 14.131117866632794, 0.0 ], [ 121.139018476885965, 14.131551142462587, 0.0 ], [ 121.139364145840418, 14.130997204481329, 0.0 ], [ 121.13997416521913, 14.131327749291513, 0.0 ], [ 121.140157125698806, 14.13142103677345, 0.0 ], [ 121.140853889484845, 14.131740843519399, 0.0 ], [ 121.14152281486659, 14.131919122056461, 0.0 ], [ 121.141583891622986, 14.131983599554204, 0.0 ], [ 121.1417677113173, 14.132105135114477, 0.0 ], [ 121.142001799043527, 14.132283583076877, 0.0 ], [ 121.142311692302968, 14.13249794479724, 0.0 ], [ 121.142574768775404, 14.132676616348498, 0.0 ], [ 121.142721569526984, 14.132448120383376, 0.0 ], [ 121.142873008080429, 14.132541143454077, 0.0 ], [ 121.143244587089967, 14.132745382318506, 0.0 ], [ 121.143731629708526, 14.133010569265124, 0.0 ], [ 121.143868746549842, 14.133082282540053, 0.0 ], [ 121.144095547595114, 14.13281907628259, 0.0 ], [ 121.14459999280281, 14.13317271614209, 0.0 ], [ 121.145433344260397, 14.133631343005504, 0.0 ], [ 121.145363095560612, 14.133803906680917, 0.0 ], [ 121.14578948970356, 14.133952040151513, 0.0 ], [ 121.146266396781101, 14.13412697593523, 0.0 ], [ 121.146425341929657, 14.134188258757831, 0.0 ], [ 121.146654650523473, 14.134062847916374, 0.0 ], [ 121.146792140933698, 14.134088636944757, 0.0 ], [ 121.147394656000287, 14.134414765443816, 0.0 ], [ 121.147814997841479, 14.134565102014678, 0.0 ], [ 121.148634037826383, 14.13500241184855, 0.0 ], [ 121.149153390276666, 14.135306698884612, 0.0 ], [ 121.149672601385461, 14.135628647933631, 0.0 ], [ 121.150174037447115, 14.135908064493064, 0.0 ], [ 121.150867035964325, 14.136249012237901, 0.0 ], [ 121.151542005779689, 14.136579221969244, 0.0 ], [ 121.151773167584935, 14.136672852492797, 0.0 ], [ 121.152379520133579, 14.136974268879925, 0.0 ], [ 121.153449098068506, 14.137450032566392, 0.0 ], [ 121.154299242010637, 14.13785250280838, 0.0 ], [ 121.15504224352496, 14.138153908180916, 0.0 ], [ 121.154607440921311, 14.13916495816693, 0.0 ], [ 121.156020820954453, 14.139637855957734, 0.0 ], [ 121.156998808559422, 14.139939801681864, 0.0 ], [ 121.157235258430475, 14.140004661444424, 0.0 ], [ 121.157421109591439, 14.140006086982726, 0.0 ], [ 121.157629972600404, 14.140034868766124, 0.0 ], [ 121.157759847564662, 14.140063043758744, 0.0 ], [ 121.157903371987672, 14.140127562628699, 0.0 ], [ 121.158075247490089, 14.140133410190794, 0.0 ], [ 121.158289268363163, 14.140098812668993, 0.0 ], [ 121.158447715004783, 14.140041138706446, 0.0 ], [ 121.158592331596694, 14.139969769565328, 0.0 ], [ 121.158788168738511, 14.139885202933607, 0.0 ], [ 121.158992932595737, 14.139846003206738, 0.0 ], [ 121.159164261297121, 14.139919793793231, 0.0 ], [ 121.159246946122593, 14.140038203746562, 0.0 ], [ 121.159311629556157, 14.140083998948453, 0.0 ], [ 121.159448915262274, 14.141104479002131, 0.0 ], [ 121.159491167420555, 14.141077925566929, 0.0 ], [ 121.159678594102388, 14.140963542690214, 0.0 ], [ 121.159806614296855, 14.140856977671158, 0.0 ], [ 121.159951256419021, 14.140791903573348, 0.0 ], [ 121.16009589754151, 14.140726829371008, 0.0 ], [ 121.16034239636052, 14.140645989833089, 0.0 ], [ 121.160536635815959, 14.140738477748588, 0.0 ], [ 121.160620807209952, 14.140813576554516, 0.0 ], [ 121.160788684582087, 14.141021681338559, 0.0 ], [ 121.160965704697631, 14.141147127721977, 0.0 ], [ 121.161143988479182, 14.141115401945646, 0.0 ], [ 121.16145837031678, 14.141026807795098, 0.0 ] ] ] ] } },
{ "type": "Feature", "properties": { "OBJECTID_1": 28, "BRGY": "Santa Anastacia", "AREA_HA": 382.62033485900002, "Shape_Leng": 11265.7651952, "Shape_Area": 3826203.3485900001, "pop2007": 5747, "popden": 15.0201112602, "popden2": 15 }, "geometry": { "type": "MultiPolygon", "coordinates": [ [ [ [ 121.130630715240159, 14.143763200554416, 0.0 ], [ 121.130641909821108, 14.143743330964591, 0.0 ], [ 121.130653990539741, 14.143670567865192, 0.0 ], [ 121.13069538072196, 14.143525176657048, 0.0 ], [ 121.130725697822228, 14.143329260674463, 0.0 ], [ 121.130676143193028, 14.143068272656363, 0.0 ], [ 121.130711607392897, 14.142945252953091, 0.0 ], [ 121.130781207494181, 14.142861729108283, 0.0 ], [ 121.130884897702586, 14.142823305826994, 0.0 ], [ 121.131103260466546, 14.142808191537682, 0.0 ], [ 121.131345052408292, 14.142737216539251, 0.0 ], [ 121.131466062791745, 14.142687718456814, 0.0 ], [ 121.131586798451238, 14.1426718451113, 0.0 ], [ 121.13171341403222, 14.142639203967553, 0.0 ], [ 121.131748557179861, 14.142555411767722, 0.0 ], [ 121.13174956420886, 14.1424321238167, 0.0 ], [ 121.131807312427995, 14.142393341845613, 0.0 ], [ 121.131882196857333, 14.142365903323167, 0.0 ], [ 121.131950972539116, 14.142383250787223, 0.0 ], [ 121.132053885289679, 14.142440094852869, 0.0 ], [ 121.132197270861894, 14.142463627562442, 0.0 ], [ 121.132272247744496, 14.142424979445011, 0.0 ], [ 121.13230688728774, 14.142402832032259, 0.0 ], [ 121.132404926030645, 14.142353154807841, 0.0 ], [ 121.132502598690536, 14.142348310033027, 0.0 ], [ 121.132617362812624, 14.142360410671069, 0.0 ], [ 121.132887616296813, 14.142320478788271, 0.0 ], [ 121.132991946413583, 14.142203598084578, 0.0 ], [ 121.133159858415695, 14.142036772845255, 0.0 ], [ 121.133310496680465, 14.141875417413337, 0.0 ], [ 121.133432009321297, 14.14176427418972, 0.0 ], [ 121.133541395567804, 14.141731498105045, 0.0 ], [ 121.133587018006708, 14.141771082868411, 0.0 ], [ 121.133758111401335, 14.141918125821734, 0.0 ], [ 121.13395814843183, 14.142037371649852, 0.0 ], [ 121.134135808663999, 14.142083586247471, 0.0 ], [ 121.134238721027529, 14.142140429420801, 0.0 ], [ 121.134347741722848, 14.142152484616815, 0.0 ], [ 121.134531350418357, 14.142173526706181, 0.0 ], [ 121.134623006261805, 14.142202259511112, 0.0 ], [ 121.134743741646446, 14.142186384518569, 0.0 ], [ 121.134968120758103, 14.142137687233197, 0.0 ], [ 121.135140724107586, 14.142099797058105, 0.0 ], [ 121.135347189105602, 14.14213502602499, 0.0 ], [ 121.135496227250968, 14.142169809060633, 0.0 ], [ 121.135627534259527, 14.14226610239708, 0.0 ], [ 121.135735962304736, 14.142351009699158, 0.0 ], [ 121.135843978441287, 14.142486353381285, 0.0 ], [ 121.136020908856466, 14.142622230936357, 0.0 ], [ 121.136013955982861, 14.142770692384682, 0.0 ], [ 121.136042395980198, 14.142804539204295, 0.0 ], [ 121.136178943864735, 14.142962521905574, 0.0 ], [ 121.136212624201903, 14.14305805740287, 0.0 ], [ 121.136194482984521, 14.143170003376804, 0.0 ], [ 121.136164672870152, 14.143304277408562, 0.0 ], [ 121.136163759491055, 14.143416357967709, 0.0 ], [ 121.136214737205336, 14.143503620945406, 0.0 ], [ 121.136248965616602, 14.143531908469138, 0.0 ], [ 121.136277131732427, 14.143599379263376, 0.0 ], [ 121.136276675061495, 14.143655419545325, 0.0 ], [ 121.136310401171215, 14.143745351193797, 0.0 ], [ 121.136315595817734, 14.143812643732716, 0.0 ], [ 121.136280225665416, 14.143924456915503, 0.0 ], [ 121.136291162949746, 14.143991794016344, 0.0 ], [ 121.136324797766008, 14.144092933361998, 0.0 ], [ 121.136387283801469, 14.144177483977284, 0.0 ], [ 121.136466907451549, 14.144273375962824, 0.0 ], [ 121.136563804807224, 14.144363797754149, 0.0 ], [ 121.136586274090817, 14.14442562012605, 0.0 ], [ 121.136729022479742, 14.144527606021303, 0.0 ], [ 121.136842966346762, 14.14464057769209, 0.0 ], [ 121.136929611338019, 14.144579601823798, 0.0 ], [ 121.136999118665571, 14.144507284570718, 0.0 ], [ 121.137108963394624, 14.144418466668286, 0.0 ], [ 121.137299184330757, 14.144333073761016, 0.0 ], [ 121.137356794437423, 14.144311103755763, 0.0 ], [ 121.137442982779504, 14.144306167080828, 0.0 ], [ 121.137557657157231, 14.144329474113935, 0.0 ], [ 121.137643708593018, 14.144341350729091, 0.0 ], [ 121.137838736543543, 14.144370884023465, 0.0 ], [ 121.138050902222602, 14.144411760251939, 0.0 ], [ 121.138165302085113, 14.144468691023713, 0.0 ], [ 121.138308189114639, 14.144553863612185, 0.0 ], [ 121.138434075393761, 14.144610883311584, 0.0 ], [ 121.138514612424913, 14.144594694944857, 0.0 ], [ 121.138537948034738, 14.144550040348067, 0.0 ], [ 121.138538905939825, 14.14443235579316, 0.0 ], [ 121.138556864689193, 14.144342824949312, 0.0 ], [ 121.138609280327771, 14.14425356116015, 0.0 ], [ 121.138695832619902, 14.144203793182927, 0.0 ], [ 121.138793279161646, 14.144226966116666, 0.0 ], [ 121.13886191934472, 14.144261124201163, 0.0 ], [ 121.138976364997674, 14.144312449843095, 0.0 ], [ 121.139102161091643, 14.144380676916702, 0.0 ], [ 121.139216743651218, 14.144415191791804, 0.0 ], [ 121.139325538920488, 14.14445526508508, 0.0 ], [ 121.139497686923193, 14.14447341137994, 0.0 ], [ 121.13962384706474, 14.144496806436511, 0.0 ], [ 121.13974435573364, 14.144508949231881, 0.0 ], [ 121.139870789434426, 14.144498719205595, 0.0 ], [ 121.139963085209274, 14.14444899523566, 0.0 ], [ 121.140032773964109, 14.144354259736824, 0.0 ], [ 121.140091387489491, 14.144209000530443, 0.0 ], [ 121.140115452882171, 14.14407468128042, 0.0 ], [ 121.14008190747613, 14.143962333637727, 0.0 ], [ 121.140099955794753, 14.143861594870177, 0.0 ], [ 121.140146217925491, 14.143822722728551, 0.0 ], [ 121.140204421068177, 14.143727899106391, 0.0 ], [ 121.140285366928609, 14.14366127353421, 0.0 ], [ 121.140423149703182, 14.14366794458088, 0.0 ], [ 121.140474287752809, 14.143735592886665, 0.0 ], [ 121.140525426757605, 14.143803241192083, 0.0 ], [ 121.140524606613695, 14.143904113400032, 0.0 ], [ 121.140529529119704, 14.144005030972359, 0.0 ], [ 121.140528754528475, 14.144100299317987, 0.0 ], [ 121.140568271588307, 14.144184671186567, 0.0 ], [ 121.140630440420964, 14.144308448823351, 0.0 ], [ 121.140698807603272, 14.144376230490103, 0.0 ], [ 121.140762115548057, 14.144359907052124, 0.0 ], [ 121.140819863039496, 14.144321123694242, 0.0 ], [ 121.140883626521003, 14.144248760698733, 0.0 ], [ 121.140936723682884, 14.144075435636557, 0.0 ], [ 121.140960925221265, 14.143924304650868, 0.0 ], [ 121.141065161401912, 14.143818627761091, 0.0 ], [ 121.141163063628866, 14.14378575930559, 0.0 ], [ 121.141237628969648, 14.143797545731791, 0.0 ], [ 121.141329149976016, 14.143843088649881, 0.0 ], [ 121.141391911229277, 14.143894014096869, 0.0 ], [ 121.141454535891469, 14.143961751122282, 0.0 ], [ 121.141499795037163, 14.144046167309543, 0.0 ], [ 121.141522356772782, 14.144096781652779, 0.0 ], [ 121.14155057011142, 14.14415864816058, 0.0 ], [ 121.141578692388023, 14.144231722394906, 0.0 ], [ 121.141630013996334, 14.144276954155313, 0.0 ], [ 121.141698836862147, 14.144288696024272, 0.0 ], [ 121.141767887418865, 14.144272416743425, 0.0 ], [ 121.141854485641872, 14.144217042782238, 0.0 ], [ 121.141912369530758, 14.144161447538254, 0.0 ], [ 121.14199331514456, 14.14409482044646, 0.0 ], [ 121.14212020391237, 14.144028549631646, 0.0 ], [ 121.142316189493911, 14.143940395425137, 0.0 ], [ 121.14245846664798, 14.143764463642073, 0.0 ], [ 121.142522174009343, 14.143764956355742, 0.0 ], [ 121.142605987811777, 14.14370343304669, 0.0 ], [ 121.142714188386734, 14.14365644548827, 0.0 ], [ 121.142826629618256, 14.143690792077786, 0.0 ], [ 121.142934014721988, 14.143744228524083, 0.0 ], [ 121.143071074936969, 14.143764418161323, 0.0 ], [ 121.143144621928911, 14.143760204083167, 0.0 ], [ 121.143267446432063, 14.143722894732237, 0.0 ], [ 121.143400149325984, 14.143676096269372, 0.0 ], [ 121.143517878819381, 14.143662659104209, 0.0 ], [ 121.143709272640024, 14.143630661321774, 0.0 ], [ 121.143925382280784, 14.143572551317591, 0.0 ], [ 121.143994338835086, 14.143530042569756, 0.0 ], [ 121.144053455783478, 14.143492240469762, 0.0 ], [ 121.144146566374502, 14.143492959951262, 0.0 ], [ 121.144239832182095, 14.143474550678903, 0.0 ], [ 121.144323374804117, 14.143446501738214, 0.0 ], [ 121.144382064897385, 14.143461302396362, 0.0 ], [ 121.144430526520381, 14.143528630165362, 0.0 ], [ 121.144543084440954, 14.143548629660225, 0.0 ], [ 121.144709935996062, 14.143521224159175, 0.0 ], [ 121.144778659670791, 14.143507407799637, 0.0 ], [ 121.144891256423747, 14.143522624726593, 0.0 ], [ 121.144984095561298, 14.143556818929147, 0.0 ], [ 121.145042824533647, 14.143566837026775, 0.0 ], [ 121.145116487855049, 14.143548276012634, 0.0 ], [ 121.145283727191909, 14.143473049637329, 0.0 ], [ 121.145401573846726, 14.143445265206912, 0.0 ], [ 121.145479671724246, 14.143484127198667, 0.0 ], [ 121.145572666064353, 14.143499192450294, 0.0 ], [ 121.145670910226968, 14.143471256532997, 0.0 ], [ 121.145797994554613, 14.143512887983238, 0.0 ], [ 121.145925021707868, 14.14356169299375, 0.0 ], [ 121.14599841362849, 14.14357660676338, 0.0 ], [ 121.146324021256504, 14.143311304502962, 0.0 ], [ 121.14659027822421, 14.143112498070989, 0.0 ], [ 121.146861242788972, 14.142937639359266, 0.0 ], [ 121.14709712717989, 14.142858157593809, 0.0 ], [ 121.147268220449646, 14.14291208453718, 0.0 ], [ 121.147469317421908, 14.14289211434547, 0.0 ], [ 121.147611355254824, 14.142902774340804, 0.0 ], [ 121.147812781386207, 14.142842156941491, 0.0 ], [ 121.147999583275308, 14.142771860267011, 0.0 ], [ 121.148142511622325, 14.142672531597844, 0.0 ], [ 121.148339037549803, 14.142611875032284, 0.0 ], [ 121.148500406786837, 14.142656160714804, 0.0 ], [ 121.148652555948985, 14.142628639007281, 0.0 ], [ 121.14885832038776, 14.142637398979291, 0.0 ], [ 121.14902497763471, 14.142633900618367, 0.0 ], [ 121.149088104440636, 14.142706123316936, 0.0 ], [ 121.14920505951946, 14.142788326219865, 0.0 ], [ 121.149371407353186, 14.142823085180289, 0.0 ], [ 121.149582286643366, 14.142805579916901, 0.0 ], [ 121.149822722979806, 14.142769173075662, 0.0 ], [ 121.149964644983513, 14.142794178042379, 0.0 ], [ 121.150096999243715, 14.142790414730273, 0.0 ], [ 121.150279209143591, 14.142681822683604, 0.0 ], [ 121.150505214394613, 14.142611825856168, 0.0 ], [ 121.15075552859048, 14.142565929560194, 0.0 ], [ 121.150951454783694, 14.142579393812056, 0.0 ], [ 121.151034686355828, 14.142589599068137, 0.0 ], [ 121.151152608585846, 14.14255224771896, 0.0 ], [ 121.15121658650267, 14.142519262920718, 0.0 ], [ 121.151295575233931, 14.14244813456898, 0.0 ], [ 121.151340027941245, 14.142405434910875, 0.0 ], [ 121.151423608252514, 14.142372600917261, 0.0 ], [ 121.151531767284339, 14.142330391499385, 0.0 ], [ 121.151615308900631, 14.142302339857954, 0.0 ], [ 121.151782275232222, 14.142260582848364, 0.0 ], [ 121.151944340672316, 14.142218788008776, 0.0 ], [ 121.152027882213758, 14.142190736212376, 0.0 ], [ 121.152145688237482, 14.142167729803946, 0.0 ], [ 121.152297798291428, 14.142144988119455, 0.0 ], [ 121.152424710667859, 14.142208136152583, 0.0 ], [ 121.152556349233151, 14.142292840934326, 0.0 ], [ 121.152688161698649, 14.142356026533209, 0.0 ], [ 121.1528003726918, 14.142419061325603, 0.0 ], [ 121.152902820666611, 14.142477238268617, 0.0 ], [ 121.153157031466492, 14.142555712123317, 0.0 ], [ 121.153211092544652, 14.142536997786925, 0.0 ], [ 121.153333760949181, 14.142518810914952, 0.0 ], [ 121.153549616307544, 14.142491775800762, 0.0 ], [ 121.153603754553842, 14.14246349741151, 0.0 ], [ 121.153750925331664, 14.142445498667719, 0.0 ], [ 121.153927230117745, 14.142461201041479, 0.0 ], [ 121.154230234940272, 14.142566352014716, 0.0 ], [ 121.154461293600491, 14.142477261931175, 0.0 ], [ 121.154687183047727, 14.142421607390347, 0.0 ], [ 121.154947298460414, 14.142375781896343, 0.0 ], [ 121.155212198031805, 14.142344339239934, 0.0 ], [ 121.155443372821551, 14.142240900834205, 0.0 ], [ 121.15565544621731, 14.142075143600938, 0.0 ], [ 121.155941220178505, 14.141886040096026, 0.0 ], [ 121.156074345235083, 14.141786630975945, 0.0 ], [ 121.156266352784925, 14.141678108263479, 0.0 ], [ 121.156453228992035, 14.141598241500578, 0.0 ], [ 121.156498143157847, 14.14149815508941, 0.0 ], [ 121.156509138655494, 14.141349983719367, 0.0 ], [ 121.156514579051972, 14.141283070791957, 0.0 ], [ 121.156569602157845, 14.141144802761252, 0.0 ], [ 121.156581727729247, 14.141062334880342, 0.0 ], [ 121.156677265552915, 14.140998439625237, 0.0 ], [ 121.156788066547165, 14.14092483568389, 0.0 ], [ 121.156906744061047, 14.140925746270641, 0.0 ], [ 121.156982837603138, 14.140951148442817, 0.0 ], [ 121.15709303870544, 14.14095199390588, 0.0 ], [ 121.157305163475186, 14.140928802827437, 0.0 ], [ 121.157398344147609, 14.140937790674432, 0.0 ], [ 121.157508478645269, 14.140946907619398, 0.0 ], [ 121.15772060341493, 14.14092371616819, 0.0 ], [ 121.157848091437444, 14.140883330218729, 0.0 ], [ 121.158094457721305, 14.140819037362558, 0.0 ], [ 121.158425061066751, 14.140821572047757, 0.0 ], [ 121.158492344476144, 14.140888269869349, 0.0 ], [ 121.158542341151943, 14.140996198814966, 0.0 ], [ 121.158566373934221, 14.141170110751178, 0.0 ], [ 121.158607560355833, 14.141319335808266, 0.0 ], [ 121.158700474028777, 14.141361411689504, 0.0 ], [ 121.158827829960771, 14.14133756949875, 0.0 ], [ 121.15924406975347, 14.141233213791347, 0.0 ], [ 121.159448915262274, 14.141104479002131, 0.0 ], [ 121.159311629556157, 14.140083998948453, 0.0 ], [ 121.159246946122593, 14.140038203746562, 0.0 ], [ 121.159164261297121, 14.139919793793231, 0.0 ], [ 121.158992932595737, 14.139846003206738, 0.0 ], [ 121.158788168738511, 14.139885202933607, 0.0 ], [ 121.158592331596694, 14.139969769565328, 0.0 ], [ 121.158447715004783, 14.140041138706446, 0.0 ], [ 121.158289268363163, 14.140098812668993, 0.0 ], [ 121.158075247490089, 14.140133410190794, 0.0 ], [ 121.157903371987672, 14.140127562628699, 0.0 ], [ 121.157759847564662, 14.140063043758744, 0.0 ], [ 121.157629972600404, 14.140034868766124, 0.0 ], [ 121.157421109591439, 14.140006086982726, 0.0 ], [ 121.157235258430475, 14.140004661444424, 0.0 ], [ 121.156998808559422, 14.139939801681864, 0.0 ], [ 121.156020820954453, 14.139637855957734, 0.0 ], [ 121.154607440921311, 14.13916495816693, 0.0 ], [ 121.15504224352496, 14.138153908180916, 0.0 ], [ 121.154299242010637, 14.13785250280838, 0.0 ], [ 121.153449098068506, 14.137450032566392, 0.0 ], [ 121.152379520133579, 14.136974268879925, 0.0 ], [ 121.151773167584935, 14.136672852492797, 0.0 ], [ 121.151542005779689, 14.136579221969244, 0.0 ], [ 121.150867035964325, 14.136249012237901, 0.0 ], [ 121.150174037447115, 14.135908064493064, 0.0 ], [ 121.149672601385461, 14.135628647933631, 0.0 ], [ 121.149153390276666, 14.135306698884612, 0.0 ], [ 121.148634037826383, 14.13500241184855, 0.0 ], [ 121.147814997841479, 14.134565102014678, 0.0 ], [ 121.147394656000287, 14.134414765443816, 0.0 ], [ 121.146792140933698, 14.134088636944757, 0.0 ], [ 121.146654650523473, 14.134062847916374, 0.0 ], [ 121.146425341929657, 14.134188258757831, 0.0 ], [ 121.146266396781101, 14.13412697593523, 0.0 ], [ 121.14578948970356, 14.133952040151513, 0.0 ], [ 121.145363095560612, 14.133803906680917, 0.0 ], [ 121.145433344260397, 14.133631343005504, 0.0 ], [ 121.14459999280281, 14.13317271614209, 0.0 ], [ 121.144095547595114, 14.13281907628259, 0.0 ], [ 121.143868746549842, 14.133082282540053, 0.0 ], [ 121.143731629708526, 14.133010569265124, 0.0 ], [ 121.143244587089967, 14.132745382318506, 0.0 ], [ 121.142873008080429, 14.132541143454077, 0.0 ], [ 121.142721569526984, 14.132448120383376, 0.0 ], [ 121.142574768775404, 14.132676616348498, 0.0 ], [ 121.142311692302968, 14.13249794479724, 0.0 ], [ 121.142001799043527, 14.132283583076877, 0.0 ], [ 121.1417677113173, 14.132105135114477, 0.0 ], [ 121.141583891622986, 14.131983599554204, 0.0 ], [ 121.14152281486659, 14.131919122056461, 0.0 ], [ 121.140853889484845, 14.131740843519399, 0.0 ], [ 121.140157125698806, 14.13142103677345, 0.0 ], [ 121.13997416521913, 14.131327749291513, 0.0 ], [ 121.139364145840418, 14.130997204481329, 0.0 ], [ 121.139018476885965, 14.131551142462587, 0.0 ], [ 121.138290931194305, 14.131117866632794, 0.0 ], [ 121.138050078817756, 14.13162509866951, 0.0 ], [ 121.137918571371131, 14.131529048727876, 0.0 ], [ 121.137232137886841, 14.131177543311908, 0.0 ], [ 121.136989126289293, 14.131094204156977, 0.0 ], [ 121.13652415703298, 14.130907324896999, 0.0 ], [ 121.136190750009575, 14.13080970793815, 0.0 ], [ 121.136016974189587, 14.130774420715371, 0.0 ], [ 121.135836069794777, 14.130759442477688, 0.0 ], [ 121.135704730641606, 14.130643028399229, 0.0 ], [ 121.135288610187985, 14.130442949556585, 0.0 ], [ 121.133943996315367, 14.12969262874069, 0.0 ], [ 121.130991573646881, 14.128027007649671, 0.0 ], [ 121.130610769586823, 14.127766104112478, 0.0 ], [ 121.129927584948703, 14.128724680166792, 0.0 ], [ 121.129629272189661, 14.128593388112197, 0.0 ], [ 121.129573076830695, 14.128654042986286, 0.0 ], [ 121.129516272411806, 14.128789359589906, 0.0 ], [ 121.1294168633314, 14.129026164485111, 0.0 ], [ 121.128203171247847, 14.128446530424545, 0.0 ], [ 121.127777086855161, 14.12820739677567, 0.0 ], [ 121.12767718850354, 14.128401035447546, 0.0 ], [ 121.127639111038334, 14.128627979009718, 0.0 ], [ 121.127580584729145, 14.128824464003833, 0.0 ], [ 121.127460050382538, 14.129010366525998, 0.0 ], [ 121.127303379937885, 14.129185888913275, 0.0 ], [ 121.127152130765353, 14.129331154128742, 0.0 ], [ 121.126974989583758, 14.129478741676657, 0.0 ], [ 121.126714875947513, 14.129648407411464, 0.0 ], [ 121.12638733134969, 14.129837746171608, 0.0 ], [ 121.126199696357489, 14.130002925966862, 0.0 ], [ 121.12610523812107, 14.130163782677537, 0.0 ], [ 121.125937886848831, 14.130379618484143, 0.0 ], [ 121.125812154994748, 14.130568004474764, 0.0 ], [ 121.125759462546355, 14.130683737749147, 0.0 ], [ 121.125670385028229, 14.130819387093947, 0.0 ], [ 121.125643397442133, 14.130955520560663, 0.0 ], [ 121.12568375721915, 14.13108207973052, 0.0 ], [ 121.125796391064839, 14.131229401342743, 0.0 ], [ 121.125918918678636, 14.131432347479443, 0.0 ], [ 121.125932726101595, 14.13164202028392, 0.0 ], [ 121.12595251337963, 14.131753269405905, 0.0 ], [ 121.125987947722024, 14.131849491802553, 0.0 ], [ 121.126110269098746, 14.132077684454591, 0.0 ], [ 121.126227623629362, 14.132280590174059, 0.0 ], [ 121.126277671861118, 14.132488021332906, 0.0 ], [ 121.126342849664738, 14.132743542597888, 0.0 ], [ 121.126352412739408, 14.132839563282594, 0.0 ], [ 121.126397369135589, 14.133036854385901, 0.0 ], [ 121.126499407839162, 14.133214392470716, 0.0 ], [ 121.126642344572801, 14.133452845128122, 0.0 ], [ 121.126873616900639, 14.133646539150185, 0.0 ], [ 121.127124987439103, 14.133913611785923, 0.0 ], [ 121.127221687074766, 14.134111306058427, 0.0 ], [ 121.127322983129133, 14.134379733208442, 0.0 ], [ 121.127429164894849, 14.134683546950656, 0.0 ], [ 121.12749856880292, 14.135055246095677, 0.0 ], [ 121.127528540214101, 14.13518677435089, 0.0 ], [ 121.127588855886501, 14.135404383957923, 0.0 ], [ 121.127628225702836, 14.135652129621992, 0.0 ], [ 121.127600990418117, 14.135818559762713, 0.0 ], [ 121.127546293357298, 14.136179192426175, 0.0 ], [ 121.127545053804766, 14.136330676382338, 0.0 ], [ 121.127480647367534, 14.13661296188994, 0.0 ], [ 121.127349304838248, 14.136854326976867, 0.0 ], [ 121.127212932802578, 14.137077978939818, 0.0 ], [ 121.127123935754298, 14.137203529748049, 0.0 ], [ 121.126993543129288, 14.137328757822138, 0.0 ], [ 121.126800231748746, 14.13755448977988, 0.0 ], [ 121.126591313837579, 14.137790200198204, 0.0 ], [ 121.126486172495547, 14.1379913711149, 0.0 ], [ 121.126490250668056, 14.138125221719539, 0.0 ], [ 121.126582231949456, 14.138267333028709, 0.0 ], [ 121.126570270773286, 14.138464180338845, 0.0 ], [ 121.126557689336224, 14.138736770014521, 0.0 ], [ 121.126555125751608, 14.139049835587004, 0.0 ], [ 121.126517395527387, 14.139233858293888, 0.0 ], [ 121.126469378528128, 14.139410225501075, 0.0 ], [ 121.126426577618304, 14.139581584096288, 0.0 ], [ 121.126471906825259, 14.139733430198147, 0.0 ], [ 121.126589553276062, 14.139900989880926, 0.0 ], [ 121.126742967112989, 14.140124375841857, 0.0 ], [ 121.126994757054376, 14.140340954419679, 0.0 ], [ 121.127220861080147, 14.14053460855231, 0.0 ], [ 121.127555339894784, 14.140764455816589, 0.0 ], [ 121.127718979116892, 14.141003070648818, 0.0 ], [ 121.127773583645208, 14.141286283589263, 0.0 ], [ 121.127780874128433, 14.14166002281636, 0.0 ], [ 121.127746934455885, 14.142013242670462, 0.0 ], [ 121.127666878917978, 14.142310554696042, 0.0 ], [ 121.127593154517371, 14.142466522823133, 0.0 ], [ 121.127503989825712, 14.142612271095057, 0.0 ], [ 121.127347886608717, 14.142717099643539, 0.0 ], [ 121.127171665260931, 14.142751074172129, 0.0 ], [ 121.126917660455177, 14.142804640882263, 0.0 ], [ 121.126730510219815, 14.142909225956124, 0.0 ], [ 121.126636521450493, 14.143012013328912, 0.0 ], [ 121.126589371931743, 14.14308234258371, 0.0 ], [ 121.126520904158909, 14.143228251816707, 0.0 ], [ 121.126509066200867, 14.143409951263857, 0.0 ], [ 121.126491474193003, 14.14366230192177, 0.0 ], [ 121.126458586682602, 14.143886760009954, 0.0 ], [ 121.126481769787816, 14.144215175905417, 0.0 ], [ 121.126596899645179, 14.144564002746304, 0.0 ], [ 121.126681845498098, 14.144807054710585, 0.0 ], [ 121.126826005039931, 14.144897055179811, 0.0 ], [ 121.126978244448452, 14.145011357258779, 0.0 ], [ 121.127138300968028, 14.145182277113712, 0.0 ], [ 121.127284819455767, 14.145327964256211, 0.0 ], [ 121.127442575251138, 14.145476566798273, 0.0 ], [ 121.127594861904868, 14.145645810825613, 0.0 ], [ 121.127711978227197, 14.145903979255131, 0.0 ], [ 121.127732791644732, 14.14595068032647, 0.0 ], [ 121.127795381968369, 14.146072686132536, 0.0 ], [ 121.127905428469347, 14.146223502129601, 0.0 ], [ 121.128025522057442, 14.146441618526223, 0.0 ], [ 121.128090443795855, 14.146602424343362, 0.0 ], [ 121.128168486356074, 14.146778846269887, 0.0 ], [ 121.128317173400163, 14.147064407586088, 0.0 ], [ 121.128325397008325, 14.147016964055668, 0.0 ], [ 121.128367857599443, 14.147138449557039, 0.0 ], [ 121.128477376249322, 14.147335864244409, 0.0 ], [ 121.128546332165101, 14.147397403276983, 0.0 ], [ 121.128686295589759, 14.147269712767844, 0.0 ], [ 121.128833316410351, 14.147128521745358, 0.0 ], [ 121.12893899564925, 14.146946340441403, 0.0 ], [ 121.128982443585386, 14.146729784303053, 0.0 ], [ 121.12904606205737, 14.146594720473875, 0.0 ], [ 121.129123848140011, 14.146425878020212, 0.0 ], [ 121.129153238038086, 14.146229546757603, 0.0 ], [ 121.129320484029634, 14.146163069911308, 0.0 ], [ 121.129411329420392, 14.146095997812179, 0.0 ], [ 121.129488838752934, 14.145961042917397, 0.0 ], [ 121.129497335817817, 14.145771326078567, 0.0 ], [ 121.129450214949955, 14.145587954177607, 0.0 ], [ 121.129507219729035, 14.145412171483589, 0.0 ], [ 121.129598286485958, 14.145317989259249, 0.0 ], [ 121.129807481776297, 14.145217948797189, 0.0 ], [ 121.130080681222637, 14.144935402474013, 0.0 ], [ 121.130179856912036, 14.144698946237069, 0.0 ], [ 121.130321036721199, 14.14442214886966, 0.0 ], [ 121.130391488429993, 14.144300694016867, 0.0 ], [ 121.130483274614249, 14.144118403547395, 0.0 ], [ 121.130540001109708, 14.143976508201582, 0.0 ], [ 121.130624786014678, 14.143800941311818, 0.0 ], [ 121.130630715240159, 14.143763200554416, 0.0 ] ] ] ] } },
{ "type": "Feature", "properties": { "OBJECTID_1": 30, "BRGY": "Santa Teresita", "AREA_HA": 319.03664465200001, "Shape_Leng": 17186.626606900001, "Shape_Area": 3190366.4465200002, "pop2007": 1068, "popden": 3.34757783441, "popden2": 3 }, "geometry": { "type": "MultiPolygon", "coordinates": [ [ [ [ 121.184780372710847, 14.042620666004222, 0.0 ], [ 121.184818385511022, 14.042317068625115, 0.0 ], [ 121.184847424557816, 14.042022085622007, 0.0 ], [ 121.185001470914912, 14.041684629472446, 0.0 ], [ 121.185190451063988, 14.041434259440333, 0.0 ], [ 121.185381760072119, 14.041021986077162, 0.0 ], [ 121.185874725945212, 14.040617613727942, 0.0 ], [ 121.18620679251535, 14.040290174720372, 0.0 ], [ 121.186587890502835, 14.039390065561996, 0.0 ], [ 121.186893376356153, 14.03904506146681, 0.0 ], [ 121.187171875614624, 14.038734583514639, 0.0 ], [ 121.187352852130473, 14.03836911709722, 0.0 ], [ 121.187303997850549, 14.037787031558805, 0.0 ], [ 121.187229388015439, 14.037083199840882, 0.0 ], [ 121.187376433245902, 14.036502581629579, 0.0 ], [ 121.187522181617041, 14.036086919204781, 0.0 ], [ 121.187526413436743, 14.035548643056979, 0.0 ], [ 121.187654572523414, 14.035104639590557, 0.0 ], [ 121.187516060838945, 14.034600023698669, 0.0 ], [ 121.186726439292201, 14.034229445534875, 0.0 ], [ 121.186193338921413, 14.034077847647053, 0.0 ], [ 121.185839760083184, 14.033745265907189, 0.0 ], [ 121.185886740839337, 14.033433052405531, 0.0 ], [ 121.186041665352008, 14.032982730737396, 0.0 ], [ 121.186445569085734, 14.032577687094342, 0.0 ], [ 121.187001253215399, 14.032121685741179, 0.0 ], [ 121.187341662587798, 14.031863764751021, 0.0 ], [ 121.187646144170643, 14.031645085875461, 0.0 ], [ 121.187851624617863, 14.031559801704438, 0.0 ], [ 121.188077028238922, 14.031205511101716, 0.0 ], [ 121.188186879722664, 14.030824309552917, 0.0 ], [ 121.18820843957684, 14.030346938921255, 0.0 ], [ 121.188184386940719, 14.030008145365114, 0.0 ], [ 121.188275611421702, 14.029730992040216, 0.0 ], [ 121.188447996615395, 14.029324210315645, 0.0 ], [ 121.188583232404028, 14.029112076773075, 0.0 ], [ 121.188612262885115, 14.02881709223252, 0.0 ], [ 121.18860458629851, 14.028660751589769, 0.0 ], [ 121.188785395570036, 14.028314809593818, 0.0 ], [ 121.188605526141444, 14.027942106328966, 0.0 ], [ 121.188761719775712, 14.027750457450798, 0.0 ], [ 121.188840497932418, 14.027567898710526, 0.0 ], [ 121.188888328600399, 14.027105000573989, 0.0 ], [ 121.188914569531775, 14.026577300018664, 0.0 ], [ 121.189094304886751, 14.026201575030246, 0.0 ], [ 121.189371953302057, 14.026020503920204, 0.0 ], [ 121.189849234931685, 14.025743966126946, 0.0 ], [ 121.190074935259688, 14.02514234271854, 0.0 ], [ 121.190079836560329, 14.024517520774182, 0.0 ], [ 121.189989756677903, 14.024109640168327, 0.0 ], [ 121.189881047324135, 14.023882585174244, 0.0 ], [ 121.189860724480511, 14.023656191114803, 0.0 ], [ 121.190149080316147, 14.023518293243798, 0.0 ], [ 121.190702847998651, 14.023350057557089, 0.0 ], [ 121.191322822083876, 14.02319308927418, 0.0 ], [ 121.191557031889175, 14.022914729984981, 0.0 ], [ 121.191758518417771, 14.022582259141988, 0.0 ], [ 121.192160560405298, 14.022035816653444, 0.0 ], [ 121.192340792573958, 14.021595451798433, 0.0 ], [ 121.19249960254146, 14.021068739453325, 0.0 ], [ 121.19251521985629, 14.020485502226579, 0.0 ], [ 121.192464702582669, 14.019881812836863, 0.0 ], [ 121.192369909555282, 14.019288566098414, 0.0 ], [ 121.192516740317473, 14.018880271866045, 0.0 ], [ 121.192510500337121, 14.018266138852425, 0.0 ], [ 121.192459140258109, 14.017770177768996, 0.0 ], [ 121.192685331521432, 14.017103912608457, 0.0 ], [ 121.193302867531045, 14.01671585733161, 0.0 ], [ 121.193792941666516, 14.016213160740067, 0.0 ], [ 121.194426132290786, 14.015776170931794, 0.0 ], [ 121.194884489996355, 14.015090086998763, 0.0 ], [ 121.194966963356109, 14.014433521477121, 0.0 ], [ 121.195455320734752, 14.013693123696948, 0.0 ], [ 121.195556321235131, 14.01336478611079, 0.0 ], [ 121.195807752606342, 14.012681053249251, 0.0 ], [ 121.196100829348296, 14.012066190896054, 0.0 ], [ 121.196419254609381, 14.011354859598837, 0.0 ], [ 121.196942465817415, 14.010981670690814, 0.0 ], [ 121.197373902709799, 14.010655789986039, 0.0 ], [ 121.198030209904587, 14.010345293345202, 0.0 ], [ 121.198454507501552, 14.010033069662514, 0.0 ], [ 121.198816492474279, 14.010262011556989, 0.0 ], [ 121.199133352001624, 14.010202662218557, 0.0 ], [ 121.199486805893898, 14.009958470924245, 0.0 ], [ 121.200007712342625, 14.009880068979056, 0.0 ], [ 121.200142682443442, 14.009702813416835, 0.0 ], [ 121.200243246751739, 14.009429317313264, 0.0 ], [ 121.200437238917686, 14.008895985169929, 0.0 ], [ 121.200678390359244, 14.008626633795773, 0.0 ], [ 121.200981505524311, 14.008526043396477, 0.0 ], [ 121.201031894591836, 14.008375583939442, 0.0 ], [ 121.200935975790813, 14.008052636076579, 0.0 ], [ 121.200986363819126, 14.007902176607759, 0.0 ], [ 121.201163302116754, 14.007752656592785, 0.0 ], [ 121.201200750545979, 14.007458123599298, 0.0 ], [ 121.201046721565632, 14.007263402465773, 0.0 ], [ 121.200878042390897, 14.006255827788564, 0.0 ], [ 121.200651444565281, 14.005711260640062, 0.0 ], [ 121.200479778142636, 14.005087654894529, 0.0 ], [ 121.200374662419918, 14.0046366774808, 0.0 ], [ 121.200418901015482, 14.00418680902373, 0.0 ], [ 121.200504595553568, 14.003644560427395, 0.0 ], [ 121.20058812459294, 14.003380359314137, 0.0 ], [ 121.20084981256683, 14.002905621765679, 0.0 ], [ 121.200958393831414, 14.002248348417398, 0.0 ], [ 121.200935051593248, 14.00175825530828, 0.0 ], [ 121.201058693186553, 14.001573797045763, 0.0 ], [ 121.201576499995241, 14.001339299814951, 0.0 ], [ 121.202190172868114, 14.000999582815117, 0.0 ], [ 121.203024050788898, 14.000280154530859, 0.0 ], [ 121.203448558725356, 13.999819862297493, 0.0 ], [ 121.203558310907297, 13.999675023173031, 0.0 ], [ 121.203941979967169, 13.999227667849057, 0.0 ], [ 121.204027765944645, 13.99867217671062, 0.0 ], [ 121.204073539559545, 13.998023701036095, 0.0 ], [ 121.204416370068699, 13.997589284459314, 0.0 ], [ 121.204880882846638, 13.997221973103164, 0.0 ], [ 121.204842616610648, 13.996903902622623, 0.0 ], [ 121.204792625196205, 13.996347404713335, 0.0 ], [ 121.204877378403509, 13.995924316128439, 0.0 ], [ 121.205178957840317, 13.995555797577396, 0.0 ], [ 121.205549759918995, 13.995015655057923, 0.0 ], [ 121.205932185858529, 13.994727179183164, 0.0 ], [ 121.206394122025955, 13.994690872113868, 0.0 ], [ 121.207034514566871, 13.994404301936122, 0.0 ], [ 121.207621827700734, 13.993958444225711, 0.0 ], [ 121.207790519341785, 13.99378372462874, 0.0 ], [ 121.207437594060607, 13.993459865461448, 0.0 ], [ 121.208062976221683, 13.992636982816359, 0.0 ], [ 121.207521632728572, 13.992230411608805, 0.0 ], [ 121.206647074925669, 13.993403700921689, 0.0 ], [ 121.206151447875371, 13.993014240173396, 0.0 ], [ 121.20639992858132, 13.992753289094463, 0.0 ], [ 121.205670802941512, 13.992171997614358, 0.0 ], [ 121.205284289537389, 13.991755386333722, 0.0 ], [ 121.205865909049351, 13.991403043434028, 0.0 ], [ 121.205525722983467, 13.990925269925235, 0.0 ], [ 121.205369809310682, 13.991075081672347, 0.0 ], [ 121.205032221785203, 13.990882746479514, 0.0 ], [ 121.204783347358756, 13.99045597129831, 0.0 ], [ 121.204916942681947, 13.990227718578794, 0.0 ], [ 121.204468573326082, 13.989659070903546, 0.0 ], [ 121.204111653581947, 13.989309630790288, 0.0 ], [ 121.203868149163199, 13.989429851783157, 0.0 ], [ 121.203611519365282, 13.98974386532317, 0.0 ], [ 121.203516403908367, 13.99008916112953, 0.0 ], [ 121.203568159634386, 13.990367849119831, 0.0 ], [ 121.203528537866447, 13.990510468781634, 0.0 ], [ 121.203037888760122, 13.990706160257782, 0.0 ], [ 121.202906072204684, 13.990818010297369, 0.0 ], [ 121.202851044928636, 13.990960515662971, 0.0 ], [ 121.202818190554524, 13.991223533169709, 0.0 ], [ 121.20260221645529, 13.991356858938932, 0.0 ], [ 121.202306701852422, 13.991325047265926, 0.0 ], [ 121.202044937142432, 13.991308064450294, 0.0 ], [ 121.202044668825721, 13.991308356889576, 0.0 ], [ 121.202039547310932, 13.991308024612234, 0.0 ], [ 121.201923018054629, 13.9914350301281, 0.0 ], [ 121.201928673722449, 13.991698332831499, 0.0 ], [ 121.202004645612092, 13.991834287506233, 0.0 ], [ 121.202027051136056, 13.991924714008713, 0.0 ], [ 121.201968259658003, 13.992055909069098, 0.0 ], [ 121.202028124977531, 13.992282004783391, 0.0 ], [ 121.202003556090602, 13.992469865821489, 0.0 ], [ 121.201748265131485, 13.992610886250842, 0.0 ], [ 121.201543997935403, 13.992653624737882, 0.0 ], [ 121.201476366886396, 13.992608870223037, 0.0 ], [ 121.201447019808995, 13.992420609518863, 0.0 ], [ 121.201332126453579, 13.992337018581328, 0.0 ], [ 121.201329148443264, 13.99233873346796, 0.0 ], [ 121.201326736600222, 13.992336978724577, 0.0 ], [ 121.201094611146431, 13.99247064791431, 0.0 ], [ 121.201023944101522, 13.992643124082234, 0.0 ], [ 121.201014310492752, 13.992891269576022, 0.0 ], [ 121.200981921554529, 13.993094116098039, 0.0 ], [ 121.200749912149377, 13.993212742911203, 0.0 ], [ 121.200419895070596, 13.993552533400697, 0.0 ], [ 121.200417319905469, 13.99388347009889, 0.0 ], [ 121.200323017720422, 13.994123465822051, 0.0 ], [ 121.200176886275841, 13.994212078639244, 0.0 ], [ 121.199942815099817, 13.994180818048855, 0.0 ], [ 121.199874781138988, 13.994014835244881, 0.0 ], [ 121.199814742118662, 13.993811303004255, 0.0 ], [ 121.199722604804222, 13.993773010356318, 0.0 ], [ 121.199720761935055, 13.993774444613926, 0.0 ], [ 121.19971721492216, 13.993772970459768, 0.0 ], [ 121.199554467603022, 13.993899632366608, 0.0 ], [ 121.199466812616933, 13.994275067450081, 0.0 ], [ 121.199517451018451, 13.994696660224571, 0.0 ], [ 121.199461776336548, 13.994921898539355, 0.0 ], [ 121.199221593652325, 13.995100636720464, 0.0 ], [ 121.199029794446858, 13.995188788528916, 0.0 ], [ 121.198818340513213, 13.995150294419101, 0.0 ], [ 121.19871120870765, 13.995059237562728, 0.0 ], [ 121.198706732905947, 13.995059974587628, 0.0 ], [ 121.198705818798643, 13.995059197640112, 0.0 ], [ 121.198574699885611, 13.995080788793402, 0.0 ], [ 121.198488741953028, 13.99523810662814, 0.0 ], [ 121.198379793670668, 13.995380209949412, 0.0 ], [ 121.19820534472538, 13.995525587255534, 0.0 ], [ 121.198011199594859, 13.995727232053458, 0.0 ], [ 121.197679287761929, 13.995815025729994, 0.0 ], [ 121.197516068880304, 13.99600185532092, 0.0 ], [ 121.197503381999397, 13.996641107417485, 0.0 ], [ 121.197477284040801, 13.99702452106331, 0.0 ], [ 121.197428254220256, 13.997385199167857, 0.0 ], [ 121.197560088581383, 13.99776602520283, 0.0 ], [ 121.197628356101262, 13.997901923854172, 0.0 ], [ 121.197681276904035, 13.998030186135233, 0.0 ], [ 121.197564800297684, 13.998149667849127, 0.0 ], [ 121.19735624372008, 13.998223334846122, 0.0 ], [ 121.197240000526364, 13.998312731683731, 0.0 ], [ 121.197239003475147, 13.998440593152349, 0.0 ], [ 121.197392235107813, 13.998547036244721, 0.0 ], [ 121.197460913208261, 13.998630285627263, 0.0 ], [ 121.197452038039913, 13.998780654487645, 0.0 ], [ 121.197335618629879, 13.998892614170012, 0.0 ], [ 121.197185997205978, 13.998913392752428, 0.0 ], [ 121.197064359825418, 13.998807858329764, 0.0 ], [ 121.196941352528029, 13.998776857195516, 0.0 ], [ 121.196939874945272, 13.998777803255848, 0.0 ], [ 121.196935962537637, 13.998776817223154, 0.0 ], [ 121.196866286397167, 13.998821429141698, 0.0 ], [ 121.196858448951033, 13.998865283521749, 0.0 ], [ 121.19667726141931, 13.99915225093377, 0.0 ], [ 121.196629227882994, 13.999463613266011, 0.0 ], [ 121.196608832741774, 13.999739557193772, 0.0 ], [ 121.196625615086361, 13.999926714140276, 0.0 ], [ 121.196805941122619, 14.000195243255858, 0.0 ], [ 121.196731309912863, 14.000408439146216, 0.0 ], [ 121.19649320228217, 14.000531356306265, 0.0 ], [ 121.19624597416167, 14.000654205343416, 0.0 ], [ 121.196180532025608, 14.000858562460859, 0.0 ], [ 121.196186941768175, 14.001205955403073, 0.0 ], [ 121.196448520460208, 14.001581965772534, 0.0 ], [ 121.196709960070791, 14.001975786887991, 0.0 ], [ 121.196864038219488, 14.002101621402346, 0.0 ], [ 121.196989643025972, 14.002369744409938, 0.0 ], [ 121.197024805232772, 14.002539225176957, 0.0 ], [ 121.197051402935202, 14.002637392513664, 0.0 ], [ 121.19689600420503, 14.002680767466968, 0.0 ], [ 121.19676769035182, 14.002759969565815, 0.0 ], [ 121.196665973041917, 14.002937338939908, 0.0 ], [ 121.196471867717378, 14.003265427147877, 0.0 ], [ 121.196340912110585, 14.003683048533485, 0.0 ], [ 121.196275050860805, 14.003940840146278, 0.0 ], [ 121.196123065197312, 14.004131194057081, 0.0 ], [ 121.195967109113909, 14.004245815616265, 0.0 ], [ 121.19592923604948, 14.004423658817062, 0.0 ], [ 121.195909186547112, 14.004655073288545, 0.0 ], [ 121.195826196114282, 14.004770236920068, 0.0 ], [ 121.195752396477573, 14.004876562950168, 0.0 ], [ 121.195660632229902, 14.00494713037344, 0.0 ], [ 121.19546881866323, 14.004981327111565, 0.0 ], [ 121.195359161211542, 14.005007229465885, 0.0 ], [ 121.19536723926592, 14.005140883849055, 0.0 ], [ 121.195402956842329, 14.005239118306561, 0.0 ], [ 121.195302003280972, 14.005318523119881, 0.0 ], [ 121.195146602489132, 14.005361897589061, 0.0 ], [ 121.194981594225268, 14.005467544057938, 0.0 ], [ 121.194788736515008, 14.005635326609678, 0.0 ], [ 121.194713752290298, 14.005893050449835, 0.0 ], [ 121.194720925355313, 14.006142479388258, 0.0 ], [ 121.194819583341001, 14.006356964996296, 0.0 ], [ 121.194812344197217, 14.006699802958744, 0.0 ], [ 121.194837967031432, 14.006922650494566, 0.0 ], [ 121.19475448803918, 14.007100154497891, 0.0 ], [ 121.194679991164364, 14.007295537325547, 0.0 ], [ 121.194614404955132, 14.007517705333253, 0.0 ], [ 121.194540255775678, 14.007668559891782, 0.0 ], [ 121.194547845135602, 14.007864554228611, 0.0 ], [ 121.194519508207193, 14.00798903036411, 0.0 ], [ 121.194463599867206, 14.008140020783109, 0.0 ], [ 121.19445406169757, 14.008193387368374, 0.0 ], [ 121.194464853912535, 14.008563078395108, 0.0 ], [ 121.194481286212692, 14.008794763413654, 0.0 ], [ 121.194387502130979, 14.009123597350698, 0.0 ], [ 121.194249087570512, 14.009327409545165, 0.0 ], [ 121.194093196503346, 14.009433122959729, 0.0 ], [ 121.194009855079528, 14.009592814683545, 0.0 ], [ 121.194090272221771, 14.009807164658385, 0.0 ], [ 121.194107191461583, 14.009976509664991, 0.0 ], [ 121.194088506998, 14.010055743752291, 0.0 ], [ 121.193975280437158, 14.010037869905148, 0.0 ], [ 121.193884488386729, 14.009983755465717, 0.0 ], [ 121.193883016775288, 14.009986051002045, 0.0 ], [ 121.193879098144151, 14.009983715393968, 0.0 ], [ 121.193805226072328, 14.010098946834658, 0.0 ], [ 121.193830708602647, 14.010339606153609, 0.0 ], [ 121.193866077825462, 14.010482369882403, 0.0 ], [ 121.193856260799294, 14.010571359116451, 0.0 ], [ 121.193773545503603, 14.010650898904029, 0.0 ], [ 121.193636383039717, 14.010694407922026, 0.0 ], [ 121.193394364288778, 14.010732681077819, 0.0 ], [ 121.19333838469565, 14.010892576485029, 0.0 ], [ 121.193336294832619, 14.011159748984619, 0.0 ], [ 121.193271124732604, 14.01132848178421, 0.0 ], [ 121.193024370758835, 14.011388985895758, 0.0 ], [ 121.192804631189873, 14.011494221995596, 0.0 ], [ 121.192657720209141, 14.011617813147947, 0.0 ], [ 121.192584055107261, 14.011706326820768, 0.0 ], [ 121.192546247248984, 14.011875263484125, 0.0 ], [ 121.192708125264758, 14.012170377991934, 0.0 ], [ 121.192770856936235, 14.012313345953679, 0.0 ], [ 121.192687722447204, 14.012446319714027, 0.0 ], [ 121.192504186647867, 14.012587450266187, 0.0 ], [ 121.192421819584126, 14.012622461324206, 0.0 ], [ 121.192314592410995, 14.012920020867501, 0.0 ], [ 121.192203745733366, 14.013097318308375, 0.0 ], [ 121.192110582572269, 14.013345998061499, 0.0 ], [ 121.191926697966892, 14.013531657051804, 0.0 ], [ 121.191760845354978, 14.013744169261972, 0.0 ], [ 121.19154938678065, 14.01395634082194, 0.0 ], [ 121.191456572158202, 14.01416049209732, 0.0 ], [ 121.191500643353621, 14.014356758563121, 0.0 ], [ 121.191545690161348, 14.014428345281948, 0.0 ], [ 121.191804490905213, 14.014577230310232, 0.0 ], [ 121.191693503416332, 14.01477233913111, 0.0 ], [ 121.191568475085646, 14.014840864177765, 0.0 ], [ 121.191398455519035, 14.014698886548278, 0.0 ], [ 121.191394930284062, 14.014700403900406, 0.0 ], [ 121.19139306517387, 14.014698846407981, 0.0 ], [ 121.191210015084962, 14.014777635786846, 0.0 ], [ 121.19129927338912, 14.015027677275313, 0.0 ], [ 121.19126146283881, 14.015196613508611, 0.0 ], [ 121.191022779469947, 14.015390768250004, 0.0 ], [ 121.190911860664031, 14.015576971139872, 0.0 ], [ 121.190901273538003, 14.015763923429864, 0.0 ], [ 121.190608281168679, 14.015904234441185, 0.0 ], [ 121.19047890975601, 14.016117017958324, 0.0 ], [ 121.190485239544188, 14.016473315998329, 0.0 ], [ 121.190537732952748, 14.016758707726817, 0.0 ], [ 121.190566899827104, 14.017110722515952, 0.0 ], [ 121.190510986053042, 14.01726171133744, 0.0 ], [ 121.190426661491131, 14.017546080721964, 0.0 ], [ 121.190342755549665, 14.017777016567933, 0.0 ], [ 121.190232672653366, 14.017856350151565, 0.0 ], [ 121.18996237469176, 14.018010189447406, 0.0 ], [ 121.189877699919009, 14.01833908744894, 0.0 ], [ 121.189829929466171, 14.018614823775282, 0.0 ], [ 121.189727220887164, 14.01891686810067, 0.0 ], [ 121.189652294870641, 14.01916568257788, 0.0 ], [ 121.189559895088294, 14.01931639823653, 0.0 ], [ 121.189358389183553, 14.019421766445548, 0.0 ], [ 121.189292513656412, 14.019679555266931, 0.0 ], [ 121.189300727340921, 14.019795397590121, 0.0 ], [ 121.189085503566602, 14.019905115891147, 0.0 ], [ 121.18903773069998, 14.020180851867314, 0.0 ], [ 121.188953193217429, 14.020491938394333, 0.0 ], [ 121.188869773616972, 14.020660532720884, 0.0 ], [ 121.188658376376722, 14.020863795144548, 0.0 ], [ 121.188291636182669, 14.021101518694115, 0.0 ], [ 121.187989723238317, 14.021215040961335, 0.0 ], [ 121.18777011188881, 14.021302459273739, 0.0 ], [ 121.187622842003563, 14.021470575069895, 0.0 ], [ 121.187593589636535, 14.02171082449407, 0.0 ], [ 121.187500626909667, 14.021932784147843, 0.0 ], [ 121.187413589416067, 14.021981116948501, 0.0 ], [ 121.187320277545254, 14.022247605362995, 0.0 ], [ 121.187345822915248, 14.022479359072944, 0.0 ], [ 121.187436197046338, 14.022586910587872, 0.0 ], [ 121.187508259147307, 14.022703230908256, 0.0 ], [ 121.187525173247266, 14.022872575736788, 0.0 ], [ 121.18748686833959, 14.023103851377501, 0.0 ], [ 121.187430391067636, 14.023326084090899, 0.0 ], [ 121.187387281454122, 14.02358849538439, 0.0 ], [ 121.187212574462862, 14.023765311182737, 0.0 ], [ 121.186993171195354, 14.023826012226575, 0.0 ], [ 121.186810392314328, 14.023869173730645, 0.0 ], [ 121.186545730425834, 14.023885003865262, 0.0 ], [ 121.186335168074208, 14.023981395132781, 0.0 ], [ 121.186197646477581, 14.024069426688916, 0.0 ], [ 121.186150848852037, 14.024220481316396, 0.0 ], [ 121.18643214343814, 14.024409619885498, 0.0 ], [ 121.186531359835612, 14.024552863537702, 0.0 ], [ 121.186603071969259, 14.024713712963838, 0.0 ], [ 121.186591990060748, 14.024963004104922, 0.0 ], [ 121.186526180098852, 14.025211885196379, 0.0 ], [ 121.186397498928955, 14.025335608541939, 0.0 ], [ 121.186214229602314, 14.025441109972403, 0.0 ], [ 121.185971984715593, 14.025506090757093, 0.0 ], [ 121.185861406361923, 14.025647761293452, 0.0 ], [ 121.185741496568724, 14.025816081397798, 0.0 ], [ 121.18569343753029, 14.026127438460094, 0.0 ], [ 121.18567344419948, 14.026349943931706, 0.0 ], [ 121.185773290147296, 14.026413036598345, 0.0 ], [ 121.185863665705568, 14.026520588772394, 0.0 ], [ 121.185817357397923, 14.026609303611231, 0.0 ], [ 121.185753016692814, 14.02667116458111, 0.0 ], [ 121.185843181302346, 14.026805433869015, 0.0 ], [ 121.185914682412758, 14.026993000595636, 0.0 ], [ 121.185986534697165, 14.027136038508676, 0.0 ], [ 121.185991185695528, 14.027134606425543, 0.0 ], [ 121.185991925316557, 14.027136078804327, 0.0 ], [ 121.186007090986138, 14.027131409161001, 0.0 ], [ 121.185991898750373, 14.027176460860945, 0.0 ], [ 121.185994135640101, 14.027311905718879, 0.0 ], [ 121.18599622133209, 14.027466695021106, 0.0 ], [ 121.185968787501196, 14.027595468038644, 0.0 ], [ 121.185970923861689, 14.027743809189985, 0.0 ], [ 121.185940365688054, 14.027849987579774, 0.0 ], [ 121.185906326366876, 14.027978711061404, 0.0 ], [ 121.18590886836941, 14.028075463425422, 0.0 ], [ 121.186003117787706, 14.028269638371295, 0.0 ], [ 121.186038912229677, 14.028337620278185, 0.0 ], [ 121.186006411034612, 14.028480864706252, 0.0 ], [ 121.185849750704094, 14.028663484562601, 0.0 ], [ 121.18556122034542, 14.028816095815341, 0.0 ], [ 121.185170567756515, 14.0289356954663, 0.0 ], [ 121.184865651869003, 14.029072060243825, 0.0 ], [ 121.184548276190966, 14.02932279936228, 0.0 ], [ 121.184474251643991, 14.029496364868695, 0.0 ], [ 121.184300492991113, 14.029753018147986, 0.0 ], [ 121.184120357888403, 14.029980602804489, 0.0 ], [ 121.184050207913316, 14.030291236573936, 0.0 ], [ 121.184068676910755, 14.030462271327087, 0.0 ], [ 121.184119917488019, 14.030665796436701, 0.0 ], [ 121.184188152268504, 14.030808184990278, 0.0 ], [ 121.18421059810639, 14.031103391033122, 0.0 ], [ 121.18413977376369, 14.031289878279104, 0.0 ], [ 121.184086095850262, 14.031395882734572, 0.0 ], [ 121.183955289953389, 14.031597638348591, 0.0 ], [ 121.183834305205309, 14.031757953055399, 0.0 ], [ 121.183824525702434, 14.031951346909725, 0.0 ], [ 121.18381912760664, 14.032112529257429, 0.0 ], [ 121.183711067419878, 14.032204421210704, 0.0 ], [ 121.18356185159324, 14.032279882361463, 0.0 ], [ 121.183338584257683, 14.032322542066915, 0.0 ], [ 121.183115443885995, 14.032349079867368, 0.0 ], [ 121.182941682257493, 14.032396141862453, 0.0 ], [ 121.182912467447863, 14.03243622858418, 0.0 ], [ 121.182997951437784, 14.032590032566771, 0.0 ], [ 121.182895875107064, 14.032708167080772, 0.0 ], [ 121.182849798952091, 14.03279246326986, 0.0 ], [ 121.182881299267336, 14.032986167041868, 0.0 ], [ 121.182859769572232, 14.033098861090981, 0.0 ], [ 121.182698201177004, 14.033170197933417, 0.0 ], [ 121.182594299354037, 14.033258089626367, 0.0 ], [ 121.182449592201536, 14.033285216832788, 0.0 ], [ 121.182337941655021, 14.033308561445573, 0.0 ], [ 121.182147984039602, 14.033315194940027, 0.0 ], [ 121.18199508440749, 14.03333419853279, 0.0 ], [ 121.181993959201364, 14.033340714505389, 0.0 ], [ 121.181901699004115, 14.033422016181252, 0.0 ], [ 121.181747888431389, 14.033523073777504, 0.0 ], [ 121.181553503217899, 14.033663138212981, 0.0 ], [ 121.181408241697412, 14.033701359069223, 0.0 ], [ 121.181276733314334, 14.033700370347221, 0.0 ], [ 121.181196266323781, 14.033691902345552, 0.0 ], [ 121.181075907886637, 14.033635959570258, 0.0 ], [ 121.180939256906427, 14.033603482116751, 0.0 ], [ 121.180936915163898, 14.033604166341584, 0.0 ], [ 121.180933866151108, 14.033603441690289, 0.0 ], [ 121.180828930205365, 14.033634102494393, 0.0 ], [ 121.180691287672289, 14.033727418003179, 0.0 ], [ 121.180561696454021, 14.03382079397727, 0.0 ], [ 121.180456575173508, 14.033875041091754, 0.0 ], [ 121.180351453847649, 14.03392928815426, 0.0 ], [ 121.180245649000824, 14.034070017714173, 0.0 ], [ 121.18026838075825, 14.034251027933415, 0.0 ], [ 121.18028355565626, 14.034369079686211, 0.0 ], [ 121.180394558850551, 14.034590065865535, 0.0 ], [ 121.18036866250651, 14.034810022206495, 0.0 ], [ 121.180306062628517, 14.03508867166426, 0.0 ], [ 121.180313495412705, 14.035167353244111, 0.0 ], [ 121.180400774228232, 14.035333123186403, 0.0 ], [ 121.180463770919275, 14.035514435398674, 0.0 ], [ 121.180454104277189, 14.035718788868024, 0.0 ], [ 121.180396678782031, 14.035852020309198, 0.0 ], [ 121.180306421107716, 14.036063629471423, 0.0 ], [ 121.18038602007492, 14.036182166812456, 0.0 ], [ 121.180497458393219, 14.036348118515704, 0.0 ], [ 121.180456324687654, 14.036457884632544, 0.0 ], [ 121.180286343537588, 14.036566681342485, 0.0 ], [ 121.18027137853943, 14.03693217676307, 0.0 ], [ 121.18033412622529, 14.037144937955352, 0.0 ], [ 121.180324460149677, 14.0373492904746, 0.0 ], [ 121.180178264165463, 14.037505441729012, 0.0 ], [ 121.179941747920395, 14.037881063299823, 0.0 ], [ 121.179795178821294, 14.038084386273544, 0.0 ], [ 121.179753485598326, 14.03826491157522, 0.0 ], [ 121.179767419415441, 14.038540205228722, 0.0 ], [ 121.179853767506515, 14.038823905954445, 0.0 ], [ 121.179959030236347, 14.039115140177019, 0.0 ], [ 121.179974442406504, 14.039252127993855, 0.0 ], [ 121.179981893743957, 14.039352824081627, 0.0 ], [ 121.180080055808332, 14.03945420379012, 0.0 ], [ 121.180186209705084, 14.039587848163659, 0.0 ], [ 121.180275807192345, 14.039729418821528, 0.0 ], [ 121.180329356181716, 14.039997525474755, 0.0 ], [ 121.180389424423524, 14.040223412086837, 0.0 ], [ 121.180420343702139, 14.040485310256241, 0.0 ], [ 121.180376505403146, 14.040815081308295, 0.0 ], [ 121.18033176555015, 14.040997910082309, 0.0 ], [ 121.180301028051005, 14.041235190583579, 0.0 ], [ 121.180257888622421, 14.041476403183834, 0.0 ], [ 121.180194451732277, 14.041677206627577, 0.0 ], [ 121.180133281944507, 14.041851860741488, 0.0 ], [ 121.180140351802748, 14.042000862124103, 0.0 ], [ 121.180094265198633, 14.042093104300703, 0.0 ], [ 121.179994545214086, 14.042188968181998, 0.0 ], [ 121.179861679874989, 14.0423047106583, 0.0 ], [ 121.17977540112652, 14.042311714131486, 0.0 ], [ 121.179685903387238, 14.042271182625909, 0.0 ], [ 121.179504608810547, 14.042253714846421, 0.0 ], [ 121.179504620877452, 14.042254194948089, 0.0 ], [ 121.179499217857284, 14.042253674363579, 0.0 ], [ 121.179502355039702, 14.04237849247596, 0.0 ], [ 121.179567595282222, 14.042471572777382, 0.0 ], [ 121.179630153928983, 14.042643132842452, 0.0 ], [ 121.179650293157181, 14.042703668098047, 0.0 ], [ 121.179682070172205, 14.042856880939294, 0.0 ], [ 121.179652094752299, 14.042997552451819, 0.0 ], [ 121.179593288680366, 14.043133980505791, 0.0 ], [ 121.179553211273358, 14.0432484086686, 0.0 ], [ 121.179514956818565, 14.04339304325549, 0.0 ], [ 121.179452091078986, 14.043521388868752, 0.0 ], [ 121.179372158553633, 14.043722067696233, 0.0 ], [ 121.179346305851553, 14.043862770176609, 0.0 ], [ 121.179336755524162, 14.04402774814772, 0.0 ], [ 121.179368500588609, 14.044184986224696, 0.0 ], [ 121.179460589909581, 14.044272230625721, 0.0 ], [ 121.179501154710508, 14.044357074250154, 0.0 ], [ 121.179599635522777, 14.044418200394135, 0.0 ], [ 121.179743186976793, 14.044515895875517, 0.0 ], [ 121.179882137517808, 14.044673941161134, 0.0 ], [ 121.180062321107087, 14.04483229682725, 0.0 ], [ 121.180299880518561, 14.045035366121187, 0.0 ], [ 121.180281957307372, 14.045216384781302, 0.0 ], [ 121.18020281962734, 14.045316428982447, 0.0 ], [ 121.180185850224134, 14.045376685752521, 0.0 ], [ 121.180139953580181, 14.045444775642082, 0.0 ], [ 121.180164311603249, 14.045493266285508, 0.0 ], [ 121.180155492082491, 14.045565660770853, 0.0 ], [ 121.18012177485565, 14.045657996879122, 0.0 ], [ 121.180129130708508, 14.045770769492407, 0.0 ], [ 121.180136551090911, 14.04587549077945, 0.0 ], [ 121.180145443810105, 14.046054697664855, 0.0 ], [ 121.180206498460265, 14.046155798213828, 0.0 ], [ 121.180205353687541, 14.046300712265749, 0.0 ], [ 121.180228757821055, 14.046469963868484, 0.0 ], [ 121.180249871505282, 14.04654922743153, 0.0 ], [ 121.180865634985025, 14.046232487824989, 0.0 ], [ 121.18146951513819, 14.045848138910918, 0.0 ], [ 121.181884682303973, 14.045703580925361, 0.0 ], [ 121.18229996739278, 14.045544255205025, 0.0 ], [ 121.182538698349589, 14.045363909611176, 0.0 ], [ 121.182727251326554, 14.045143805871534, 0.0 ], [ 121.183022177601998, 14.044880196167195, 0.0 ], [ 121.183625800609562, 14.044527601719896, 0.0 ], [ 121.183981155597166, 14.044284136354001, 0.0 ], [ 121.184154134098222, 14.04411806365537, 0.0 ], [ 121.184254186959208, 14.043849609884253, 0.0 ], [ 121.184273091293747, 14.043710834545051, 0.0 ], [ 121.184541806510794, 14.043513158424441, 0.0 ], [ 121.184765996781294, 14.043315147632455, 0.0 ], [ 121.184883125744818, 14.043142379005724, 0.0 ], [ 121.184867641452485, 14.042847062642885, 0.0 ], [ 121.184780372710847, 14.042620666004222, 0.0 ] ] ] ] } },
{ "type": "Feature", "properties": { "OBJECTID_1": 35, "BRGY": "Santa Clara", "AREA_HA": 591.392208149, "Shape_Leng": 15296.4395496, "Shape_Area": 5913922.0814899998, "pop2007": 1909, "popden": 3.2279762460399999, "popden2": 3 }, "geometry": { "type": "MultiPolygon", "coordinates": [ [ [ [ 121.202273989747781, 14.040641705176476, 0.0 ], [ 121.202514250762221, 14.040205310209419, 0.0 ], [ 121.203131749955688, 14.040458596841694, 0.0 ], [ 121.203161198112198, 14.040108568167279, 0.0 ], [ 121.203272422223478, 14.039084997619357, 0.0 ], [ 121.203505315468234, 14.037255844674725, 0.0 ], [ 121.203558605799344, 14.036652260551671, 0.0 ], [ 121.203786686161237, 14.034660231238066, 0.0 ], [ 121.204011097443725, 14.033138626372192, 0.0 ], [ 121.20410146597159, 14.032452418111752, 0.0 ], [ 121.204300494241323, 14.031070073194154, 0.0 ], [ 121.204391182099272, 14.030342417021288, 0.0 ], [ 121.204540429707521, 14.029893500199243, 0.0 ], [ 121.204730566813438, 14.029075098447805, 0.0 ], [ 121.204855752012307, 14.028596396153738, 0.0 ], [ 121.205110985751972, 14.028574603639557, 0.0 ], [ 121.205458507161268, 14.028399538968259, 0.0 ], [ 121.205435138340448, 14.028280938521172, 0.0 ], [ 121.20550939230597, 14.02810384797723, 0.0 ], [ 121.205700343609919, 14.027757976456527, 0.0 ], [ 121.206093133781351, 14.027227963819408, 0.0 ], [ 121.206229032996362, 14.026932901771037, 0.0 ], [ 121.206587457256987, 14.026136171343552, 0.0 ], [ 121.207350587362527, 14.024515946707218, 0.0 ], [ 121.206106557982224, 14.023820937206599, 0.0 ], [ 121.206658414757158, 14.022793082364359, 0.0 ], [ 121.206996809336331, 14.022752590812713, 0.0 ], [ 121.207924388332884, 14.020661899811596, 0.0 ], [ 121.209417928675251, 14.021403910755707, 0.0 ], [ 121.211267049456467, 14.017992091090258, 0.0 ], [ 121.212907566958364, 14.01873516647915, 0.0 ], [ 121.213755728288632, 14.019300396419256, 0.0 ], [ 121.215072129774967, 14.020141395884259, 0.0 ], [ 121.215726160244728, 14.019200263573664, 0.0 ], [ 121.216240594654323, 14.019204053813734, 0.0 ], [ 121.216624073397057, 14.019034886800679, 0.0 ], [ 121.216743098273611, 14.018849439202954, 0.0 ], [ 121.216938600663141, 14.018277573755611, 0.0 ], [ 121.217458678186034, 14.017550438141035, 0.0 ], [ 121.21769196501856, 14.017795810422806, 0.0 ], [ 121.217981168412834, 14.018414241749294, 0.0 ], [ 121.218194337917723, 14.019361764523021, 0.0 ], [ 121.218248925977903, 14.019906806670777, 0.0 ], [ 121.218628588744039, 14.02009944668646, 0.0 ], [ 121.218637804270799, 14.020104675200882, 0.0 ], [ 121.219689624902117, 14.020546414973008, 0.0 ], [ 121.220154513816354, 14.020630578695394, 0.0 ], [ 121.221382510483394, 14.021033233745685, 0.0 ], [ 121.221499715635957, 14.020651886011635, 0.0 ], [ 121.22182459128787, 14.020515466001513, 0.0 ], [ 121.222607294208345, 14.020413252782078, 0.0 ], [ 121.223382217970567, 14.020295556441601, 0.0 ], [ 121.223983511567141, 14.020161161452071, 0.0 ], [ 121.224569185768004, 14.020003515652528, 0.0 ], [ 121.224909913407686, 14.019859496155098, 0.0 ], [ 121.225323320503549, 14.019507799135289, 0.0 ], [ 121.225595339040794, 14.019054815063049, 0.0 ], [ 121.225606970703097, 14.018569077563427, 0.0 ], [ 121.225485172209531, 14.01797440179652, 0.0 ], [ 121.225206548922301, 14.017232058067263, 0.0 ], [ 121.225218685612845, 14.016680776692052, 0.0 ], [ 121.225373083994882, 14.016412053398867, 0.0 ], [ 121.225798643800545, 14.016114607052273, 0.0 ], [ 121.225846548374165, 14.015889534281566, 0.0 ], [ 121.225902148381422, 14.015664517857214, 0.0 ], [ 121.225918925062231, 14.015484301592821, 0.0 ], [ 121.225959249235274, 14.015244144747035, 0.0 ], [ 121.225969196189212, 14.014951166574233, 0.0 ], [ 121.226070390710575, 14.014801625554171, 0.0 ], [ 121.226263410962162, 14.014720384254979, 0.0 ], [ 121.226333420045293, 14.014623212632189, 0.0 ], [ 121.226303503694851, 14.014510281670661, 0.0 ], [ 121.226442251983713, 14.014481241584383, 0.0 ], [ 121.226550045068322, 14.014474516605837, 0.0 ], [ 121.228897931131741, 14.011202470769973, 0.0 ], [ 121.232036407759736, 14.006828446578913, 0.0 ], [ 121.233602040210826, 14.006033682194046, 0.0 ], [ 121.233932691341437, 14.004782031671425, 0.0 ], [ 121.232880004169488, 14.003843326977325, 0.0 ], [ 121.232188256982951, 14.003282215521347, 0.0 ], [ 121.231614932479459, 14.002817159420847, 0.0 ], [ 121.230082798573477, 14.002323187238686, 0.0 ], [ 121.228956518641354, 14.002407410245143, 0.0 ], [ 121.227785955727427, 14.002778923364287, 0.0 ], [ 121.227226695768849, 14.003000820339651, 0.0 ], [ 121.226256784726601, 14.003271071774074, 0.0 ], [ 121.225140231467975, 14.003458068529943, 0.0 ], [ 121.223355253072938, 14.003013563813623, 0.0 ], [ 121.222701236269913, 14.003245027328877, 0.0 ], [ 121.221642612932271, 14.003816710345834, 0.0 ], [ 121.220827542573289, 14.004254193345096, 0.0 ], [ 121.22047816355618, 14.004449772143085, 0.0 ], [ 121.220031140492537, 14.004776729047006, 0.0 ], [ 121.219284938547602, 14.005054309951003, 0.0 ], [ 121.21823788417845, 14.005499513986914, 0.0 ], [ 121.217599495721799, 14.005579738402675, 0.0 ], [ 121.216739740339065, 14.005545107589242, 0.0 ], [ 121.216159618823554, 14.00558801528816, 0.0 ], [ 121.215422709247548, 14.005912828801087, 0.0 ], [ 121.214818596293455, 14.006559421236592, 0.0 ], [ 121.214062356738651, 14.00688408762894, 0.0 ], [ 121.212895384677878, 14.007082135323172, 0.0 ], [ 121.211920924999291, 14.00701252017905, 0.0 ], [ 121.210863773596316, 14.007301244896004, 0.0 ], [ 121.210109928334774, 14.007639025329178, 0.0 ], [ 121.209721759524555, 14.007729798002073, 0.0 ], [ 121.209631711248221, 14.007898984897762, 0.0 ], [ 121.209550347641184, 14.008051854356539, 0.0 ], [ 121.209503721883465, 14.008139456725722, 0.0 ], [ 121.209386666002743, 14.008338831925633, 0.0 ], [ 121.209185389225695, 14.008681655143745, 0.0 ], [ 121.208727512993519, 14.008894168373898, 0.0 ], [ 121.208183332124747, 14.00898828014205, 0.0 ], [ 121.207585380716296, 14.009095077162097, 0.0 ], [ 121.20730884416713, 14.00928275938621, 0.0 ], [ 121.206991698283588, 14.009515937090466, 0.0 ], [ 121.206828603223201, 14.009782965655727, 0.0 ], [ 121.206844667119952, 14.010306472276804, 0.0 ], [ 121.206890359693517, 14.010470369006653, 0.0 ], [ 121.206652540597105, 14.010855911543976, 0.0 ], [ 121.206420678319432, 14.01133832895157, 0.0 ], [ 121.206196844719102, 14.011650703483191, 0.0 ], [ 121.205866277010514, 14.01188377979601, 0.0 ], [ 121.205395379273796, 14.012043850265947, 0.0 ], [ 121.204971749540533, 14.012165016277697, 0.0 ], [ 121.204816274996105, 14.012314337371649, 0.0 ], [ 121.204848395456096, 14.012497761530213, 0.0 ], [ 121.204730314596873, 14.013015036947404, 0.0 ], [ 121.204317556738431, 14.013463397862846, 0.0 ], [ 121.203963917657134, 14.013791896387444, 0.0 ], [ 121.203708930107638, 14.01410831367766, 0.0 ], [ 121.203379988926173, 14.014430188700866, 0.0 ], [ 121.203273373143929, 14.014675636257133, 0.0 ], [ 121.20322157910762, 14.014999565780338, 0.0 ], [ 121.20321308351663, 14.015299793584679, 0.0 ], [ 121.203260953123291, 14.015480323206567, 0.0 ], [ 121.202940643196257, 14.015484246218733, 0.0 ], [ 121.202737400567045, 14.015482738098614, 0.0 ], [ 121.202589120087396, 14.015541695852153, 0.0 ], [ 121.202440045639079, 14.015702745820153, 0.0 ], [ 121.202202875048087, 14.016103375173833, 0.0 ], [ 121.201985116818591, 14.016384032066602, 0.0 ], [ 121.201871081490935, 14.016524609538182, 0.0 ], [ 121.201924734958652, 14.016753228037169, 0.0 ], [ 121.201837013335762, 14.016944763416165, 0.0 ], [ 121.201657142436162, 14.017105584051572, 0.0 ], [ 121.201476708929306, 14.0173384707943, 0.0 ], [ 121.201327117771925, 14.017565580723105, 0.0 ], [ 121.201085609165901, 14.017731949624263, 0.0 ], [ 121.20088819708424, 14.017772523069674, 0.0 ], [ 121.200684812242471, 14.017789029999779, 0.0 ], [ 121.20048791501776, 14.01776354404269, 0.0 ], [ 121.200364923126202, 14.017738606273589, 0.0 ], [ 121.200111659463715, 14.01783281724629, 0.0 ], [ 121.199956854089152, 14.017876182075785, 0.0 ], [ 121.199807413137506, 14.018053411542043, 0.0 ], [ 121.19977817343532, 14.018452336956793, 0.0 ], [ 121.199723601926536, 14.018749164854031, 0.0 ], [ 121.199624425909661, 14.019181539333646, 0.0 ], [ 121.199393290456712, 14.019782780682995, 0.0 ], [ 121.199293383454773, 14.020308566510364, 0.0 ], [ 121.199177383603342, 14.02066438430543, 0.0 ], [ 121.199172639052108, 14.020879891258691, 0.0 ], [ 121.19910576155992, 14.021086225275344, 0.0 ], [ 121.199071608933821, 14.021280870800325, 0.0 ], [ 121.198984925725341, 14.021411483977415, 0.0 ], [ 121.198947438618006, 14.021510644131544, 0.0 ], [ 121.198921971883905, 14.02163773507352, 0.0 ], [ 121.198970019684424, 14.021753441935083, 0.0 ], [ 121.198998199966866, 14.021801381839323, 0.0 ], [ 121.199136895278983, 14.02234397509306, 0.0 ], [ 121.199260072011128, 14.022840423556257, 0.0 ], [ 121.199321420262876, 14.02311961630358, 0.0 ], [ 121.199383491729606, 14.023305902591503, 0.0 ], [ 121.199254835882513, 14.023511417299565, 0.0 ], [ 121.199177423957067, 14.023934108898445, 0.0 ], [ 121.199047076443534, 14.024356405673716, 0.0 ], [ 121.19899035321545, 14.02484119255036, 0.0 ], [ 121.19904629088667, 14.025206814654485, 0.0 ], [ 121.19886856704521, 14.025559496431459, 0.0 ], [ 121.198652179001897, 14.025822322497646, 0.0 ], [ 121.198308114290043, 14.026238366968725, 0.0 ], [ 121.198231790438754, 14.026489440150705, 0.0 ], [ 121.198207555332814, 14.026792081997248, 0.0 ], [ 121.198055723224158, 14.027189931983495, 0.0 ], [ 121.197798732024239, 14.02761026414562, 0.0 ], [ 121.197406176686314, 14.028025321157612, 0.0 ], [ 121.196969222232468, 14.028605938592522, 0.0 ], [ 121.196603642254516, 14.028927362272942, 0.0 ], [ 121.196483408732504, 14.029199433177306, 0.0 ], [ 121.196424044709801, 14.029518873549677, 0.0 ], [ 121.1963123159926, 14.02992897067379, 0.0 ], [ 121.196033891111355, 14.030297648647093, 0.0 ], [ 121.195855158636917, 14.030602589435992, 0.0 ], [ 121.195753404761433, 14.030929598061251, 0.0 ], [ 121.195668748296697, 14.031184456970003, 0.0 ], [ 121.195624033144171, 14.03126472184872, 0.0 ], [ 121.195600329813615, 14.031326533443385, 0.0 ], [ 121.195552327600325, 14.031570158558006, 0.0 ], [ 121.195389435047218, 14.031799636445514, 0.0 ], [ 121.195277825070633, 14.032089560017429, 0.0 ], [ 121.195274563737115, 14.032506284853001, 0.0 ], [ 121.195282227211493, 14.032797097203407, 0.0 ], [ 121.195248369907034, 14.03288048240311, 0.0 ], [ 121.195311653078278, 14.032904029199999, 0.0 ], [ 121.197540743856734, 14.033856946074899, 0.0 ], [ 121.197421232298012, 14.034083508477654, 0.0 ], [ 121.197254027191534, 14.034496757897294, 0.0 ], [ 121.198729975507732, 14.035141338194366, 0.0 ], [ 121.199204515991212, 14.034256667889894, 0.0 ], [ 121.199846009582828, 14.03454566758835, 0.0 ], [ 121.199542617587582, 14.035289500911102, 0.0 ], [ 121.200396429802893, 14.035609687215564, 0.0 ], [ 121.200382506386362, 14.035837552917192, 0.0 ], [ 121.20034412749429, 14.03608596515487, 0.0 ], [ 121.200256751666402, 14.036387304068896, 0.0 ], [ 121.200115366619556, 14.036605342347093, 0.0 ], [ 121.200027757203372, 14.036936286741, 0.0 ], [ 121.200026139055367, 14.037143522659857, 0.0 ], [ 121.199964810175899, 14.037220043199305, 0.0 ], [ 121.199872838498834, 14.037331864659759, 0.0 ], [ 121.199713326435756, 14.037537925253407, 0.0 ], [ 121.199767427880545, 14.037609384201227, 0.0 ], [ 121.199869511649226, 14.037757880829259, 0.0 ], [ 121.199838361111688, 14.037858311647943, 0.0 ], [ 121.199849952203579, 14.037929454153746, 0.0 ], [ 121.199872579517361, 14.038142791261331, 0.0 ], [ 121.199804529424711, 14.038302161218352, 0.0 ], [ 121.199597034653564, 14.038430887484422, 0.0 ], [ 121.199504969758209, 14.038554550427095, 0.0 ], [ 121.199571123941865, 14.038637938859022, 0.0 ], [ 121.199618181770674, 14.038833694696576, 0.0 ], [ 121.199645169238238, 14.039266154550397, 0.0 ], [ 121.20064262026753, 14.03985979351377, 0.0 ], [ 121.20059719792998, 14.03993643340843, 0.0 ], [ 121.201044929255815, 14.040152933537085, 0.0 ], [ 121.202273989747781, 14.040641705176476, 0.0 ] ] ] ] } },
{ "type": "Feature", "properties": { "OBJECTID_1": 36, "BRGY": "Santa Cruz", "AREA_HA": 864.82301900599998, "Shape_Leng": 16896.8816998, "Shape_Area": 8648230.1900600009, "pop2007": 1909, "popden": 2.2073880528699998, "popden2": 2 }, "geometry": { "type": "MultiPolygon", "coordinates": [ [ [ [ 121.233932691341437, 14.004782031671425, 0.0 ], [ 121.235650262419639, 14.002107265452661, 0.0 ], [ 121.236415974162284, 14.001055921835016, 0.0 ], [ 121.239387404239508, 13.998249199653106, 0.0 ], [ 121.239787297128061, 13.998275060789679, 0.0 ], [ 121.240376595908401, 13.998153068069575, 0.0 ], [ 121.240684625720093, 13.997879805445978, 0.0 ], [ 121.241112247459753, 13.997354867066081, 0.0 ], [ 121.241326319044134, 13.997057962272613, 0.0 ], [ 121.241036689484176, 13.996458947571336, 0.0 ], [ 121.240416988433523, 13.995937889741947, 0.0 ], [ 121.240089967532171, 13.995614102547085, 0.0 ], [ 121.240189779515788, 13.994868682557144, 0.0 ], [ 121.240356518370334, 13.994605873008796, 0.0 ], [ 121.240381971603881, 13.994353517635371, 0.0 ], [ 121.240535902013107, 13.994228364337783, 0.0 ], [ 121.240514203291838, 13.993987145294492, 0.0 ], [ 121.240573907222782, 13.993872786801964, 0.0 ], [ 121.240703687800362, 13.993827810842253, 0.0 ], [ 121.240776210290946, 13.993575796770537, 0.0 ], [ 121.240883942298836, 13.993335516456145, 0.0 ], [ 121.240856633584954, 13.99228426479513, 0.0 ], [ 121.240793382435385, 13.989770851824945, 0.0 ], [ 121.240404062102783, 13.988356096240517, 0.0 ], [ 121.239858639586529, 13.986221465309074, 0.0 ], [ 121.239533935569114, 13.985180571501779, 0.0 ], [ 121.239295056791192, 13.984099801153068, 0.0 ], [ 121.23908824568899, 13.983443989995605, 0.0 ], [ 121.238172680623748, 13.983150366701219, 0.0 ], [ 121.237469431432231, 13.982789408767852, 0.0 ], [ 121.237259654287087, 13.982523866132693, 0.0 ], [ 121.236544642946171, 13.982162819543936, 0.0 ], [ 121.236218869708196, 13.981678329829908, 0.0 ], [ 121.235855264905098, 13.981526458089245, 0.0 ], [ 121.235149836954278, 13.981452456118435, 0.0 ], [ 121.234278458492128, 13.981537952785864, 0.0 ], [ 121.233819063644148, 13.981603484707705, 0.0 ], [ 121.232587509398471, 13.981089017172197, 0.0 ], [ 121.231881208245596, 13.981129790825673, 0.0 ], [ 121.231579375965325, 13.981177440014353, 0.0 ], [ 121.231137158741234, 13.980787775642249, 0.0 ], [ 121.230034554280323, 13.980834938017999, 0.0 ], [ 121.228708818105218, 13.980494074167918, 0.0 ], [ 121.227325296412502, 13.980318378351608, 0.0 ], [ 121.225942624656255, 13.980032284482812, 0.0 ], [ 121.225266478320748, 13.979751348262146, 0.0 ], [ 121.22450406918621, 13.979662974742453, 0.0 ], [ 121.223174115195661, 13.979874040000098, 0.0 ], [ 121.222635252044185, 13.980118489588909, 0.0 ], [ 121.221391138371885, 13.980192175344811, 0.0 ], [ 121.220658264543218, 13.979938410746364, 0.0 ], [ 121.21955672917268, 13.979847536830807, 0.0 ], [ 121.218904820132778, 13.980091148583346, 0.0 ], [ 121.218814517093449, 13.980808067757568, 0.0 ], [ 121.218274373728931, 13.981218093564769, 0.0 ], [ 121.21776100227045, 13.981821509128972, 0.0 ], [ 121.217476266801683, 13.982095411360074, 0.0 ], [ 121.216606822451595, 13.982802240336456, 0.0 ], [ 121.215870625582255, 13.983142740087729, 0.0 ], [ 121.214865184358203, 13.983511383649837, 0.0 ], [ 121.213901536749162, 13.9838630838782, 0.0 ], [ 121.213799786888444, 13.983911831819322, 0.0 ], [ 121.213532130104596, 13.983848764709768, 0.0 ], [ 121.213357138012597, 13.983828472299027, 0.0 ], [ 121.213182049082732, 13.983820848559068, 0.0 ], [ 121.212993643515489, 13.98385746900893, 0.0 ], [ 121.212876689312168, 13.983881946850728, 0.0 ], [ 121.212786512485877, 13.983798931939395, 0.0 ], [ 121.212689849040615, 13.983715869232418, 0.0 ], [ 121.212605571994985, 13.983708913830377, 0.0 ], [ 121.21251387874689, 13.983822263150776, 0.0 ], [ 121.212460273828171, 13.984043581919956, 0.0 ], [ 121.212361408679712, 13.984245563034374, 0.0 ], [ 121.212282394897215, 13.984397013218878, 0.0 ], [ 121.212249277264661, 13.984485454862799, 0.0 ], [ 121.212098616831753, 13.984674384765915, 0.0 ], [ 121.21192181351114, 13.984888461826667, 0.0 ], [ 121.21157621015773, 13.985120297241789, 0.0 ], [ 121.211493728342148, 13.985183742722251, 0.0 ], [ 121.21149210179766, 13.9851799591695, 0.0 ], [ 121.211150820422745, 13.985485836244999, 0.0 ], [ 121.210356642526037, 13.986013061739007, 0.0 ], [ 121.209576554298266, 13.986373673939621, 0.0 ], [ 121.209157428689295, 13.986362060989256, 0.0 ], [ 121.208562980965581, 13.986434352530846, 0.0 ], [ 121.207756360463051, 13.986837363124391, 0.0 ], [ 121.207193475541914, 13.987344414957754, 0.0 ], [ 121.207267781125523, 13.987898771862746, 0.0 ], [ 121.206862338013522, 13.988222193055133, 0.0 ], [ 121.206338114942952, 13.988278492308824, 0.0 ], [ 121.205384254347919, 13.98811348193548, 0.0 ], [ 121.204831381160261, 13.987891261954699, 0.0 ], [ 121.204530758018834, 13.987919124113144, 0.0 ], [ 121.2044220506084, 13.988031146266493, 0.0 ], [ 121.204366324614469, 13.988263907570094, 0.0 ], [ 121.204457935495213, 13.988369889829741, 0.0 ], [ 121.204563841359629, 13.988618891910315, 0.0 ], [ 121.204580616487746, 13.988938690525782, 0.0 ], [ 121.204509603093911, 13.989156294980786, 0.0 ], [ 121.204123318577402, 13.989303871370057, 0.0 ], [ 121.204111653581947, 13.989309630790288, 0.0 ], [ 121.204468573326082, 13.989659070903546, 0.0 ], [ 121.204916942681947, 13.990227718578794, 0.0 ], [ 121.204783347358756, 13.99045597129831, 0.0 ], [ 121.205032221785203, 13.990882746479514, 0.0 ], [ 121.205369809310682, 13.991075081672347, 0.0 ], [ 121.205525722983467, 13.990925269925235, 0.0 ], [ 121.205865909049351, 13.991403043434028, 0.0 ], [ 121.205284289537389, 13.991755386333722, 0.0 ], [ 121.205670802941512, 13.992171997614358, 0.0 ], [ 121.20639992858132, 13.992753289094463, 0.0 ], [ 121.206151447875371, 13.993014240173396, 0.0 ], [ 121.206647074925669, 13.993403700921689, 0.0 ], [ 121.207521632728572, 13.992230411608805, 0.0 ], [ 121.208062976221683, 13.992636982816359, 0.0 ], [ 121.207437594060607, 13.993459865461448, 0.0 ], [ 121.207790519341785, 13.99378372462874, 0.0 ], [ 121.207621827700734, 13.993958444225711, 0.0 ], [ 121.207034514566871, 13.994404301936122, 0.0 ], [ 121.206394122025955, 13.994690872113868, 0.0 ], [ 121.205932185858529, 13.994727179183164, 0.0 ], [ 121.205549759918995, 13.995015655057923, 0.0 ], [ 121.205178957840317, 13.995555797577396, 0.0 ], [ 121.204877378403509, 13.995924316128439, 0.0 ], [ 121.204792625196205, 13.996347404713335, 0.0 ], [ 121.204842616610648, 13.996903902622623, 0.0 ], [ 121.204880882846638, 13.997221973103164, 0.0 ], [ 121.204416370068699, 13.997589284459314, 0.0 ], [ 121.204073539559545, 13.998023701036095, 0.0 ], [ 121.204027765944645, 13.99867217671062, 0.0 ], [ 121.203941979967169, 13.999227667849057, 0.0 ], [ 121.203558310907297, 13.999675023173031, 0.0 ], [ 121.203448558725356, 13.999819862297493, 0.0 ], [ 121.203024050788898, 14.000280154530859, 0.0 ], [ 121.202190172868114, 14.000999582815117, 0.0 ], [ 121.201576499995241, 14.001339299814951, 0.0 ], [ 121.201058693186553, 14.001573797045763, 0.0 ], [ 121.200935051593248, 14.00175825530828, 0.0 ], [ 121.200958393831414, 14.002248348417398, 0.0 ], [ 121.20084981256683, 14.002905621765679, 0.0 ], [ 121.20058812459294, 14.003380359314137, 0.0 ], [ 121.200504595553568, 14.003644560427395, 0.0 ], [ 121.200418901015482, 14.00418680902373, 0.0 ], [ 121.200374662419918, 14.0046366774808, 0.0 ], [ 121.200479778142636, 14.005087654894529, 0.0 ], [ 121.200651444565281, 14.005711260640062, 0.0 ], [ 121.200878042390897, 14.006255827788564, 0.0 ], [ 121.201046721565632, 14.007263402465773, 0.0 ], [ 121.201200750545979, 14.007458123599298, 0.0 ], [ 121.201318092648862, 14.007219735428212, 0.0 ], [ 121.20157957750817, 14.006771479071595, 0.0 ], [ 121.201988360703695, 14.006589136563065, 0.0 ], [ 121.20271283509156, 14.005972178935389, 0.0 ], [ 121.203200554389511, 14.005451448660095, 0.0 ], [ 121.203784508017321, 14.005442536716501, 0.0 ], [ 121.204467005834132, 14.004984154763957, 0.0 ], [ 121.204770965335243, 14.004311109629118, 0.0 ], [ 121.204980253904054, 14.003589034917812, 0.0 ], [ 121.205037856293117, 14.003165745696524, 0.0 ], [ 121.20530087297179, 14.002518878355263, 0.0 ], [ 121.205850150391839, 14.001728476866216, 0.0 ], [ 121.206683014707991, 14.001138788624093, 0.0 ], [ 121.207744842361208, 14.000789794984165, 0.0 ], [ 121.208671100366274, 14.000412647213725, 0.0 ], [ 121.209256376128607, 14.000231595360759, 0.0 ], [ 121.209572559897211, 13.999730767036278, 0.0 ], [ 121.210021749885129, 13.999588430978923, 0.0 ], [ 121.210580687384166, 13.999301251164006, 0.0 ], [ 121.211329812471931, 13.999002232348733, 0.0 ], [ 121.212336091332006, 13.998811036242849, 0.0 ], [ 121.213069691004705, 13.998763479372693, 0.0 ], [ 121.213722030181813, 13.99868883838923, 0.0 ], [ 121.214715343647924, 13.998418089552864, 0.0 ], [ 121.215290303411606, 13.997813227961794, 0.0 ], [ 121.21535639661613, 13.997755240189672, 0.0 ], [ 121.215449322360527, 13.997755924107071, 0.0 ], [ 121.215623643972208, 13.997745876011367, 0.0 ], [ 121.215763163769239, 13.997729905767152, 0.0 ], [ 121.215868182240357, 13.997668353155166, 0.0 ], [ 121.215973249916459, 13.997601136719558, 0.0 ], [ 121.216095474770228, 13.99756804120028, 0.0 ], [ 121.21614717246436, 13.997642077866333, 0.0 ], [ 121.216133986985881, 13.997845951145946, 0.0 ], [ 121.216069049804119, 13.997981453284412, 0.0 ], [ 121.216229827487297, 13.998221045805698, 0.0 ], [ 121.215603015117523, 13.998913331703163, 0.0 ], [ 121.217223302386301, 14.000443693086405, 0.0 ], [ 121.217228848956225, 14.000477728630486, 0.0 ], [ 121.216936402207722, 14.000741870890812, 0.0 ], [ 121.216556921896554, 14.001161522513161, 0.0 ], [ 121.21622979675729, 14.001402744837293, 0.0 ], [ 121.215809443028348, 14.001682942969051, 0.0 ], [ 121.215330919552983, 14.001974045686252, 0.0 ], [ 121.214847685737098, 14.002123463319556, 0.0 ], [ 121.214620825729668, 14.002167119145632, 0.0 ], [ 121.214289907674541, 14.002147685650616, 0.0 ], [ 121.214149637383116, 14.002307629367685, 0.0 ], [ 121.213912544380804, 14.002517909925977, 0.0 ], [ 121.213509503842957, 14.003106852201046, 0.0 ], [ 121.213090122077134, 14.003465976479166, 0.0 ], [ 121.212841783234623, 14.003958876429783, 0.0 ], [ 121.212457666829252, 14.004441938175185, 0.0 ], [ 121.212092893270125, 14.00476612527684, 0.0 ], [ 121.210915829927671, 14.005897089974249, 0.0 ], [ 121.210358340017976, 14.006546724860202, 0.0 ], [ 121.209990822485139, 14.007224268069029, 0.0 ], [ 121.209721759524555, 14.007729798002073, 0.0 ], [ 121.210109928334774, 14.007639025329178, 0.0 ], [ 121.210863773596316, 14.007301244896004, 0.0 ], [ 121.211920924999291, 14.00701252017905, 0.0 ], [ 121.212895384677878, 14.007082135323172, 0.0 ], [ 121.214062356738651, 14.00688408762894, 0.0 ], [ 121.214818596293455, 14.006559421236592, 0.0 ], [ 121.215422709247548, 14.005912828801087, 0.0 ], [ 121.216159618823554, 14.00558801528816, 0.0 ], [ 121.216739740339065, 14.005545107589242, 0.0 ], [ 121.217599495721799, 14.005579738402675, 0.0 ], [ 121.21823788417845, 14.005499513986914, 0.0 ], [ 121.219284938547602, 14.005054309951003, 0.0 ], [ 121.220031140492537, 14.004776729047006, 0.0 ], [ 121.22047816355618, 14.004449772143085, 0.0 ], [ 121.220827542573289, 14.004254193345096, 0.0 ], [ 121.221642612932271, 14.003816710345834, 0.0 ], [ 121.222701236269913, 14.003245027328877, 0.0 ], [ 121.223355253072938, 14.003013563813623, 0.0 ], [ 121.225140231467975, 14.003458068529943, 0.0 ], [ 121.226256784726601, 14.003271071774074, 0.0 ], [ 121.227226695768849, 14.003000820339651, 0.0 ], [ 121.227785955727427, 14.002778923364287, 0.0 ], [ 121.228956518641354, 14.002407410245143, 0.0 ], [ 121.230082798573477, 14.002323187238686, 0.0 ], [ 121.231614932479459, 14.002817159420847, 0.0 ], [ 121.232188256982951, 14.003282215521347, 0.0 ], [ 121.232880004169488, 14.003843326977325, 0.0 ], [ 121.233932691341437, 14.004782031671425, 0.0 ] ] ] ] } }
]
}
